{
	"credit": "Made with Blockbench",
	"ambientocclusion": false,
	"texture_size": [64, 64],
	"textures": {
		"0": "tron_reloaded:item/drill/head_side_wire",
		"1": "tron_reloaded:item/drill/head_front_wire",
		"2": "tron_reloaded:item/drill/body_side_wire",
		"particle": "tron_reloaded:item/drill/head_side_wire"
	},
	"elements": [
		{
			"name": "DrillSegment",
			"from": [4, 4, 4],
			"to": [12, 12, 8],
			"rotation": {"angle": 0, "axis": "x", "origin": [8, 8, 4]},
			"faces": {
				"north": {"uv": [0, 0, 16, 16], "rotation": 180, "texture": "#1"},
				"east": {"uv": [0, 0, 16, 16], "rotation": 270, "texture": "#0"},
				"south": {"uv": [0, 0, 16, 16], "texture": "#1"},
				"west": {"uv": [0, 0, 16, 16], "rotation": 90, "texture": "#0"},
				"up": {"uv": [0, 0, 16, 16], "rotation": 180, "texture": "#0"},
				"down": {"uv": [0, 0, 16, 16], "texture": "#0"}
			}
		},
		{
			"name": "DrillSegment",
			"from": [4, 4, 4],
			"to": [12, 12, 8],
			"rotation": {"angle": 22.5, "axis": "z", "origin": [8, 8, 4]},
			"faces": {
				"north": {"uv": [0, 0, 16, 16], "rotation": 180, "texture": "#1"},
				"east": {"uv": [0, 0, 16, 16], "rotation": 270, "texture": "#0"},
				"south": {"uv": [0, 0, 16, 16], "texture": "#1"},
				"west": {"uv": [0, 0, 16, 16], "rotation": 90, "texture": "#0"},
				"up": {"uv": [0, 0, 16, 16], "rotation": 180, "texture": "#0"},
				"down": {"uv": [0, 0, 16, 16], "texture": "#0"}
			}
		},
		{
			"name": "DrillSegment",
			"from": [4, 4, 4],
			"to": [12, 12, 8],
			"rotation": {"angle": 45, "axis": "z", "origin": [8, 8, 4]},
			"faces": {
				"north": {"uv": [0, 0, 16, 16], "rotation": 180, "texture": "#1"},
				"east": {"uv": [0, 0, 16, 16], "rotation": 270, "texture": "#0"},
				"south": {"uv": [0, 0, 16, 16], "texture": "#1"},
				"west": {"uv": [0, 0, 16, 16], "rotation": 90, "texture": "#0"},
				"up": {"uv": [0, 0, 16, 16], "rotation": 180, "texture": "#0"},
				"down": {"uv": [0, 0, 16, 16], "texture": "#0"}
			}
		},
		{
			"name": "DrillSegment",
			"from": [4, 4, 4],
			"to": [12, 12, 8],
			"rotation": {"angle": -22.5, "axis": "z", "origin": [8, 8, 4]},
			"faces": {
				"north": {"uv": [0, 0, 16, 16], "rotation": 180, "texture": "#1"},
				"east": {"uv": [0, 0, 16, 16], "rotation": 270, "texture": "#0"},
				"south": {"uv": [0, 0, 16, 16], "texture": "#1"},
				"west": {"uv": [0, 0, 16, 16], "rotation": 90, "texture": "#0"},
				"up": {"uv": [0, 0, 16, 16], "rotation": 180, "texture": "#0"},
				"down": {"uv": [0, 0, 16, 16], "texture": "#0"}
			}
		},
		{
			"name": "DrillSegment",
			"from": [5, 5, 0],
			"to": [11, 11, 4],
			"rotation": {"angle": 0, "axis": "y", "origin": [8, 8, 2]},
			"faces": {
				"north": {"uv": [0, 0, 16, 16], "rotation": 180, "texture": "#1"},
				"east": {"uv": [0, 0, 16, 16], "rotation": 270, "texture": "#0"},
				"south": {"uv": [0, 0, 16, 16], "texture": "#1"},
				"west": {"uv": [0, 0, 16, 16], "rotation": 90, "texture": "#0"},
				"up": {"uv": [0, 0, 16, 16], "rotation": 180, "texture": "#0"},
				"down": {"uv": [0, 0, 16, 16], "texture": "#0"}
			}
		},
		{
			"name": "DrillSegment",
			"from": [5, 5, 0],
			"to": [11, 11, 4],
			"rotation": {"angle": 22.5, "axis": "z", "origin": [8, 8, 2]},
			"faces": {
				"north": {"uv": [0, 0, 16, 16], "rotation": 180, "texture": "#1"},
				"east": {"uv": [0, 0, 16, 16], "rotation": 270, "texture": "#0"},
				"south": {"uv": [0, 0, 16, 16], "texture": "#1"},
				"west": {"uv": [0, 0, 16, 16], "rotation": 90, "texture": "#0"},
				"up": {"uv": [0, 0, 16, 16], "rotation": 180, "texture": "#0"},
				"down": {"uv": [0, 0, 16, 16], "texture": "#0"}
			}
		},
		{
			"name": "DrillSegment",
			"from": [5, 5, 0],
			"to": [11, 11, 4],
			"rotation": {"angle": -45, "axis": "z", "origin": [8, 8, 2]},
			"faces": {
				"north": {"uv": [0, 0, 16, 16], "rotation": 180, "texture": "#1"},
				"east": {"uv": [0, 0, 16, 16], "rotation": 270, "texture": "#0"},
				"south": {"uv": [0, 0, 16, 16], "texture": "#1"},
				"west": {"uv": [0, 0, 16, 16], "rotation": 90, "texture": "#0"},
				"up": {"uv": [0, 0, 16, 16], "rotation": 180, "texture": "#0"},
				"down": {"uv": [0, 0, 16, 16], "texture": "#0"}
			}
		},
		{
			"name": "DrillSegment",
			"from": [5, 5, 0],
			"to": [11, 11, 4],
			"rotation": {"angle": -22.5, "axis": "z", "origin": [8, 8, 2]},
			"faces": {
				"north": {"uv": [0, 0, 16, 16], "rotation": 180, "texture": "#1"},
				"east": {"uv": [0, 0, 16, 16], "rotation": 270, "texture": "#0"},
				"south": {"uv": [0, 0, 16, 16], "texture": "#1"},
				"west": {"uv": [0, 0, 16, 16], "rotation": 90, "texture": "#0"},
				"up": {"uv": [0, 0, 16, 16], "rotation": 180, "texture": "#0"},
				"down": {"uv": [0, 0, 16, 16], "texture": "#0"}
			}
		},
		{
			"name": "DrillSegment",
			"from": [6, 6, -4],
			"to": [10, 10, 0],
			"rotation": {"angle": 0, "axis": "y", "origin": [8, 8, -2]},
			"faces": {
				"north": {"uv": [0, 0, 16, 16], "rotation": 180, "texture": "#1"},
				"east": {"uv": [0, 0, 16, 16], "rotation": 270, "texture": "#0"},
				"south": {"uv": [0, 0, 16, 16], "texture": "#1"},
				"west": {"uv": [0, 0, 16, 16], "rotation": 90, "texture": "#0"},
				"up": {"uv": [0, 0, 16, 16], "rotation": 180, "texture": "#0"},
				"down": {"uv": [0, 0, 16, 16], "texture": "#0"}
			}
		},
		{
			"name": "DrillSegment",
			"from": [6, 6, -4],
			"to": [10, 10, 0],
			"rotation": {"angle": 22.5, "axis": "z", "origin": [8, 8, -2]},
			"faces": {
				"north": {"uv": [0, 0, 16, 16], "rotation": 180, "texture": "#1"},
				"east": {"uv": [0, 0, 16, 16], "rotation": 270, "texture": "#0"},
				"south": {"uv": [0, 0, 16, 16], "texture": "#1"},
				"west": {"uv": [0, 0, 16, 16], "rotation": 90, "texture": "#0"},
				"up": {"uv": [0, 0, 16, 16], "rotation": 180, "texture": "#0"},
				"down": {"uv": [0, 0, 16, 16], "texture": "#0"}
			}
		},
		{
			"name": "DrillSegment",
			"from": [6, 6, -4],
			"to": [10, 10, 0],
			"rotation": {"angle": 45, "axis": "z", "origin": [8, 8, -2]},
			"faces": {
				"north": {"uv": [0, 0, 16, 16], "rotation": 180, "texture": "#1"},
				"east": {"uv": [0, 0, 16, 16], "rotation": 270, "texture": "#0"},
				"south": {"uv": [0, 0, 16, 16], "texture": "#1"},
				"west": {"uv": [0, 0, 16, 16], "rotation": 90, "texture": "#0"},
				"up": {"uv": [0, 0, 16, 16], "rotation": 180, "texture": "#0"},
				"down": {"uv": [0, 0, 16, 16], "texture": "#0"}
			}
		},
		{
			"name": "DrillSegment",
			"from": [6, 6, -4],
			"to": [10, 10, 0],
			"rotation": {"angle": -22.5, "axis": "z", "origin": [8, 8, -2]},
			"faces": {
				"north": {"uv": [0, 0, 16, 16], "rotation": 180, "texture": "#1"},
				"east": {"uv": [0, 0, 16, 16], "rotation": 270, "texture": "#0"},
				"south": {"uv": [0, 0, 16, 16], "texture": "#1"},
				"west": {"uv": [0, 0, 16, 16], "rotation": 90, "texture": "#0"},
				"up": {"uv": [0, 0, 16, 16], "rotation": 180, "texture": "#0"},
				"down": {"uv": [0, 0, 16, 16], "texture": "#0"}
			}
		},
		{
			"name": "DrillSegment",
			"from": [7, 7, -8],
			"to": [9, 9, -4],
			"rotation": {"angle": 0, "axis": "y", "origin": [8, 8, -7]},
			"faces": {
				"north": {"uv": [0, 0, 16, 16], "rotation": 180, "texture": "#1"},
				"east": {"uv": [0, 0, 16, 16], "rotation": 270, "texture": "#0"},
				"south": {"uv": [0, 0, 16, 16], "texture": "#1"},
				"west": {"uv": [0, 0, 16, 16], "rotation": 90, "texture": "#0"},
				"up": {"uv": [0, 0, 16, 16], "rotation": 180, "texture": "#0"},
				"down": {"uv": [0, 0, 16, 16], "texture": "#0"}
			}
		},
		{
			"name": "DrillSegment",
			"from": [7, 7, -8],
			"to": [9, 9, -4],
			"rotation": {"angle": 22.5, "axis": "z", "origin": [8, 8, -7]},
			"faces": {
				"north": {"uv": [0, 0, 16, 16], "rotation": 180, "texture": "#1"},
				"east": {"uv": [0, 0, 16, 16], "rotation": 270, "texture": "#0"},
				"south": {"uv": [0, 0, 16, 16], "texture": "#1"},
				"west": {"uv": [0, 0, 16, 16], "rotation": 90, "texture": "#0"},
				"up": {"uv": [0, 0, 16, 16], "rotation": 180, "texture": "#0"},
				"down": {"uv": [0, 0, 16, 16], "texture": "#0"}
			}
		},
		{
			"name": "DrillSegment",
			"from": [7, 7, -8],
			"to": [9, 9, -4],
			"rotation": {"angle": 45, "axis": "z", "origin": [8, 8, -7]},
			"faces": {
				"north": {"uv": [0, 0, 16, 16], "rotation": 180, "texture": "#1"},
				"east": {"uv": [0, 0, 16, 16], "rotation": 270, "texture": "#0"},
				"south": {"uv": [0, 0, 16, 16], "texture": "#1"},
				"west": {"uv": [0, 0, 16, 16], "rotation": 90, "texture": "#0"},
				"up": {"uv": [0, 0, 16, 16], "rotation": 180, "texture": "#0"},
				"down": {"uv": [0, 0, 16, 16], "texture": "#0"}
			}
		},
		{
			"name": "DrillSegment",
			"from": [7, 7, -8],
			"to": [9, 9, -4],
			"rotation": {"angle": -22.5, "axis": "z", "origin": [8, 8, -7]},
			"faces": {
				"north": {"uv": [0, 0, 16, 16], "rotation": 180, "texture": "#1"},
				"east": {"uv": [0, 0, 16, 16], "rotation": 270, "texture": "#0"},
				"south": {"uv": [0, 0, 16, 16], "texture": "#1"},
				"west": {"uv": [0, 0, 16, 16], "rotation": 90, "texture": "#0"},
				"up": {"uv": [0, 0, 16, 16], "rotation": 180, "texture": "#0"},
				"down": {"uv": [0, 0, 16, 16], "texture": "#0"}
			}
		},
		{
			"name": "BaseSegment",
			"from": [6.34315, 4, 8],
			"to": [9.65685, 12, 17],
			"rotation": {"angle": 0, "axis": "z", "origin": [8, 8, 15]},
			"faces": {
				"north": {"uv": [0, 0, 16, 16], "texture": "#2"},
				"east": {"uv": [0, 0, 16, 16], "texture": "#2"},
				"south": {"uv": [0, 0, 16, 16], "texture": "#2"},
				"west": {"uv": [0, 0, 16, 16], "texture": "#2"},
				"up": {"uv": [0, 0, 16, 16], "texture": "#2"},
				"down": {"uv": [0, 0, 16, 16], "texture": "#2"}
			}
		},
		{
			"name": "BaseSegment",
			"from": [6.34315, 4, 8],
			"to": [9.65685, 12, 17],
			"rotation": {"angle": -45, "axis": "z", "origin": [8, 8, 15]},
			"faces": {
				"north": {"uv": [0, 0, 16, 16], "texture": "#2"},
				"east": {"uv": [0, 0, 16, 16], "texture": "#2"},
				"south": {"uv": [0, 0, 16, 16], "texture": "#2"},
				"west": {"uv": [0, 0, 16, 16], "texture": "#2"},
				"up": {"uv": [0, 0, 16, 16], "texture": "#2"},
				"down": {"uv": [0, 0, 16, 16], "texture": "#2"}
			}
		},
		{
			"name": "BaseSegment",
			"from": [4, 6.34315, 8],
			"to": [12, 9.65685, 17],
			"rotation": {"angle": 0, "axis": "z", "origin": [8, 8, 15]},
			"faces": {
				"north": {"uv": [0, 0, 16, 16], "texture": "#2"},
				"east": {"uv": [0, 0, 16, 16], "rotation": 90, "texture": "#2"},
				"south": {"uv": [0, 0, 16, 16], "texture": "#2"},
				"west": {"uv": [0, 0, 16, 16], "rotation": 90, "texture": "#2"},
				"up": {"uv": [0, 0, 16, 16], "texture": "#2"},
				"down": {"uv": [0, 0, 16, 16], "texture": "#2"}
			}
		},
		{
			"name": "BaseSegment",
			"from": [4, 6.34315, 8],
			"to": [12, 9.65685, 17],
			"rotation": {"angle": -45, "axis": "z", "origin": [8, 8, 15]},
			"faces": {
				"north": {"uv": [0, 0, 16, 16], "texture": "#2"},
				"east": {"uv": [15.75, 0, 16, 16], "rotation": 90, "texture": "#2"},
				"south": {"uv": [0, 0, 16, 16], "texture": "#2"},
				"west": {"uv": [0, 0, 16, 16], "rotation": 270, "texture": "#2"},
				"up": {"uv": [0, 0, 16, 16], "texture": "#2"},
				"down": {"uv": [0, 0, 16, 16], "texture": "#2"}
			}
		},
		{
			"name": "SimpleIndicator",
			"from": [7.25, 12, 11],
			"to": [8.75, 12.25, 13.5],
			"rotation": {"angle": 0, "axis": "y", "origin": [8, 12, 12.25]},
			"faces": {
				"north": {"uv": [0, 0, 16, 16], "texture": "#0"},
				"east": {"uv": [0, 0, 16, 16], "texture": "#0"},
				"south": {"uv": [0, 0, 15.875, 15.8125], "texture": "#0"},
				"west": {"uv": [0, 0, 15.875, 15.8125], "texture": "#0"},
				"up": {"uv": [0, 0, 15.875, 15.875], "rotation": 90, "texture": "#1"},
				"down": {"uv": [0, 0, 0.375, 0.625], "texture": "#2"}
			}
		},
		{
			"name": "CircuitLine",
			"from": [9, 11, 9],
			"to": [12.5, 11.25, 9.25],
			"rotation": {"angle": -45, "axis": "z", "origin": [10.75, 11, 9]},
			"faces": {
				"north": {"uv": [0, 0, 16, 16], "texture": "#0"},
				"east": {"uv": [0, 0, 16, 16], "texture": "#0"},
				"south": {"uv": [0, 0, 15.875, 15.8125], "texture": "#0"},
				"west": {"uv": [0, 0, 15.875, 15.8125], "texture": "#0"},
				"up": {"uv": [0, 0, 15.875, 15.875], "rotation": 90, "texture": "#1"},
				"down": {"uv": [0, 0, 0.375, 0.625], "texture": "#2"}
			}
		},
		{
			"name": "CircuitLine",
			"from": [6.25, 12, 9],
			"to": [9.75, 12.25, 9.25],
			"rotation": {"angle": 0, "axis": "y", "origin": [8, 12, 9]},
			"faces": {
				"north": {"uv": [0, 0, 16, 16], "texture": "#0"},
				"east": {"uv": [0, 0, 16, 16], "texture": "#0"},
				"south": {"uv": [0, 0, 15.875, 15.8125], "texture": "#0"},
				"west": {"uv": [0, 0, 15.875, 15.8125], "texture": "#0"},
				"up": {"uv": [0, 0, 15.875, 15.875], "rotation": 90, "texture": "#1"},
				"down": {"uv": [0, 0, 0.375, 0.625], "texture": "#2"}
			}
		},
		{
			"name": "CircuitLine",
			"from": [3.5, 10.875, 9],
			"to": [7, 11.125, 9.25],
			"rotation": {"angle": 45, "axis": "z", "origin": [5.25, 10.75, 9]},
			"faces": {
				"north": {"uv": [0, 0, 16, 16], "texture": "#0"},
				"east": {"uv": [0, 0, 16, 16], "texture": "#0"},
				"south": {"uv": [0, 0, 15.875, 15.8125], "texture": "#0"},
				"west": {"uv": [0, 0, 15.875, 15.8125], "texture": "#0"},
				"up": {"uv": [0, 0, 15.875, 15.875], "rotation": 90, "texture": "#1"},
				"down": {"uv": [0, 0, 0.375, 0.625], "texture": "#2"}
			}
		},
		{
			"name": "CircuitLine",
			"from": [3.75, 5, 10.25],
			"to": [4, 10.25, 10.5],
			"rotation": {"angle": -45, "axis": "x", "origin": [4, 8.5, 10.25]},
			"faces": {
				"north": {"uv": [0, 0, 16, 16], "rotation": 90, "texture": "#0"},
				"east": {"uv": [0, 0, 0.375, 0.625], "rotation": 270, "texture": "#2"},
				"south": {"uv": [0, 0, 15.875, 15.8125], "rotation": 270, "texture": "#0"},
				"west": {"uv": [0, 0, 15.875, 15.875], "texture": "#1"},
				"up": {"uv": [0, 0, 16, 16], "rotation": 270, "texture": "#0"},
				"down": {"uv": [0, 0, 15.875, 15.8125], "rotation": 270, "texture": "#0"}
			}
		},
		{
			"name": "CircuitLine",
			"from": [12, 5.5, 11.5],
			"to": [12.25, 11, 11.75],
			"rotation": {"angle": -45, "axis": "x", "origin": [12, 7.5, 11.5]},
			"faces": {
				"north": {"uv": [0, 0, 16, 16], "rotation": 270, "texture": "#0"},
				"east": {"uv": [0, 0, 15.875, 15.875], "rotation": 180, "texture": "#1"},
				"south": {"uv": [0, 0, 15.875, 15.8125], "rotation": 90, "texture": "#0"},
				"west": {"uv": [0, 0, 0.375, 0.625], "rotation": 90, "texture": "#2"},
				"up": {"uv": [0, 0, 15.875, 15.8125], "rotation": 90, "texture": "#0"},
				"down": {"uv": [0, 0, 16, 16], "rotation": 90, "texture": "#0"}
			}
		},
		{
			"name": "CircuitLine",
			"from": [5.25, 3.25, 12.75],
			"to": [5.5, 7.25, 13],
			"rotation": {"angle": 45, "axis": "z", "origin": [5.5, 5, 12.75]},
			"faces": {
				"north": {"uv": [0, 0, 16, 16], "rotation": 90, "texture": "#0"},
				"east": {"uv": [0, 0, 0.375, 0.625], "rotation": 270, "texture": "#2"},
				"south": {"uv": [0, 0, 15.875, 15.8125], "rotation": 270, "texture": "#0"},
				"west": {"uv": [0, 0, 15.875, 15.875], "texture": "#1"},
				"up": {"uv": [0, 0, 16, 16], "rotation": 270, "texture": "#0"},
				"down": {"uv": [0, 0, 15.875, 15.8125], "rotation": 270, "texture": "#0"}
			}
		},
		{
			"name": "CircuitLine",
			"from": [9, 5.25, 12.75],
			"to": [12.5, 5.5, 13],
			"rotation": {"angle": 45, "axis": "z", "origin": [11.25, 5.5, 12.75]},
			"faces": {
				"north": {"uv": [0, 0, 16, 16], "rotation": 180, "texture": "#0"},
				"east": {"uv": [0, 0, 15.875, 15.8125], "rotation": 180, "texture": "#0"},
				"south": {"uv": [0, 0, 15.875, 15.8125], "rotation": 180, "texture": "#0"},
				"west": {"uv": [0, 0, 16, 16], "rotation": 180, "texture": "#0"},
				"up": {"uv": [0, 0, 0.375, 0.625], "rotation": 180, "texture": "#2"},
				"down": {"uv": [0, 0, 15.875, 15.875], "rotation": 270, "texture": "#1"}
			}
		},
		{
			"name": "CircuitLine",
			"from": [6.5, 3.75, 12.75],
			"to": [7.5, 4, 13],
			"rotation": {"angle": 0, "axis": "z", "origin": [7, 4, 12.75]},
			"faces": {
				"north": {"uv": [0, 0, 16, 16], "rotation": 180, "texture": "#0"},
				"east": {"uv": [0, 0, 15.875, 15.8125], "rotation": 180, "texture": "#0"},
				"south": {"uv": [0, 0, 15.875, 15.8125], "rotation": 180, "texture": "#0"},
				"west": {"uv": [0, 0, 16, 16], "rotation": 180, "texture": "#0"},
				"up": {"uv": [0, 0, 0.375, 0.625], "rotation": 180, "texture": "#2"},
				"down": {"uv": [0, 0, 15.875, 15.875], "rotation": 270, "texture": "#1"}
			}
		},
		{
			"name": "CircuitLine",
			"from": [8.75, 3.75, 12.75],
			"to": [9.75, 4, 13],
			"rotation": {"angle": 0, "axis": "z", "origin": [9.25, 4, 12.75]},
			"faces": {
				"north": {"uv": [0, 0, 16, 16], "rotation": 180, "texture": "#0"},
				"east": {"uv": [0, 0, 15.875, 15.8125], "rotation": 180, "texture": "#0"},
				"south": {"uv": [0, 0, 15.875, 15.8125], "rotation": 180, "texture": "#0"},
				"west": {"uv": [0, 0, 16, 16], "rotation": 180, "texture": "#0"},
				"up": {"uv": [0, 0, 0.375, 0.625], "rotation": 180, "texture": "#2"},
				"down": {"uv": [0, 0, 15.875, 15.875], "rotation": 270, "texture": "#1"}
			}
		},
		{
			"name": "HandleBase",
			"from": [7.25, 0, 12.25],
			"to": [8.75, 4, 14],
			"faces": {
				"north": {"uv": [0, 0, 16, 16], "texture": "#2"},
				"east": {"uv": [0, 0, 16, 16], "texture": "#2"},
				"south": {"uv": [0, 0, 16, 16], "texture": "#2"},
				"west": {"uv": [0, 0, 16, 16], "texture": "#2"},
				"up": {"uv": [0, 0, 16, 16], "texture": "#2"},
				"down": {"uv": [0, 0, 16, 16], "texture": "#2"}
			}
		},
		{
			"name": "HandleSignal",
			"from": [7.75, 2.25, 12],
			"to": [8.25, 4.25, 12.75],
			"rotation": {"angle": -22.5, "axis": "x", "origin": [8, 3.25, 12.25]},
			"faces": {
				"north": {"uv": [0, 0, 16, 16], "rotation": 90, "texture": "#0"},
				"east": {"uv": [0, 0, 16, 16], "rotation": 90, "texture": "#0"},
				"south": {"uv": [8, 0, 12, 8], "texture": "#2"},
				"west": {"uv": [0, 0, 16, 16], "rotation": 90, "texture": "#0"},
				"up": {"uv": [0, 0, 16, 16], "texture": "#2"},
				"down": {"uv": [0, 0, 4, 4], "texture": "#2"}
			}
		}
	],
	"display": {
		"thirdperson_righthand": {
			"translation": [0, 2.25, -0.5],
			"scale": [0.5, 0.5, 0.5]
		},
		"thirdperson_lefthand": {
			"translation": [0, 2.25, -0.5],
			"scale": [0.5, 0.5, 0.5]
		},
		"firstperson_righthand": {
			"rotation": [28, 0, 0],
			"translation": [0, 2.25, 0],
			"scale": [0.75, 0.75, 0.75]
		},
		"firstperson_lefthand": {
			"rotation": [28, 0, 0],
			"translation": [0, 2.25, 0],
			"scale": [0.75, 0.75, 0.75]
		},
		"ground": {
			"scale": [0.5, 0.5, 0.5]
		},
		"gui": {
			"rotation": [90, 45, 0],
			"translation": [1.5, -1, 0],
			"scale": [0.75, 0.75, 0.75]
		},
		"fixed": {
			"rotation": [90, 0, 0],
			"translation": [0, -2.25, -1.75],
			"scale": [0.75, 0.75, 0.75]
		}
	},
	"groups": [
		{
			"name": "DrillSegments",
			"origin": [0, 0, 0],
			"children": [0, 1, 2, 3]
		},
		{
			"name": "DrillSegments",
			"origin": [0, 0, 0],
			"children": [4, 5, 6, 7]
		},
		{
			"name": "DrillSegments",
			"origin": [0, 0, 4],
			"children": [8, 9, 10, 11]
		},
		{
			"name": "DrillSegments",
			"origin": [0, 0, 4],
			"children": [12, 13, 14, 15]
		},
		{
			"name": "Base",
			"origin": [8, 8, 8],
			"children": [16, 17, 18, 19, 20, 21, 22, 23, 24, 25, 26, 27, 28, 29]
		},
		{
			"name": "Handle",
			"origin": [8, 8, 8],
			"children": [30, 31]
		}
	]
}
