{"parent":"item/handheld","textures":{"layer0":"item/diamond_sword"},"overrides":[{"predicate":{"custom_model_data":1},"model":"tron_reloaded:item/identity_disc/blue"},{"predicate":{"custom_model_data":2},"model":"tron_reloaded:item/identity_disc/green"},{"predicate":{"custom_model_data":3},"model":"tron_reloaded:item/identity_disc/orange"},{"predicate":{"custom_model_data":4},"model":"tron_reloaded:item/identity_disc/yellow"},{"predicate":{"custom_model_data":5},"model":"tron_reloaded:item/identity_disc/purple"},{"predicate":{"custom_model_data":6},"model":"tron_reloaded:item/identity_disc/red"},{"predicate":{"custom_model_data":7},"model":"tron_reloaded:item/identity_disc/white"},{"predicate":{"custom_model_data":8},"model":"tron_reloaded:item/identity_disc/pink"},{"predicate":{"custom_model_data":9},"model":"minecraft:item/diamond_sword"}]}