{
"parent": "item/generated",
"textures": {
"layer0": "item/feather"
},

"overrides": [
{"predicate": {"custom_model_data":4}, "model": "item/jets/gen4/jet"},
{"predicate": {"custom_model_data":24}, "model": "item/jets/gen4/variants/blackguard/jet"},
{"predicate": {"custom_model_data":34}, "model": "item/jets/gen4/variants/green/jet"},
{"predicate": {"custom_model_data":41}, "model": "item/animate/jets/gen4/rez1"},
{"predicate": {"custom_model_data":42}, "model": "item/animate/jets/gen4/rez2"},
{"predicate": {"custom_model_data":43}, "model": "item/animate/jets/gen4/rez3"},
{"predicate": {"custom_model_data":44}, "model": "item/animate/jets/gen4/rez4"},
{"predicate": {"custom_model_data":45}, "model": "item/animate/jets/gen4/rez5"},
{"predicate": {"custom_model_data":46}, "model": "item/animate/jets/gen4/rez6"},
{"predicate": {"custom_model_data":47}, "model": "item/animate/jets/gen4/rez9"},
{"predicate": {"custom_model_data":48}, "model": "item/animate/jets/gen4/rez8"},
{"predicate": {"custom_model_data":49}, "model": "item/animate/jets/gen4/rez9"},
{"predicate": {"custom_model_data":241}, "model": "item/animate/jets/gen4/variants/blackguard/rez1"},
{"predicate": {"custom_model_data":242}, "model": "item/animate/jets/gen4/variants/blackguard/rez2"},
{"predicate": {"custom_model_data":243}, "model": "item/animate/jets/gen4/variants/blackguard/rez3"},
{"predicate": {"custom_model_data":244}, "model": "item/animate/jets/gen4/variants/blackguard/rez4"},
{"predicate": {"custom_model_data":245}, "model": "item/animate/jets/gen4/variants/blackguard/rez5"},
{"predicate": {"custom_model_data":246}, "model": "item/animate/jets/gen4/variants/blackguard/rez6"},
{"predicate": {"custom_model_data":247}, "model": "item/animate/jets/gen4/variants/blackguard/rez9"},
{"predicate": {"custom_model_data":248}, "model": "item/animate/jets/gen4/variants/blackguard/rez8"},
{"predicate": {"custom_model_data":249}, "model": "item/animate/jets/gen4/variants/blackguard/rez9"},
{"predicate": {"custom_model_data":341}, "model": "item/animate/jets/gen4/variants/green/rez1"},
{"predicate": {"custom_model_data":342}, "model": "item/animate/jets/gen4/variants/green/rez2"},
{"predicate": {"custom_model_data":343}, "model": "item/animate/jets/gen4/variants/green/rez3"},
{"predicate": {"custom_model_data":344}, "model": "item/animate/jets/gen4/variants/green/rez4"},
{"predicate": {"custom_model_data":345}, "model": "item/animate/jets/gen4/variants/green/rez5"},
{"predicate": {"custom_model_data":346}, "model": "item/animate/jets/gen4/variants/green/rez6"},
{"predicate": {"custom_model_data":347}, "model": "item/animate/jets/gen4/variants/green/rez9"},
{"predicate": {"custom_model_data":348}, "model": "item/animate/jets/gen4/variants/green/rez8"},
{"predicate": {"custom_model_data":349}, "model": "item/animate/jets/gen4/variants/green/rez9"},
{"predicate": {"custom_model_data":410}, "model": "item/animate/jets/gen4/rez8"},
{"predicate": {"custom_model_data":411}, "model": "item/animate/jets/gen4/rez11"},
{"predicate": {"custom_model_data":412}, "model": "item/animate/jets/gen4/rez12"},
{"predicate": {"custom_model_data":413}, "model": "item/animate/jets/gen4/rez13"},
{"predicate": {"custom_model_data":414}, "model": "item/animate/jets/gen4/rez14"},
{"predicate": {"custom_model_data":415}, "model": "item/animate/jets/gen4/rez15"},
{"predicate": {"custom_model_data":416}, "model": "item/animate/jets/gen4/rez16"},
{"predicate": {"custom_model_data":417}, "model": "item/animate/jets/gen4/rez17"},
{"predicate": {"custom_model_data":418}, "model": "item/animate/jets/gen4/rez18"},
{"predicate": {"custom_model_data":419}, "model": "item/animate/jets/gen4/rez19"},
{"predicate": {"custom_model_data":420}, "model": "item/animate/jets/gen4/rez20"},
{"predicate": {"custom_model_data":2410}, "model": "item/animate/jets/gen4/variants/blackguard/rez8"},
{"predicate": {"custom_model_data":2411}, "model": "item/animate/jets/gen4/variants/blackguard/rez11"},
{"predicate": {"custom_model_data":2412}, "model": "item/animate/jets/gen4/variants/blackguard/rez12"},
{"predicate": {"custom_model_data":2413}, "model": "item/animate/jets/gen4/variants/blackguard/rez13"},
{"predicate": {"custom_model_data":2414}, "model": "item/animate/jets/gen4/variants/blackguard/rez14"},
{"predicate": {"custom_model_data":2415}, "model": "item/animate/jets/gen4/variants/blackguard/rez15"},
{"predicate": {"custom_model_data":2416}, "model": "item/animate/jets/gen4/variants/blackguard/rez16"},
{"predicate": {"custom_model_data":2417}, "model": "item/animate/jets/gen4/variants/blackguard/rez17"},
{"predicate": {"custom_model_data":2418}, "model": "item/animate/jets/gen4/variants/blackguard/rez18"},
{"predicate": {"custom_model_data":2419}, "model": "item/animate/jets/gen4/variants/blackguard/rez19"},
{"predicate": {"custom_model_data":2420}, "model": "item/animate/jets/gen4/variants/blackguard/rez20"},
{"predicate": {"custom_model_data":3410}, "model": "item/animate/jets/gen4/variants/green/rez8"},
{"predicate": {"custom_model_data":3411}, "model": "item/animate/jets/gen4/variants/green/rez11"},
{"predicate": {"custom_model_data":3412}, "model": "item/animate/jets/gen4/variants/green/rez12"},
{"predicate": {"custom_model_data":3413}, "model": "item/animate/jets/gen4/variants/green/rez13"},
{"predicate": {"custom_model_data":3414}, "model": "item/animate/jets/gen4/variants/green/rez14"},
{"predicate": {"custom_model_data":3415}, "model": "item/animate/jets/gen4/variants/green/rez15"},
{"predicate": {"custom_model_data":3416}, "model": "item/animate/jets/gen4/variants/green/rez16"},
{"predicate": {"custom_model_data":3417}, "model": "item/animate/jets/gen4/variants/green/rez17"},
{"predicate": {"custom_model_data":3418}, "model": "item/animate/jets/gen4/variants/green/rez18"},
{"predicate": {"custom_model_data":3419}, "model": "item/animate/jets/gen4/variants/green/rez19"},
{"predicate": {"custom_model_data":3420}, "model": "item/animate/jets/gen4/variants/green/rez20"}
]
}
