{
"parent": "item/generated",
"textures": {
"layer0": "item/gunpowder"
},

"overrides": [
{"predicate": {"custom_model_data":5}, "model": "item/jets/gen5/jet"},
{"predicate": {"custom_model_data":25}, "model": "item/jets/gen5/variants/blackguard/jet"},
{"predicate": {"custom_model_data":35}, "model": "item/jets/gen5/variants/green/jet"},
{"predicate": {"custom_model_data":51}, "model": "item/animate/jets/gen5/rez1"},
{"predicate": {"custom_model_data":52}, "model": "item/animate/jets/gen5/rez2"},
{"predicate": {"custom_model_data":53}, "model": "item/animate/jets/gen5/rez3"},
{"predicate": {"custom_model_data":54}, "model": "item/animate/jets/gen5/rez4"},
{"predicate": {"custom_model_data":55}, "model": "item/animate/jets/gen5/rez5"},
{"predicate": {"custom_model_data":56}, "model": "item/animate/jets/gen5/rez6"},
{"predicate": {"custom_model_data":57}, "model": "item/animate/jets/gen5/rez7"},
{"predicate": {"custom_model_data":58}, "model": "item/animate/jets/gen5/rez8"},
{"predicate": {"custom_model_data":59}, "model": "item/animate/jets/gen5/rez9"},
{"predicate": {"custom_model_data":251}, "model": "item/animate/jets/gen5/variants/blackguard/rez1"},
{"predicate": {"custom_model_data":252}, "model": "item/animate/jets/gen5/variants/blackguard/rez2"},
{"predicate": {"custom_model_data":253}, "model": "item/animate/jets/gen5/variants/blackguard/rez3"},
{"predicate": {"custom_model_data":254}, "model": "item/animate/jets/gen5/variants/blackguard/rez4"},
{"predicate": {"custom_model_data":255}, "model": "item/animate/jets/gen5/variants/blackguard/rez5"},
{"predicate": {"custom_model_data":256}, "model": "item/animate/jets/gen5/variants/blackguard/rez6"},
{"predicate": {"custom_model_data":257}, "model": "item/animate/jets/gen5/variants/blackguard/rez7"},
{"predicate": {"custom_model_data":258}, "model": "item/animate/jets/gen5/variants/blackguard/rez8"},
{"predicate": {"custom_model_data":259}, "model": "item/animate/jets/gen5/variants/blackguard/rez9"},
{"predicate": {"custom_model_data":351}, "model": "item/animate/jets/gen5/variants/green/rez1"},
{"predicate": {"custom_model_data":352}, "model": "item/animate/jets/gen5/variants/green/rez2"},
{"predicate": {"custom_model_data":353}, "model": "item/animate/jets/gen5/variants/green/rez3"},
{"predicate": {"custom_model_data":354}, "model": "item/animate/jets/gen5/variants/green/rez4"},
{"predicate": {"custom_model_data":355}, "model": "item/animate/jets/gen5/variants/green/rez5"},
{"predicate": {"custom_model_data":356}, "model": "item/animate/jets/gen5/variants/green/rez6"},
{"predicate": {"custom_model_data":357}, "model": "item/animate/jets/gen5/variants/green/rez7"},
{"predicate": {"custom_model_data":358}, "model": "item/animate/jets/gen5/variants/green/rez8"},
{"predicate": {"custom_model_data":359}, "model": "item/animate/jets/gen5/variants/green/rez9"},
{"predicate": {"custom_model_data":510}, "model": "item/animate/jets/gen5/rez10"},
{"predicate": {"custom_model_data":511}, "model": "item/animate/jets/gen5/rez11"},
{"predicate": {"custom_model_data":512}, "model": "item/animate/jets/gen5/rez12"},
{"predicate": {"custom_model_data":513}, "model": "item/animate/jets/gen5/rez13"},
{"predicate": {"custom_model_data":514}, "model": "item/animate/jets/gen5/rez14"},
{"predicate": {"custom_model_data":515}, "model": "item/animate/jets/gen5/rez15"},
{"predicate": {"custom_model_data":516}, "model": "item/animate/jets/gen5/rez16"},
{"predicate": {"custom_model_data":517}, "model": "item/animate/jets/gen5/rez17"},
{"predicate": {"custom_model_data":518}, "model": "item/animate/jets/gen5/rez18"},
{"predicate": {"custom_model_data":519}, "model": "item/animate/jets/gen5/rez19"},
{"predicate": {"custom_model_data":520}, "model": "item/animate/jets/gen5/rez20"},
{"predicate": {"custom_model_data":2510}, "model": "item/animate/jets/gen5/variants/blackguard/rez10"},
{"predicate": {"custom_model_data":2511}, "model": "item/animate/jets/gen5/variants/blackguard/rez11"},
{"predicate": {"custom_model_data":2512}, "model": "item/animate/jets/gen5/variants/blackguard/rez12"},
{"predicate": {"custom_model_data":2513}, "model": "item/animate/jets/gen5/variants/blackguard/rez13"},
{"predicate": {"custom_model_data":2514}, "model": "item/animate/jets/gen5/variants/blackguard/rez14"},
{"predicate": {"custom_model_data":2515}, "model": "item/animate/jets/gen5/variants/blackguard/rez15"},
{"predicate": {"custom_model_data":2516}, "model": "item/animate/jets/gen5/variants/blackguard/rez16"},
{"predicate": {"custom_model_data":2517}, "model": "item/animate/jets/gen5/variants/blackguard/rez17"},
{"predicate": {"custom_model_data":2518}, "model": "item/animate/jets/gen5/variants/blackguard/rez18"},
{"predicate": {"custom_model_data":2519}, "model": "item/animate/jets/gen5/variants/blackguard/rez19"},
{"predicate": {"custom_model_data":2520}, "model": "item/animate/jets/gen5/variants/blackguard/rez20"},
{"predicate": {"custom_model_data":3510}, "model": "item/animate/jets/gen5/variants/green/rez10"},
{"predicate": {"custom_model_data":3511}, "model": "item/animate/jets/gen5/variants/green/rez11"},
{"predicate": {"custom_model_data":3512}, "model": "item/animate/jets/gen5/variants/green/rez12"},
{"predicate": {"custom_model_data":3513}, "model": "item/animate/jets/gen5/variants/green/rez13"},
{"predicate": {"custom_model_data":3514}, "model": "item/animate/jets/gen5/variants/green/rez14"},
{"predicate": {"custom_model_data":3515}, "model": "item/animate/jets/gen5/variants/green/rez15"},
{"predicate": {"custom_model_data":3516}, "model": "item/animate/jets/gen5/variants/green/rez16"},
{"predicate": {"custom_model_data":3517}, "model": "item/animate/jets/gen5/variants/green/rez17"},
{"predicate": {"custom_model_data":3518}, "model": "item/animate/jets/gen5/variants/green/rez18"},
{"predicate": {"custom_model_data":3519}, "model": "item/animate/jets/gen5/variants/green/rez19"},
{"predicate": {"custom_model_data":3520}, "model": "item/animate/jets/gen5/variants/green/rez20"}
]
}
