{
"parent": "item/generated",
"textures": {
"layer0": "item/item_frame"
},

"overrides": [
{"predicate": {"custom_model_data": 1}, "model": "item/lightlines/white/stone_big_lightline"},
{"predicate": {"custom_model_data": 2}, "model": "item/lightlines/white/stone_big_lightline_bottom"},
{"predicate": {"custom_model_data": 3}, "model": "item/lightlines/white/stone_big_lightline_connect_bottom"},
{"predicate": {"custom_model_data": 4}, "model": "item/lightlines/white/stone_big_lightline_connect_bottom_right"},
{"predicate": {"custom_model_data": 5}, "model": "item/lightlines/white/stone_big_lightline_right"},
{"predicate": {"custom_model_data": 6}, "model": "item/lightlines/white/stone_big_lightline_top"},
{"predicate": {"custom_model_data": 7}, "model": "item/lightlines/white/stone_lightline_up_connect"},
{"predicate": {"custom_model_data": 8}, "model": "item/lightlines/white/stone_lightline_up_connect_right"},
{"predicate": {"custom_model_data": 9}, "model": "item/lightlines/whitewhite/quartz_big_lightline"},
{"predicate": {"custom_model_data": 10}, "model": "item/lightlines/whitewhite/quartz_big_lightline_bottom"},
{"predicate": {"custom_model_data": 11}, "model": "item/lightlines/whitewhite/quartz_big_lightline_connect_bottom"},
{"predicate": {"custom_model_data": 12}, "model": "item/lightlines/whitewhite/quartz_big_lightline_connect_bottom_right"},
{"predicate": {"custom_model_data": 13}, "model": "item/lightlines/whitewhite/quartz_big_lightline_right"},
{"predicate": {"custom_model_data": 14}, "model": "item/lightlines/whitewhite/quartz_big_lightline_top"},
{"predicate": {"custom_model_data": 15}, "model": "item/lightlines/whitewhite/quartz_lightline_up_connect"},
{"predicate": {"custom_model_data": 16}, "model": "item/lightlines/whitewhite/quartz_lightline_up_connect_right"},
{"predicate": {"custom_model_data": 17}, "model": "item/lightlines/quartz_pillar/quartz_pillar_big_lightline"},
{"predicate": {"custom_model_data": 18}, "model": "item/lightlines/quartz_pillar/quartz_pillar_big_lightline_bottom"},
{"predicate": {"custom_model_data": 19}, "model": "item/lightlines/quartz_pillar/quartz_pillar_big_lightline_connect_bottom"},
{"predicate": {"custom_model_data": 20}, "model": "item/lightlines/quartz_pillar/quartz_pillar_big_lightline_connect_bottom_right"},
{"predicate": {"custom_model_data": 21}, "model": "item/lightlines/quartz_pillar/quartz_pillar_big_lightline_right"},
{"predicate": {"custom_model_data": 22}, "model": "item/lightlines/quartz_pillar/quartz_pillar_big_lightline_top"},
{"predicate": {"custom_model_data": 23}, "model": "item/lightlines/quartz_pillar/quartz_pillar_lightline_up_connect"},
{"predicate": {"custom_model_data": 24}, "model": "item/lightlines/quartz_pillar/quartz_pillar_lightline_up_connect_right"},
{"predicate": {"custom_model_data": 25}, "model": "item/lightlines/quartz_pillar/quartz_pillar_big_lightline_middle"},
{"predicate": {"custom_model_data": 26}, "model": "item/lightlines/quartz_pillar/quartz_pillar_big_lightline_middle_connect"},
{"predicate": {"custom_model_data": 27}, "model": "item/lightlines/quartz_pillar/quartz_pillar_big_lightline_middle_connect_right"},
{"predicate": {"custom_model_data": 28}, "model": "item/lightlines/quartz_pillar/quartz_pillar_big_lightline_2"},
{"predicate": {"custom_model_data": 29}, "model": "item/lightlines/quartz_pillar/quartz_pillar_big_lightline_bottom_2"},
{"predicate": {"custom_model_data": 30}, "model": "item/lightlines/quartz_pillar/quartz_pillar_big_lightline_connect_bottom_2"},
{"predicate": {"custom_model_data": 31}, "model": "item/lightlines/quartz_pillar/quartz_pillar_big_lightline_connect_bottom_right_2"},
{"predicate": {"custom_model_data": 32}, "model": "item/lightlines/quartz_pillar/quartz_pillar_big_lightline_right_2"},
{"predicate": {"custom_model_data": 33}, "model": "item/lightlines/quartz_pillar/quartz_pillar_big_lightline_top_2"},
{"predicate": {"custom_model_data": 34}, "model": "item/lightlines/quartz_pillar/quartz_pillar_lightline_up_connect_2"},
{"predicate": {"custom_model_data": 35}, "model": "item/lightlines/quartz_pillar/quartz_pillar_lightline_up_connect_right_2"},
{"predicate": {"custom_model_data": 36}, "model": "item/lightlines/quartz_pillar/quartz_pillar_big_lightline_middle_2"},
{"predicate": {"custom_model_data": 37}, "model": "item/lightlines/quartz_pillar/quartz_pillar_big_lightline_middle_connect_2"},
{"predicate": {"custom_model_data": 38}, "model": "item/lightlines/quartz_pillar/quartz_pillar_big_lightline_middle_connect_right_2"},
{"predicate": {"custom_model_data": 39}, "model": "item/lightlines/quartz_pillar/quartz_pillar_big_lightline_middle_connector_2"},
{"predicate": {"custom_model_data": 40}, "model": "item/lightlines/quartz_pillar/quartz_pillar_big_lightline_middle_connector_right_2"},
{"predicate": {"custom_model_data": 41}, "model": "item/lightlines/quartz_pillar/quartz_pillar_big_lightline_middle_connector"},
{"predicate": {"custom_model_data": 42}, "model": "item/lightlines/quartz_pillar/quartz_pillar_big_lightline_middle_connector_right"},
{"predicate": {"custom_model_data": 43}, "model": "item/lightlines/quartz_pillar/quartz_pillar_big_lightline_middle_alt"},
{"predicate": {"custom_model_data": 44}, "model": "item/lightlines/quartz_pillar/quartz_pillar_big_lightline_middle_connect_alt"},
{"predicate": {"custom_model_data": 45}, "model": "item/lightlines/quartz_pillar/quartz_pillar_big_lightline_middle_connect_right_alt"},
{"predicate": {"custom_model_data": 46}, "model": "item/lightlines/quartz_pillar/quartz_pillar_big_lightline_middle_connector_alt"},
{"predicate": {"custom_model_data": 47}, "model": "item/lightlines/quartz_pillar/quartz_pillar_big_lightline_middle_connector_right_alt"},
{"predicate": {"custom_model_data": 48}, "model": "item/lightlines/quartz_pillar/quartz_pillar_big_lightline_middle_2_alt"},
{"predicate": {"custom_model_data": 49}, "model": "item/lightlines/quartz_pillar/quartz_pillar_big_lightline_middle_connect_2_alt"},
{"predicate": {"custom_model_data": 50}, "model": "item/lightlines/quartz_pillar/quartz_pillar_big_lightline_middle_connect_right_2_alt"},
{"predicate": {"custom_model_data": 51}, "model": "item/lightlines/quartz_pillar/quartz_pillar_big_lightline_middle_connector_2_alt"},
{"predicate": {"custom_model_data": 52}, "model": "item/lightlines/quartz_pillar/quartz_pillar_big_lightline_middle_connector_right_2_alt"},
{"predicate": {"custom_model_data": 53}, "model": "item/lightlines/quartz_pillar/quartz_pillar_big_lightline_middle_up"},
{"predicate": {"custom_model_data": 54}, "model": "item/lightlines/quartz_pillar/quartz_pillar_big_lightline_middle_up_2"},
{"predicate": {"custom_model_data": 55}, "model": "item/lightlines/quartz_pillar/quartz_pillar_big_lightline_middle_up_alt"},
{"predicate": {"custom_model_data": 56}, "model": "item/lightlines/quartz_pillar/quartz_pillar_big_lightline_middle_up_2_alt"},
{"predicate": {"custom_model_data": 57}, "model": "item/lightlines/white/stone_big_lightline_fill"},
{"predicate": {"custom_model_data": 58}, "model": "item/lightlines/white/stone_big_lightline_fill_right"},
{"predicate": {"custom_model_data": 59}, "model": "item/lightlines/white/quartz_big_lightline_fill"},
{"predicate": {"custom_model_data": 60}, "model": "item/lightlines/white/quartz_big_lightline_fill_right"},
{"predicate": {"custom_model_data": 61}, "model": "item/lightlines/quartz_pillar/quartz_pillar_big_lightline_fill"},
{"predicate": {"custom_model_data": 62}, "model": "item/lightlines/quartz_pillar/quartz_pillar_big_lightline_fill_right"},
{"predicate": {"custom_model_data": 63}, "model": "item/lightlines/quartz_pillar/quartz_pillar_big_lightline_fill_2"},
{"predicate": {"custom_model_data": 64}, "model": "item/lightlines/quartz_pillar/quartz_pillar_big_lightline_fill_right_2"},
{"predicate": {"custom_model_data": 65}, "model": "item/lightlines/quartz_pillar/quartz_pillar_big_lightline_stone"},
{"predicate": {"custom_model_data": 66}, "model": "item/lightlines/quartz_pillar/quartz_pillar_big_lightline_stone_2"},
{"predicate": {"custom_model_data": 67}, "model": "item/lightlines/quartz_pillar/quartz_pillar_big_lightline_stone_right"},
{"predicate": {"custom_model_data": 68}, "model": "item/lightlines/quartz_pillar/quartz_pillar_big_lightline_stone_right_2"},
{"predicate": {"custom_model_data": 69}, "model": "item/lightlines/white/stone_big_lightline_bottom_alt"},
{"predicate": {"custom_model_data": 70}, "model": "item/lightlines/white/stone_big_lightline_side_glow"},
{"predicate": {"custom_model_data": 71}, "model": "item/lightlines/white/stone_big_lightline_side_glow_west"},
{"predicate": {"custom_model_data": 72}, "model": "item/lightlines/white/stone_big_lightline_side_glow_south"},
{"predicate": {"custom_model_data": 73}, "model": "item/lightlines/white/stone_big_lightline_side_glow_east"},
{"predicate": {"custom_model_data": 74}, "model": "item/lightlines/white/stone_big_lightline_side_glow_top"},
{"predicate": {"custom_model_data": 75}, "model": "item/lightlines/white/stone_big_lightline_side_glow_top_west"},
{"predicate": {"custom_model_data": 76}, "model": "item/lightlines/white/stone_big_lightline_side_glow_top_south"},
{"predicate": {"custom_model_data": 77}, "model": "item/lightlines/white/stone_big_lightline_side_glow_top_east"},
{"predicate": {"custom_model_data": 78}, "model": "item/lightlines/yellow_glass/clu_window_corner_right"},
{"predicate": {"custom_model_data": 79}, "model": "item/lightlines/yellow_glass/clu_window_corner"},
{"predicate": {"custom_model_data": 80}, "model": "item/lightlines/yellow_glass/clu_window_slant_right"},
{"predicate": {"custom_model_data": 81}, "model": "item/lightlines/yellow_glass/clu_window_slant"},
{"predicate": {"custom_model_data": 82}, "model": "item/lightlines/yellow_glass/clu_window_right"},
{"predicate": {"custom_model_data": 83}, "model": "item/lightlines/yellow_glass/clu_window"},
{"predicate": {"custom_model_data": 85}, "model": "item/lightlines/yellow_glass/clu_middle2_right"},
{"predicate": {"custom_model_data": 86}, "model": "item/lightlines/yellow_glass/clu_middle2"},
{"predicate": {"custom_model_data": 87}, "model": "item/lightlines/yellow_glass/clu_middle_right"},
{"predicate": {"custom_model_data": 88}, "model": "item/lightlines/yellow_glass/clu_middle"},
{"predicate": {"custom_model_data": 89}, "model": "item/lightlines/yellow_glass/clu_bottom_right"},
{"predicate": {"custom_model_data": 90}, "model": "item/lightlines/yellow_glass/clu_bottom"},
{"predicate": {"custom_model_data": 91}, "model": "item/lightlines/yellow_glass/clu_window_corner_5_up"},
{"predicate": {"custom_model_data": 92}, "model": "item/lightlines/yellow_glass/clu_window_corner_3_north"},
{"predicate": {"custom_model_data": 93}, "model": "item/lightlines/yellow_glass/clu_window_slant_5_up"},
{"predicate": {"custom_model_data": 94}, "model": "item/lightlines/yellow_glass/clu_window_slant_3_north"},
{"predicate": {"custom_model_data": 95}, "model": "item/lightlines/yellow_glass/clu_window_5_up"},
{"predicate": {"custom_model_data": 96}, "model": "item/lightlines/yellow_glass/clu_window_3_north"},
{"predicate": {"custom_model_data": 97}, "model": "item/lightlines/yellow_glass/clu_middle2_5_up"},
{"predicate": {"custom_model_data": 98}, "model": "item/lightlines/yellow_glass/clu_middle2_3_north"},
{"predicate": {"custom_model_data": 99}, "model": "item/lightlines/yellow_glass/clu_middle_5_up"},
{"predicate": {"custom_model_data": 100}, "model": "item/lightlines/yellow_glass/clu_middle_3_north"},
{"predicate": {"custom_model_data": 101}, "model": "item/lightlines/yellow_glass/clu_bottom_5_up"},
{"predicate": {"custom_model_data": 102}, "model": "item/lightlines/yellow_glass/clu_bottom_3_north"},

{"predicate": {"custom_model_data": 103}, "model": "item/lightlines/yellow_glass/clu_window_corner_right_top_bottom"},
{"predicate": {"custom_model_data": 104}, "model": "item/lightlines/yellow_glass/clu_window_corner_top_bottom"},
{"predicate": {"custom_model_data": 105}, "model": "item/lightlines/yellow_glass/clu_window_slant_right_top_bottom"},
{"predicate": {"custom_model_data": 106}, "model": "item/lightlines/yellow_glass/clu_window_slant_top_bottom"},
{"predicate": {"custom_model_data": 107}, "model": "item/lightlines/yellow_glass/clu_window_right_top_bottom"},
{"predicate": {"custom_model_data": 108}, "model": "item/lightlines/yellow_glass/clu_window_top_bottom"},
{"predicate": {"custom_model_data": 109}, "model": "item/lightlines/yellow_glass/clu_middle2_right_top_bottom"},
{"predicate": {"custom_model_data": 110}, "model": "item/lightlines/yellow_glass/clu_middle2_top_bottom"},
{"predicate": {"custom_model_data": 111}, "model": "item/lightlines/yellow_glass/clu_middle_right_top_bottom"},
{"predicate": {"custom_model_data": 112}, "model": "item/lightlines/yellow_glass/clu_middle_top_bottom"},
{"predicate": {"custom_model_data": 113}, "model": "item/lightlines/yellow_glass/clu_bottom_right_top_bottom"},
{"predicate": {"custom_model_data": 114}, "model": "item/lightlines/yellow_glass/clu_bottom_top_bottom"},

{"predicate": {"custom_model_data": 115}, "model": "item/lightlines/yellow_glass/clu_window_slant_left_right_top_bottom"},
{"predicate": {"custom_model_data": 116}, "model": "item/lightlines/yellow_glass/clu_window_slant_left_top_bottom"},
{"predicate": {"custom_model_data": 117}, "model": "item/lightlines/yellow_glass/clu_window_slant_left_right"},
{"predicate": {"custom_model_data": 118}, "model": "item/lightlines/yellow_glass/clu_window_slant_left"},
{"predicate": {"custom_model_data": 119}, "model": "item/lightlines/yellow_glass/clu_window_slant_left_5_up"},
{"predicate": {"custom_model_data": 120}, "model": "item/lightlines/yellow_glass/clu_window_slant_left_3_north"},

{"predicate": {"custom_model_data": 122}, "model": "item/lightlines/yellow_glass/clu_window_corner_left_right_top_bottom"},
{"predicate": {"custom_model_data": 123}, "model": "item/lightlines/yellow_glass/clu_window_corner_left_top_bottom"},
{"predicate": {"custom_model_data": 124}, "model": "item/lightlines/yellow_glass/clu_window_corner_left_right"},
{"predicate": {"custom_model_data": 125}, "model": "item/lightlines/yellow_glass/clu_window_corner_left"},
{"predicate": {"custom_model_data": 126}, "model": "item/lightlines/yellow_glass/clu_window_corner_left_5_up"},
{"predicate": {"custom_model_data": 127}, "model": "item/lightlines/yellow_glass/clu_window_corner_left_3_north"},

{"predicate": {"custom_model_data": 999864}, "model": "item/furniture/clu/clus_throne_big_right"},
{"predicate": {"custom_model_data": 999865}, "model": "item/furniture/clu/clus_throne_big_left"},
{"predicate": {"custom_model_data": 999866}, "model": "item/furniture/clu/clus_throne_big_back"},
{"predicate": {"custom_model_data": 999867}, "model": "item/furniture/clu/clus_throne_big"},
{"predicate": {"custom_model_data": 999868}, "model": "item/furniture/clu/clus_throne_right"},
{"predicate": {"custom_model_data": 999869}, "model": "item/furniture/clu/clus_throne_left"},
{"predicate": {"custom_model_data": 999870}, "model": "item/furniture/clu/clus_throne_back"},
{"predicate": {"custom_model_data": 999871}, "model": "item/furniture/clu/clus_throne"},
{"predicate": {"custom_model_data": 999872}, "model": "item/furniture/table/white_table2_right"},
{"predicate": {"custom_model_data": 999873}, "model": "item/furniture/table/white_table2_left"},
{"predicate": {"custom_model_data": 999874}, "model": "item/furniture/table/white_table2_back"},
{"predicate": {"custom_model_data": 999875}, "model": "item/furniture/table/white_table2"},
{"predicate": {"custom_model_data": 999876}, "model": "item/furniture/bed/flynns_bed_left"},
{"predicate": {"custom_model_data": 999877}, "model": "item/furniture/bed/flynns_bed_back"},
{"predicate": {"custom_model_data": 999878}, "model": "item/furniture/bed/flynns_bed_right"},
{"predicate": {"custom_model_data": 999879}, "model": "item/furniture/bed/flynns_bed"},
{"predicate": {"custom_model_data": 999880}, "model": "item/furniture/lamp/flynn_lamp_right"},
{"predicate": {"custom_model_data": 999881}, "model": "item/furniture/lamp/flynn_lamp_left"},
{"predicate": {"custom_model_data": 999882}, "model": "item/furniture/lamp/flynn_lamp_back"},
{"predicate": {"custom_model_data": 999883}, "model": "item/furniture/lamp/flynn_lamp"},
{"predicate": {"custom_model_data": 999884}, "model": "item/furniture/table/simple_glass_table_right"},
{"predicate": {"custom_model_data": 999885}, "model": "item/furniture/table/simple_glass_table"},
{"predicate": {"custom_model_data": 999886}, "model": "item/furniture/chair/white_chair2_right"},
{"predicate": {"custom_model_data": 999887}, "model": "item/furniture/chair/white_chair2_left"},
{"predicate": {"custom_model_data": 999888}, "model": "item/furniture/chair/white_chair2_back"},
{"predicate": {"custom_model_data": 999889}, "model": "item/furniture/chair/white_chair2"},
{"predicate": {"custom_model_data": 999890}, "model": "item/furniture/chair/recliner_chair_right"},
{"predicate": {"custom_model_data": 999891}, "model": "item/furniture/chair/recliner_chair_left"},
{"predicate": {"custom_model_data": 999892}, "model": "item/furniture/chair/recliner_chair_back"},
{"predicate": {"custom_model_data": 999893}, "model": "item/furniture/chair/recliner_chair"},
{"predicate": {"custom_model_data": 999894}, "model": "item/furniture/table/metal_table"},
{"predicate": {"custom_model_data": 999895}, "model": "item/furniture/table/quorras_dresser"},
{"predicate": {"custom_model_data": 999896}, "model": "item/furniture/doorframe/white_door_frame"},
{"predicate": {"custom_model_data": 999897}, "model": "item/furniture/doorframe/white_door_frame_right"},
{"predicate": {"custom_model_data": 999898}, "model": "item/furniture/table/white_table_right"},
{"predicate": {"custom_model_data": 999899}, "model": "item/furniture/table/white_table"},
{"predicate": {"custom_model_data": 999900}, "model": "item/furniture/table/bedside"},
{"predicate": {"custom_model_data": 999901}, "model": "item/furniture/table/bedside_right"},
{"predicate": {"custom_model_data": 999902}, "model": "item/furniture/table/bedside_back"},
{"predicate": {"custom_model_data": 999903}, "model": "item/furniture/table/bedside_left"},
{"predicate": {"custom_model_data": 999904}, "model": "item/furniture/bed/black_bed_left"},
{"predicate": {"custom_model_data": 999905}, "model": "item/furniture/bed/black_bed_back"},
{"predicate": {"custom_model_data": 999906}, "model": "item/furniture/bed/black_bed_right"},
{"predicate": {"custom_model_data": 999907}, "model": "item/furniture/bed/black_bed"},
{"predicate": {"custom_model_data": 999908}, "model": "item/furniture/chand/chand"},
{"predicate": {"custom_model_data": 999909}, "model": "item/furniture/chair/white_chair_left"},
{"predicate": {"custom_model_data": 999910}, "model": "item/furniture/chair/white_chair_right"},
{"predicate": {"custom_model_data": 999911}, "model": "item/furniture/chair/white_chair_back"},
{"predicate": {"custom_model_data": 999912}, "model": "item/furniture/chair/white_chair"},
{"predicate": {"custom_model_data": 999913}, "model": "item/furniture/healing_chamber/healing_chamber"},
{"predicate": {"custom_model_data": 999914}, "model": "item/furniture/table/glass_table"},
{"predicate": {"custom_model_data": 999915}, "model": "item/furniture/chair/black_chair_back"},
{"predicate": {"custom_model_data": 999916}, "model": "item/furniture/chair/black_chair_left"},
{"predicate": {"custom_model_data": 999917}, "model": "item/furniture/chair/black_chair_right"},
{"predicate": {"custom_model_data": 999918}, "model": "item/furniture/couch/black_couch_back"},
{"predicate": {"custom_model_data": 999919}, "model": "item/furniture/couch/black_couch_left"},
{"predicate": {"custom_model_data": 999920}, "model": "item/furniture/couch/black_couch_right"},
{"predicate": {"custom_model_data": 999921}, "model": "item/furniture/fireplace/fireplace_back"},
{"predicate": {"custom_model_data": 999922}, "model": "item/furniture/fireplace/fireplace_left"},
{"predicate": {"custom_model_data": 999923}, "model": "item/furniture/fireplace/fireplace_right"},
{"predicate": {"custom_model_data": 999924}, "model": "item/furniture/chair/black_chair"},
{"predicate": {"custom_model_data": 999925}, "model": "item/furniture/couch/black_couch"},
{"predicate": {"custom_model_data": 999926}, "model": "item/furniture/fireplace/fireplace"},
{"predicate": {"custom_model_data": 999927}, "model": "item/portal/portal_bridge4"},
{"predicate": {"custom_model_data": 999928}, "model": "item/portal/portal_bridge3"},
{"predicate": {"custom_model_data": 999929}, "model": "item/portal/portal_bridge2"},
{"predicate": {"custom_model_data": 999930}, "model": "item/portal/portal_bridge"},
{"predicate": {"custom_model_data": 999931}, "model": "item/portal/portal_pad"},
{"predicate": {"custom_model_data": 999932}, "model": "item/flynn/flynn"},
{"predicate": {"custom_model_data": 999933}, "model": "item/servers/server_blank"},
{"predicate": {"custom_model_data": 999934}, "model": "item/servers/server_blank_back"},
{"predicate": {"custom_model_data": 999935}, "model": "item/servers/server_blank_left"},
{"predicate": {"custom_model_data": 999936}, "model": "item/servers/server_blank_right"},
{"predicate": {"custom_model_data": 999937}, "model": "item/servers/server_blank_middle"},
{"predicate": {"custom_model_data": 999938}, "model": "item/servers/server_blank_middle_back"},
{"predicate": {"custom_model_data": 999939}, "model": "item/servers/server_blank_middle_left"},
{"predicate": {"custom_model_data": 999940}, "model": "item/servers/server_blank_middle_right"},
{"predicate": {"custom_model_data": 999941}, "model": "item/servers/server_blank_top"},
{"predicate": {"custom_model_data": 999942}, "model": "item/servers/server_blank_top_back"},
{"predicate": {"custom_model_data": 999943}, "model": "item/servers/server_blank_top_left"},
{"predicate": {"custom_model_data": 999944}, "model": "item/servers/server_blank_top_right"},
{"predicate": {"custom_model_data": 999945}, "model": "item/bookshelf/bookshelf_end2_wall"},
{"predicate": {"custom_model_data": 999946}, "model": "item/bookshelf/bookshelf1_wall"},
{"predicate": {"custom_model_data": 999947}, "model": "item/bookshelf/bookshelf2_wall"},
{"predicate": {"custom_model_data": 999948}, "model": "item/bookshelf/bookshelf_end_wall"},
{"predicate": {"custom_model_data": 999949}, "model": "item/bookshelf/bookshelf_end"},
{"predicate": {"custom_model_data": 999950}, "model": "item/bookshelf/bookshelf_end_back"},
{"predicate": {"custom_model_data": 999951}, "model": "item/bookshelf/bookshelf_end_left"},
{"predicate": {"custom_model_data": 999952}, "model": "item/bookshelf/bookshelf_end_right"},
{"predicate": {"custom_model_data": 999953}, "model": "item/bookshelf/bookshelf_end2"},
{"predicate": {"custom_model_data": 999954}, "model": "item/bookshelf/bookshelf_end2_back"},
{"predicate": {"custom_model_data": 999955}, "model": "item/bookshelf/bookshelf_end2_left"},
{"predicate": {"custom_model_data": 999956}, "model": "item/bookshelf/bookshelf_end2_right"},
{"predicate": {"custom_model_data": 999957}, "model": "item/bookshelf/bookshelf1"},
{"predicate": {"custom_model_data": 999958}, "model": "item/bookshelf/bookshelf1_back"},
{"predicate": {"custom_model_data": 999959}, "model": "item/bookshelf/bookshelf1_left"},
{"predicate": {"custom_model_data": 999960}, "model": "item/bookshelf/bookshelf1_right"},
{"predicate": {"custom_model_data": 999961}, "model": "item/bookshelf/bookshelf2"},
{"predicate": {"custom_model_data": 999962}, "model": "item/bookshelf/bookshelf2_back"},
{"predicate": {"custom_model_data": 999963}, "model": "item/bookshelf/bookshelf2_left"},
{"predicate": {"custom_model_data": 999964}, "model": "item/bookshelf/bookshelf2_right"},
{"predicate": {"custom_model_data": 999965}, "model": "item/servers/server_red"},
{"predicate": {"custom_model_data": 999966}, "model": "item/servers/server_red_back"},
{"predicate": {"custom_model_data": 999967}, "model": "item/servers/server_red_left"},
{"predicate": {"custom_model_data": 999968}, "model": "item/servers/server_red_right"},
{"predicate": {"custom_model_data": 999969}, "model": "item/servers/server_red_middle"},
{"predicate": {"custom_model_data": 999970}, "model": "item/servers/server_red_middle_back"},
{"predicate": {"custom_model_data": 999971}, "model": "item/servers/server_red_middle_left"},
{"predicate": {"custom_model_data": 999972}, "model": "item/servers/server_red_middle_right"},
{"predicate": {"custom_model_data": 999973}, "model": "item/servers/server_red_top"},
{"predicate": {"custom_model_data": 999974}, "model": "item/servers/server_red_top_back"},
{"predicate": {"custom_model_data": 999975}, "model": "item/servers/server_red_top_left"},
{"predicate": {"custom_model_data": 999976}, "model": "item/servers/server_red_top_right"},
{"predicate": {"custom_model_data": 999977}, "model": "item/servers/server_middle"},
{"predicate": {"custom_model_data": 999978}, "model": "item/servers/server_middle_back"},
{"predicate": {"custom_model_data": 999979}, "model": "item/servers/server_middle_left"},
{"predicate": {"custom_model_data": 999980}, "model": "item/servers/server_middle_right"},
{"predicate": {"custom_model_data": 999981}, "model": "item/screens/curtain_side"},
{"predicate": {"custom_model_data": 999982}, "model": "item/screens/screen_side"},
{"predicate": {"custom_model_data": 999983}, "model": "item/servers/server_left"},
{"predicate": {"custom_model_data": 999984}, "model": "item/servers/server_right"},
{"predicate": {"custom_model_data": 999985}, "model": "item/servers/server_back"},
{"predicate": {"custom_model_data": 999986}, "model": "item/servers/server_top_left"},
{"predicate": {"custom_model_data": 999987}, "model": "item/servers/server_top_right"},
{"predicate": {"custom_model_data": 999988}, "model": "item/servers/server_top_back"},
{"predicate": {"custom_model_data": 999989}, "model": "item/servers/server_top"},
{"predicate": {"custom_model_data": 999991}, "model": "item/servers/server"},
{"predicate": {"custom_model_data": 999992}, "model": "item/tronlives/tronlives"},
{"predicate": {"custom_model_data": 999993}, "model": "item/infinitas/infinitas"},
{"predicate": {"custom_model_data": 999994}, "model": "item/lightlines/tronsymbol/tron_symbol_up"},
{"predicate": {"custom_model_data": 999995}, "model": "item/lightlines/tronsymbol/tron_symbol_right"},
{"predicate": {"custom_model_data": 999996}, "model": "item/lightlines/tronsymbol/tron_symbol_left"},
{"predicate": {"custom_model_data": 999997}, "model": "item/lightlines/tronsymbol/tron_symbol"},
{"predicate": {"custom_model_data": 999998}, "model": "item/screens/screen"},
{"predicate": {"custom_model_data": 999999}, "model": "item/screens/curtain"}
] 
}