{
"parent": "item/generated",
"textures": {
"layer0": "item/item_frame"
},

"overrides": [
{"predicate": {"custom_model_data": 1}, "model": "item/lightlines/white/stone_big_lightline"},
{"predicate": {"custom_model_data": 2}, "model": "item/lightlines/white/stone_big_lightline_bottom"},
{"predicate": {"custom_model_data": 3}, "model": "item/lightlines/white/stone_big_lightline_bottom_right"},
{"predicate": {"custom_model_data": 4}, "model": "item/lightlines/white/stone_big_lightline_bottom_slant"},
{"predicate": {"custom_model_data": 5}, "model": "item/lightlines/white/stone_big_lightline_connect_bottom"},
{"predicate": {"custom_model_data": 6}, "model": "item/lightlines/white/stone_big_lightline_connect_bottom_right"},
{"predicate": {"custom_model_data": 7}, "model": "item/lightlines/white/stone_big_lightline_connect_top"},
{"predicate": {"custom_model_data": 8}, "model": "item/lightlines/white/stone_big_lightline_connect_top_right"},
{"predicate": {"custom_model_data": 9}, "model": "item/lightlines/white/stone_big_lightline_right"},
{"predicate": {"custom_model_data": 10}, "model": "item/lightlines/white/stone_big_lightline_top"},
{"predicate": {"custom_model_data": 11}, "model": "item/lightlines/white/stone_big_small_lightline_connect"},
{"predicate": {"custom_model_data": 12}, "model": "item/lightlines/white/stone_big_small_lightline_connect_bottom"},
{"predicate": {"custom_model_data": 13}, "model": "item/lightlines/white/stone_big_small_lightline_connect_bottom_right"},
{"predicate": {"custom_model_data": 14}, "model": "item/lightlines/white/stone_big_small_lightline_connect_bottom_three"},
{"predicate": {"custom_model_data": 15}, "model": "item/lightlines/white/stone_big_small_lightline_connect_bottom_three_right"},
{"predicate": {"custom_model_data": 16}, "model": "item/lightlines/white/stone_big_small_lightline_connect_bottom_two"},
{"predicate": {"custom_model_data": 17}, "model": "item/lightlines/white/stone_big_small_lightline_connect_right"},
{"predicate": {"custom_model_data": 18}, "model": "item/lightlines/white/stone_big_small_lightline_connect_two_right"},
{"predicate": {"custom_model_data": 19}, "model": "item/lightlines/white/stone_lightline_connect"},
{"predicate": {"custom_model_data": 20}, "model": "item/lightlines/white/stone_lightline_connect_right"},
{"predicate": {"custom_model_data": 21}, "model": "item/lightlines/white/stone_lightline_down_small"},
{"predicate": {"custom_model_data": 22}, "model": "item/lightlines/white/stone_lightline_up"},
{"predicate": {"custom_model_data": 23}, "model": "item/lightlines/white/stone_lightline_up_big_small_connector"},
{"predicate": {"custom_model_data": 24}, "model": "item/lightlines/white/stone_lightline_up_big_small_connector_right"},
{"predicate": {"custom_model_data": 25}, "model": "item/lightlines/white/stone_lightline_up_connect"},
{"predicate": {"custom_model_data": 26}, "model": "item/lightlines/white/stone_lightline_up_connect_bottom"},
{"predicate": {"custom_model_data": 27}, "model": "item/lightlines/white/stone_lightline_up_connect_bottom_big_small"},
{"predicate": {"custom_model_data": 28}, "model": "item/lightlines/white/stone_lightline_up_connect_bottom_big_small_right"},
{"predicate": {"custom_model_data": 29}, "model": "item/lightlines/white/stone_lightline_up_connect_bottom_right"},
{"predicate": {"custom_model_data": 30}, "model": "item/lightlines/white/stone_lightline_up_connect_bottom_right_small"},
{"predicate": {"custom_model_data": 31}, "model": "item/lightlines/white/stone_lightline_up_connect_bottom_small"},
{"predicate": {"custom_model_data": 32}, "model": "item/lightlines/white/stone_lightline_up_connect_bottom_small_big"},
{"predicate": {"custom_model_data": 33}, "model": "item/lightlines/white/stone_lightline_up_connect_bottom_small_big_right"},
{"predicate": {"custom_model_data": 34}, "model": "item/lightlines/white/stone_lightline_up_connect_right"},
{"predicate": {"custom_model_data": 35}, "model": "item/lightlines/white/stone_lightline_up_connect_small"},
{"predicate": {"custom_model_data": 36}, "model": "item/lightlines/white/stone_lightline_up_connect_small_right"},
{"predicate": {"custom_model_data": 37}, "model": "item/lightlines/white/stone_lightline_up_connector"},
{"predicate": {"custom_model_data": 38}, "model": "item/lightlines/white/stone_lightline_up_connector_right"},
{"predicate": {"custom_model_data": 39}, "model": "item/lightlines/white/stone_lightline_up_connector_small"},
{"predicate": {"custom_model_data": 40}, "model": "item/lightlines/white/stone_lightline_up_connector_small_right"},
{"predicate": {"custom_model_data": 41}, "model": "item/lightlines/white/stone_lightline_up_right"},
{"predicate": {"custom_model_data": 42}, "model": "item/lightlines/white/stone_lightline_up_small"},
{"predicate": {"custom_model_data": 43}, "model": "item/lightlines/white/stone_lightline_up_small_big_connector"},
{"predicate": {"custom_model_data": 44}, "model": "item/lightlines/white/stone_lightline_up_small_big_connector_right"},
{"predicate": {"custom_model_data": 45}, "model": "item/lightlines/white/stone_lightline_up_small_right"},
{"predicate": {"custom_model_data": 46}, "model": "item/lightlines/white/stone_small_big_connect_lightline_top"},
{"predicate": {"custom_model_data": 47}, "model": "item/lightlines/white/stone_small_big_connect_lightline_top_right"},
{"predicate": {"custom_model_data": 48}, "model": "item/lightlines/white/stone_small_lightline"},
{"predicate": {"custom_model_data": 49}, "model": "item/lightlines/white/stone_small_lightline_connect"},
{"predicate": {"custom_model_data": 50}, "model": "item/lightlines/white/stone_small_lightline_connect_right"},
{"predicate": {"custom_model_data": 51}, "model": "item/lightlines/white/stone_small_lightline_connect_top"},
{"predicate": {"custom_model_data": 52}, "model": "item/lightlines/white/stone_small_lightline_connect_top_right"},
{"predicate": {"custom_model_data": 53}, "model": "item/lightlines/white/stone_small_lightline_right"},
{"predicate": {"custom_model_data": 54}, "model": "item/lightlines/white/stone_small_lightline_slant"},
{"predicate": {"custom_model_data": 55}, "model": "item/lightlines/white/stone_small_lightline_slant_right"},
{"predicate": {"custom_model_data": 56}, "model": "item/lightlines/white/stone_small_lightline_top"},
{"predicate": {"custom_model_data": 57}, "model": "item/lightlines/white/stone_small_odd_big_lightline_top_connect"},
{"predicate": {"custom_model_data": 58}, "model": "item/lightlines/white/stone_small_odd_big_lightline_top_connect_right"},
{"predicate": {"custom_model_data": 59}, "model": "item/lightlines/white/stone_small_odd_lightline"},
{"predicate": {"custom_model_data": 60}, "model": "item/lightlines/white/stone_small_odd_lightline_connect_top"},
{"predicate": {"custom_model_data": 61}, "model": "item/lightlines/white/stone_small_odd_lightline_connect_top_right"},
{"predicate": {"custom_model_data": 62}, "model": "item/lightlines/white/stone_small_odd_lightline_right"},
{"predicate": {"custom_model_data": 63}, "model": "item/lightlines/white/stone_small_odd_lightline_top"},
{"predicate": {"custom_model_data": 64}, "model": "item/lightlines/white/stone_lightline_big_connect"},
{"predicate": {"custom_model_data": 65}, "model": "item/lightlines/white/stone_lightline_big_connect_right"},
{"predicate": {"custom_model_data": 66}, "model": "item/lightlines/whitewhite/quartz_big_lightline"},
{"predicate": {"custom_model_data": 67}, "model": "item/lightlines/whitewhite/quartz_big_lightline_bottom"},
{"predicate": {"custom_model_data": 68}, "model": "item/lightlines/whitewhite/quartz_big_lightline_bottom_right"},
{"predicate": {"custom_model_data": 69}, "model": "item/lightlines/whitewhite/quartz_big_lightline_bottom_slant"},
{"predicate": {"custom_model_data": 70}, "model": "item/lightlines/whitewhite/quartz_big_lightline_connect_bottom"},
{"predicate": {"custom_model_data": 71}, "model": "item/lightlines/whitewhite/quartz_big_lightline_connect_bottom_right"},
{"predicate": {"custom_model_data": 72}, "model": "item/lightlines/whitewhite/quartz_big_lightline_connect_top"},
{"predicate": {"custom_model_data": 73}, "model": "item/lightlines/whitewhite/quartz_big_lightline_connect_top_right"},
{"predicate": {"custom_model_data": 74}, "model": "item/lightlines/whitewhite/quartz_big_lightline_right"},
{"predicate": {"custom_model_data": 75}, "model": "item/lightlines/whitewhite/quartz_big_lightline_top"},
{"predicate": {"custom_model_data": 76}, "model": "item/lightlines/whitewhite/quartz_big_small_lightline_connect"},
{"predicate": {"custom_model_data": 77}, "model": "item/lightlines/whitewhite/quartz_big_small_lightline_connect_bottom"},
{"predicate": {"custom_model_data": 78}, "model": "item/lightlines/whitewhite/quartz_big_small_lightline_connect_bottom_right"},
{"predicate": {"custom_model_data": 79}, "model": "item/lightlines/whitewhite/quartz_big_small_lightline_connect_bottom_three"},
{"predicate": {"custom_model_data": 80}, "model": "item/lightlines/whitewhite/quartz_big_small_lightline_connect_bottom_three_right"},
{"predicate": {"custom_model_data": 81}, "model": "item/lightlines/whitewhite/quartz_big_small_lightline_connect_bottom_two"},
{"predicate": {"custom_model_data": 82}, "model": "item/lightlines/whitewhite/quartz_big_small_lightline_connect_right"},
{"predicate": {"custom_model_data": 83}, "model": "item/lightlines/whitewhite/quartz_big_small_lightline_connect_two_right"},
{"predicate": {"custom_model_data": 84}, "model": "item/lightlines/whitewhite/quartz_bottom_lightline"},
{"predicate": {"custom_model_data": 85}, "model": "item/lightlines/whitewhite/quartz_lightline_big_connect"},
{"predicate": {"custom_model_data": 86}, "model": "item/lightlines/whitewhite/quartz_lightline_big_connect_right"},
{"predicate": {"custom_model_data": 87}, "model": "item/lightlines/whitewhite/quartz_lightline_connect"},
{"predicate": {"custom_model_data": 88}, "model": "item/lightlines/whitewhite/quartz_lightline_connect_right"},
{"predicate": {"custom_model_data": 89}, "model": "item/lightlines/whitewhite/quartz_lightline_connect_small"},
{"predicate": {"custom_model_data": 90}, "model": "item/lightlines/whitewhite/quartz_lightline_connect_small_right"},
{"predicate": {"custom_model_data": 91}, "model": "item/lightlines/whitewhite/quartz_lightline_up"},
{"predicate": {"custom_model_data": 92}, "model": "item/lightlines/whitewhite/quartz_lightline_up_big_small_connector"},
{"predicate": {"custom_model_data": 93}, "model": "item/lightlines/whitewhite/quartz_lightline_up_big_small_connector_right"},
{"predicate": {"custom_model_data": 94}, "model": "item/lightlines/whitewhite/quartz_lightline_up_connect"},
{"predicate": {"custom_model_data": 95}, "model": "item/lightlines/whitewhite/quartz_lightline_up_connect_bottom"},
{"predicate": {"custom_model_data": 96}, "model": "item/lightlines/whitewhite/quartz_lightline_up_connect_bottom_big_small"},
{"predicate": {"custom_model_data": 97}, "model": "item/lightlines/whitewhite/quartz_lightline_up_connect_bottom_big_small_right"},
{"predicate": {"custom_model_data": 98}, "model": "item/lightlines/whitewhite/quartz_lightline_up_connect_bottom_right"},
{"predicate": {"custom_model_data": 99}, "model": "item/lightlines/whitewhite/quartz_lightline_up_connect_bottom_right_small"},
{"predicate": {"custom_model_data": 100}, "model": "item/lightlines/whitewhite/quartz_lightline_up_connect_bottom_small"},
{"predicate": {"custom_model_data": 101}, "model": "item/lightlines/whitewhite/quartz_lightline_up_connect_bottom_small_big"},
{"predicate": {"custom_model_data": 102}, "model": "item/lightlines/whitewhite/quartz_lightline_up_connect_bottom_small_big_right"},
{"predicate": {"custom_model_data": 103}, "model": "item/lightlines/whitewhite/quartz_lightline_up_connect_right"},
{"predicate": {"custom_model_data": 104}, "model": "item/lightlines/whitewhite/quartz_lightline_up_connect_small"},
{"predicate": {"custom_model_data": 105}, "model": "item/lightlines/whitewhite/quartz_lightline_up_connect_small_right"},
{"predicate": {"custom_model_data": 106}, "model": "item/lightlines/whitewhite/quartz_lightline_up_connector"},
{"predicate": {"custom_model_data": 107}, "model": "item/lightlines/whitewhite/quartz_lightline_up_connector_right"},
{"predicate": {"custom_model_data": 108}, "model": "item/lightlines/whitewhite/quartz_lightline_up_connector_small"},
{"predicate": {"custom_model_data": 109}, "model": "item/lightlines/whitewhite/quartz_lightline_up_connector_small_right"},
{"predicate": {"custom_model_data": 110}, "model": "item/lightlines/whitewhite/quartz_lightline_up_right"},
{"predicate": {"custom_model_data": 111}, "model": "item/lightlines/whitewhite/quartz_lightline_up_small"},
{"predicate": {"custom_model_data": 112}, "model": "item/lightlines/whitewhite/quartz_lightline_up_small_big_connector"},
{"predicate": {"custom_model_data": 113}, "model": "item/lightlines/whitewhite/quartz_lightline_up_small_big_connector_right"},
{"predicate": {"custom_model_data": 114}, "model": "item/lightlines/whitewhite/quartz_lightline_up_small_right"},
{"predicate": {"custom_model_data": 115}, "model": "item/lightlines/whitewhite/quartz_odd_lightline"},
{"predicate": {"custom_model_data": 116}, "model": "item/lightlines/whitewhite/quartz_odd_lightline_right"},
{"predicate": {"custom_model_data": 117}, "model": "item/lightlines/whitewhite/quartz_small_big_lightline_top_connect"},
{"predicate": {"custom_model_data": 118}, "model": "item/lightlines/whitewhite/quartz_small_big_lightline_top_connect_right"},
{"predicate": {"custom_model_data": 119}, "model": "item/lightlines/whitewhite/quartz_small_lightline"},
{"predicate": {"custom_model_data": 120}, "model": "item/lightlines/whitewhite/quartz_small_lightline_right"},
{"predicate": {"custom_model_data": 121}, "model": "item/lightlines/whitewhite/quartz_small_lightline_slant"},
{"predicate": {"custom_model_data": 122}, "model": "item/lightlines/whitewhite/quartz_small_lightline_slant_right"},
{"predicate": {"custom_model_data": 123}, "model": "item/lightlines/whitewhite/quartz_small_lightline_top"},
{"predicate": {"custom_model_data": 124}, "model": "item/lightlines/whitewhite/quartz_small_lightline_top_connect"},
{"predicate": {"custom_model_data": 125}, "model": "item/lightlines/whitewhite/quartz_small_lightline_top_connect_right"},
{"predicate": {"custom_model_data": 126}, "model": "item/lightlines/whitewhite/quartz_small_odd_big_lightline_top_connect"},
{"predicate": {"custom_model_data": 127}, "model": "item/lightlines/whitewhite/quartz_small_odd_big_lightline_top_connect_right"},
{"predicate": {"custom_model_data": 128}, "model": "item/lightlines/whitewhite/quartz_small_odd_lightline_top_connect"},
{"predicate": {"custom_model_data": 129}, "model": "item/lightlines/whitewhite/quartz_small_odd_lightline_top_connect_right"},
{"predicate": {"custom_model_data": 130}, "model": "item/lightlines/whitewhite/quartz_top_lightline"},
{"predicate": {"custom_model_data": 999994}, "model": "item/lightlines/tronsymbol/tron_symbol_up"},
{"predicate": {"custom_model_data": 999995}, "model": "item/lightlines/tronsymbol/tron_symbol_right"},
{"predicate": {"custom_model_data": 999996}, "model": "item/lightlines/tronsymbol/tron_symbol_left"},
{"predicate": {"custom_model_data": 999997}, "model": "item/lightlines/tronsymbol/tron_symbol"},
{"predicate": {"custom_model_data": 999998}, "model": "item/screens/screen"},
{"predicate": {"custom_model_data": 999999}, "model": "item/screens/curtain"}
] 
}