{
"parent": "item/generated",
"textures": {
"layer0": "item/paper"
},

"overrides": [
{"predicate": {"custom_model_data": 1}, "model": "item/wing_chutes/black/blue"},
{"predicate": {"custom_model_data": 2}, "model": "item/wing_chutes/black/orange"},
{"predicate": {"custom_model_data": 3}, "model": "item/wing_chutes/black/green"},

{"predicate": {"custom_model_data":11}, "model": "item/wing_chutes/white/blue"},
{"predicate": {"custom_model_data":12}, "model": "item/wing_chutes/white/orange"},
{"predicate": {"custom_model_data":13}, "model": "item/wing_chutes/white/green"}
]
}
