{"parent":"item/handheld","textures":{"layer0":"item/stick"},"overrides":[{"predicate":{"custom_model_data":1},"model":"tron_reloaded:item/drill/head"},{"predicate":{"custom_model_data":2},"model":"tron_reloaded:item/drill/base"},{"predicate":{"custom_model_data":4},"model":"tron_reloaded:item/drill/uncompiled"},{"predicate":{"custom_model_data":5},"model":"tron_reloaded:item/baton/closed"},{"predicate":{"custom_model_data":6},"model":"tron_reloaded:item/baton/closed_wire"},{"predicate":{"custom_model_data":7},"model":"minecraft:item/stick"}]}