{
	"credit": "Made by Flubberschnub",
	"textures": {
		"0": "blocks/encom786/batonsilver",
		"1": "blocks/encom786/metallic",
		"2": "blocks/encom786/blueemitter",
		"particle": "blocks/encom786/batonsilver"
	},
	"elements": [
		{
			"from": [7.625, 1, -1.5],
			"to": [8.875, 1.125, -1],
			"faces": {
				"north": {"uv": [0, 0, 1.25, 0.125], "texture": "#1"},
				"east": {"uv": [0, 0, 0.5, 0.125], "texture": "#1"},
				"south": {"uv": [0, 0, 1.25, 0.125], "texture": "#1"},
				"west": {"uv": [0, 0, 0.5, 0.125], "texture": "#1"},
				"up": {"uv": [0, 0, 1.25, 0.5], "texture": "#1"},
				"down": {"uv": [0, 0, 1.25, 0.5], "texture": "#1"}
			}
		},
		{
			"from": [7.625, -0.125, -1.5],
			"to": [8.875, 0, -1],
			"faces": {
				"north": {"uv": [0, 0, 1.25, 0.125], "texture": "#1"},
				"east": {"uv": [0, 0, 0.5, 0.125], "texture": "#1"},
				"south": {"uv": [0, 0, 1.25, 0.125], "texture": "#1"},
				"west": {"uv": [0, 0, 0.5, 0.125], "texture": "#1"},
				"up": {"uv": [0, 0, 1.25, 0.5], "texture": "#1"},
				"down": {"uv": [0, 0, 1.25, 0.5], "texture": "#1"}
			}
		},
		{
			"from": [7.5, 0, -1.5],
			"to": [9, 1, -1],
			"faces": {
				"north": {"uv": [0, 0, 1.5, 1], "texture": "#1"},
				"east": {"uv": [0, 0, 0.5, 1], "texture": "#1"},
				"south": {"uv": [0, 0, 1.5, 1], "texture": "#1"},
				"west": {"uv": [0, 0, 0.5, 1], "texture": "#1"},
				"up": {"uv": [0, 0, 1.5, 0.5], "texture": "#1"},
				"down": {"uv": [0, 0, 1.5, 0.5], "texture": "#1"}
			}
		},
		{
			"from": [7.375, 0.125, -1.5],
			"to": [7.5, 0.875, -1],
			"faces": {
				"north": {"uv": [0, 0, 0.125, 0.75], "texture": "#1"},
				"east": {"uv": [0, 0, 0.5, 0.75], "texture": "#1"},
				"south": {"uv": [0, 0, 0.125, 0.75], "texture": "#1"},
				"west": {"uv": [0, 0, 0.5, 0.75], "texture": "#1"},
				"up": {"uv": [0, 0, 0.125, 0.5], "texture": "#1"},
				"down": {"uv": [0, 0, 0.125, 0.5], "texture": "#1"}
			}
		},
		{
			"from": [9, 0.125, -1.5],
			"to": [9.125, 0.875, -1],
			"faces": {
				"north": {"uv": [0, 0, 0.125, 0.75], "texture": "#1"},
				"east": {"uv": [0, 0, 0.5, 0.75], "texture": "#1"},
				"south": {"uv": [0, 0, 0.125, 0.75], "texture": "#1"},
				"west": {"uv": [0, 0, 0.5, 0.75], "texture": "#1"},
				"up": {"uv": [0, 0, 0.125, 0.5], "texture": "#1"},
				"down": {"uv": [0, 0, 0.125, 0.5], "texture": "#1"}
			}
		},
		{
			"from": [7.625, 0.9375, -1.5625],
			"to": [8.875, 1, -1.5],
			"faces": {
				"north": {"uv": [0, 0, 1.25, 0.0625], "texture": "#2"},
				"east": {"uv": [0, 0, 0.0625, 0.0625], "texture": "#2"},
				"south": {"uv": [0, 0, 1.25, 0.0625], "texture": "#2"},
				"west": {"uv": [0, 0, 0.0625, 0.0625], "texture": "#2"},
				"up": {"uv": [0, 0, 1.25, 0.0625], "texture": "#2"},
				"down": {"uv": [0, 0, 1.25, 0.0625], "texture": "#2"}
			}
		},
		{
			"from": [7.625, 0, -1.5625],
			"to": [8.875, 0.0625, -1.5],
			"faces": {
				"north": {"uv": [0, 0, 1.25, 0.0625], "texture": "#2"},
				"east": {"uv": [0, 0, 0.0625, 0.0625], "texture": "#2"},
				"south": {"uv": [0, 0, 1.25, 0.0625], "texture": "#2"},
				"west": {"uv": [0, 0, 0.0625, 0.0625], "texture": "#2"},
				"up": {"uv": [0, 0, 1.25, 0.0625], "texture": "#2"},
				"down": {"uv": [0, 0, 1.25, 0.0625], "texture": "#2"}
			}
		},
		{
			"from": [7.5625, 0.875, -1.5625],
			"to": [7.625, 0.9375, -1.5],
			"faces": {
				"north": {"uv": [0, 0, 0.0625, 0.0625], "texture": "#2"},
				"east": {"uv": [0, 0, 0.0625, 0.0625], "texture": "#2"},
				"south": {"uv": [0, 0, 0.0625, 0.0625], "texture": "#2"},
				"west": {"uv": [0, 0, 0.0625, 0.0625], "texture": "#2"},
				"up": {"uv": [0, 0, 0.0625, 0.0625], "texture": "#2"},
				"down": {"uv": [0, 0, 0.0625, 0.0625], "texture": "#2"}
			}
		},
		{
			"from": [8.875, 0.0625, -1.5625],
			"to": [8.9375, 0.125, -1.5],
			"faces": {
				"north": {"uv": [0, 0, 0.0625, 0.0625], "texture": "#2"},
				"east": {"uv": [0, 0, 0.0625, 0.0625], "texture": "#2"},
				"south": {"uv": [0, 0, 0.0625, 0.0625], "texture": "#2"},
				"west": {"uv": [0, 0, 0.0625, 0.0625], "texture": "#2"},
				"up": {"uv": [0, 0, 0.0625, 0.0625], "texture": "#2"},
				"down": {"uv": [0, 0, 0.0625, 0.0625], "texture": "#2"}
			}
		},
		{
			"from": [7.5625, 0.0625, -1.5625],
			"to": [7.625, 0.125, -1.5],
			"faces": {
				"north": {"uv": [0, 0, 0.0625, 0.0625], "texture": "#2"},
				"east": {"uv": [0, 0, 0.0625, 0.0625], "texture": "#2"},
				"south": {"uv": [0, 0, 0.0625, 0.0625], "texture": "#2"},
				"west": {"uv": [0, 0, 0.0625, 0.0625], "texture": "#2"},
				"up": {"uv": [0, 0, 0.0625, 0.0625], "texture": "#2"},
				"down": {"uv": [0, 0, 0.0625, 0.0625], "texture": "#2"}
			}
		},
		{
			"from": [8.875, 0.875, -1.5625],
			"to": [8.9375, 0.9375, -1.5],
			"faces": {
				"north": {"uv": [0, 0, 0.0625, 0.0625], "texture": "#2"},
				"east": {"uv": [0, 0, 0.0625, 0.0625], "texture": "#2"},
				"south": {"uv": [0, 0, 0.0625, 0.0625], "texture": "#2"},
				"west": {"uv": [0, 0, 0.0625, 0.0625], "texture": "#2"},
				"up": {"uv": [0, 0, 0.0625, 0.0625], "texture": "#2"},
				"down": {"uv": [0, 0, 0.0625, 0.0625], "texture": "#2"}
			}
		},
		{
			"from": [7.5, 0.125, -1.5625],
			"to": [7.5625, 0.875, -1.5],
			"faces": {
				"north": {"uv": [0, 0, 0.0625, 0.75], "texture": "#2"},
				"east": {"uv": [0, 0, 0.0625, 0.75], "texture": "#2"},
				"south": {"uv": [0, 0, 0.0625, 0.75], "texture": "#2"},
				"west": {"uv": [0, 0, 0.0625, 0.75], "texture": "#2"},
				"up": {"uv": [0, 0, 0.0625, 0.0625], "texture": "#2"},
				"down": {"uv": [0, 0, 0.0625, 0.0625], "texture": "#2"}
			}
		},
		{
			"from": [8.9375, 0.125, -1.5625],
			"to": [9, 0.875, -1.5],
			"faces": {
				"north": {"uv": [0, 0, 0.0625, 0.75], "texture": "#2"},
				"east": {"uv": [0, 0, 0.0625, 0.75], "texture": "#2"},
				"south": {"uv": [0, 0, 0.0625, 0.75], "texture": "#2"},
				"west": {"uv": [0, 0, 0.0625, 0.75], "texture": "#2"},
				"up": {"uv": [0, 0, 0.0625, 0.0625], "texture": "#2"},
				"down": {"uv": [0, 0, 0.0625, 0.0625], "texture": "#2"}
			}
		},
		{
			"from": [7.75, -0.0625, 6.5],
			"to": [8.75, 1.0625, 7.9375],
			"faces": {
				"north": {"uv": [0, 0, 1, 1.125], "texture": "#0"},
				"east": {"uv": [0, 0, 1.4375, 1.125], "texture": "#0"},
				"south": {"uv": [0, 0, 1, 1.125], "texture": "#0"},
				"west": {"uv": [0, 0, 1.4375, 1.125], "texture": "#0"},
				"up": {"uv": [0, 0, 1, 1.4375], "texture": "#0"},
				"down": {"uv": [0, 0, 1, 1.4375], "texture": "#0"}
			}
		},
		{
			"from": [7.5625, 0.0625, 6.5],
			"to": [8.9375, 0.9375, 7.9375],
			"faces": {
				"north": {"uv": [0, 0, 1.375, 0.875], "texture": "#0"},
				"east": {"uv": [0, 0, 1.4375, 0.875], "texture": "#0"},
				"south": {"uv": [0, 0, 1.375, 0.875], "texture": "#0"},
				"west": {"uv": [0, 0, 1.4375, 0.875], "texture": "#0"},
				"up": {"uv": [0, 0, 1.375, 1.4375], "texture": "#0"},
				"down": {"uv": [0, 0, 1.375, 1.4375], "texture": "#0"}
			}
		},
		{
			"from": [7.4375, 0.25, 6.5],
			"to": [9.0625, 0.75, 7.9375],
			"faces": {
				"north": {"uv": [0, 0, 1.625, 0.5], "texture": "#0"},
				"east": {"uv": [0, 0, 1.4375, 0.5], "texture": "#0"},
				"south": {"uv": [0, 0, 1.625, 0.5], "texture": "#0"},
				"west": {"uv": [0, 0, 1.4375, 0.5], "texture": "#0"},
				"up": {"uv": [0, 0, 1.625, 1.4375], "texture": "#0"},
				"down": {"uv": [0, 0, 1.625, 1.4375], "texture": "#0"}
			}
		},
		{
			"from": [7.9375, 0, 7.6875],
			"to": [8.5625, 1.125, 7.8125],
			"faces": {
				"north": {"uv": [0, 0, 0.625, 1.125], "texture": "#1"},
				"east": {"uv": [0, 0, 0.125, 1.125], "texture": "#1"},
				"south": {"uv": [0, 0, 0.625, 1.125], "texture": "#1"},
				"west": {"uv": [0, 0, 0.125, 1.125], "texture": "#1"},
				"up": {"uv": [0, 0, 0.625, 0.125], "texture": "#1"},
				"down": {"uv": [0, 0, 0.625, 0.125], "texture": "#1"}
			}
		},
		{
			"from": [7.6875, -0.0625, 6.25],
			"to": [8.8125, 1.0625, 6.5],
			"faces": {
				"north": {"uv": [0, 0, 1.125, 1.125], "texture": "#1"},
				"east": {"uv": [0, 0, 0.25, 1.125], "texture": "#1"},
				"south": {"uv": [0, 0, 1.125, 1.125], "texture": "#1"},
				"west": {"uv": [0, 0, 0.25, 1.125], "texture": "#1"},
				"up": {"uv": [0, 0, 1.125, 0.25], "texture": "#1"},
				"down": {"uv": [0, 0, 1.125, 0.25], "texture": "#1"}
			}
		},
		{
			"from": [7.5625, 0.0625, 6.25],
			"to": [8.9375, 0.9375, 6.5],
			"faces": {
				"north": {"uv": [0, 0, 1.375, 0.875], "texture": "#1"},
				"east": {"uv": [0, 0, 0.25, 0.875], "texture": "#1"},
				"south": {"uv": [0, 0, 1.375, 0.875], "texture": "#1"},
				"west": {"uv": [0, 0, 0.25, 0.875], "texture": "#1"},
				"up": {"uv": [0, 0, 1.375, 0.25], "texture": "#1"},
				"down": {"uv": [0, 0, 1.375, 0.25], "texture": "#1"}
			}
		},
		{
			"from": [7.4375, 0.1875, 6.25],
			"to": [9.0625, 0.8125, 6.5],
			"faces": {
				"north": {"uv": [0, 0, 1.625, 0.625], "texture": "#1"},
				"east": {"uv": [0, 0, 0.25, 0.625], "texture": "#1"},
				"south": {"uv": [0, 0, 1.625, 0.625], "texture": "#1"},
				"west": {"uv": [0, 0, 0.25, 0.625], "texture": "#1"},
				"up": {"uv": [0, 0, 1.625, 0.25], "texture": "#1"},
				"down": {"uv": [0, 0, 1.625, 0.25], "texture": "#1"}
			}
		},
		{
			"from": [7.75, 0, -1],
			"to": [8.75, 1, 6.5],
			"faces": {
				"north": {"uv": [0, 0, 1, 1], "texture": "#0"},
				"east": {"uv": [0, 0, 7.5, 1], "texture": "#0"},
				"south": {"uv": [0, 0, 1, 1], "texture": "#0"},
				"west": {"uv": [0, 0, 7.5, 1], "texture": "#0"},
				"up": {"uv": [0, 0, 1, 7.5], "texture": "#0"},
				"down": {"uv": [0, 0, 1, 7.5], "texture": "#0"}
			}
		},
		{
			"from": [7.8125, 1, -0.625],
			"to": [8.6875, 1.0325, 6.25],
			"faces": {
				"north": {"uv": [0, 0, 0.875, 0.0325], "texture": "#0"},
				"east": {"uv": [0, 0, 6.875, 0.0325], "texture": "#0"},
				"south": {"uv": [0, 0, 0.875, 0.0325], "texture": "#0"},
				"west": {"uv": [0, 0, 6.875, 0.0325], "texture": "#0"},
				"up": {"uv": [0, 0, 0.875, 6.875], "texture": "#0"},
				"down": {"uv": [0, 0, 0.875, 6.875], "texture": "#0"}
			}
		},
		{
			"from": [7.875, 1, -0.6875],
			"to": [8.625, 1.0325, -0.625],
			"faces": {
				"north": {"uv": [0, 0, 0.75, 0.0325], "texture": "#0"},
				"east": {"uv": [0, 0, 0.0625, 0.0325], "texture": "#0"},
				"south": {"uv": [0, 0, 0.75, 0.0325], "texture": "#0"},
				"west": {"uv": [0, 0, 0.0625, 0.0325], "texture": "#0"},
				"up": {"uv": [0, 0, 0.75, 0.0625], "texture": "#0"},
				"down": {"uv": [0, 0, 0.75, 0.0625], "texture": "#0"}
			}
		},
		{
			"from": [7.9375, 1, -0.75],
			"to": [8.5625, 1.0325, -0.6875],
			"faces": {
				"north": {"uv": [0, 0, 0.625, 0.0325], "texture": "#0"},
				"east": {"uv": [0, 0, 0.0625, 0.0325], "texture": "#0"},
				"south": {"uv": [0, 0, 0.625, 0.0325], "texture": "#0"},
				"west": {"uv": [0, 0, 0.0625, 0.0325], "texture": "#0"},
				"up": {"uv": [0, 0, 0.625, 0.0625], "texture": "#0"},
				"down": {"uv": [0, 0, 0.625, 0.0625], "texture": "#0"}
			}
		},
		{
			"from": [7.625, 0.125, -1],
			"to": [8.875, 0.875, 6.25],
			"faces": {
				"north": {"uv": [0, 0, 1.25, 0.75], "texture": "#0"},
				"east": {"uv": [0, 0, 7.25, 0.75], "texture": "#0"},
				"south": {"uv": [0, 0, 1.25, 0.75], "texture": "#0"},
				"west": {"uv": [0, 0, 7.25, 0.75], "texture": "#0"},
				"up": {"uv": [0, 0, 1.25, 7.25], "texture": "#0"},
				"down": {"uv": [0, 0, 1.25, 7.25], "texture": "#0"}
			}
		},
		{
			"from": [7.5, 0.25, -1],
			"to": [9, 0.75, 6.5],
			"faces": {
				"north": {"uv": [0, 0, 1.5, 0.5], "texture": "#0"},
				"east": {"uv": [0, 0, 7.5, 0.5], "texture": "#0"},
				"south": {"uv": [0, 0, 1.5, 0.5], "texture": "#0"},
				"west": {"uv": [0, 0, 7.5, 0.5], "texture": "#0"},
				"up": {"uv": [0, 0, 1.5, 7.5], "texture": "#0"},
				"down": {"uv": [0, 0, 1.5, 7.5], "texture": "#0"}
			}
		},
		{
			"name": "hexadecagon",
			"from": [8.17541, 1, -0.625],
			"to": [8.32459, 1.0625, -0.5625],
			"rotation": {"angle": -45, "axis": "y", "origin": [8.25, 0.6875, -0.25]},
			"faces": {
				"north": {"uv": [0, 0, 1, 1], "texture": "#2"},
				"east": {"uv": [0, 0, 1, 1], "texture": "#2"},
				"south": {"uv": [0, 0, 1, 1], "texture": "#2"},
				"west": {"uv": [0, 0, 1, 1], "texture": "#2"},
				"up": {"uv": [0, 0, 1, 1], "texture": "#2"},
				"down": {"uv": [0, 0, 1, 1], "texture": "#2"}
			}
		},
		{
			"name": "hexadecagon",
			"from": [8.17541, 1, -0.625],
			"to": [8.32459, 1.0625, -0.5625],
			"rotation": {"angle": -22.5, "axis": "y", "origin": [8.25, 0.6875, -0.25]},
			"faces": {
				"north": {"uv": [0, 0, 1, 1], "texture": "#2"},
				"east": {"uv": [0, 0, 1, 1], "texture": "#2"},
				"south": {"uv": [0, 0, 1, 1], "texture": "#2"},
				"west": {"uv": [0, 0, 1, 1], "texture": "#2"},
				"up": {"uv": [0, 0, 1, 1], "texture": "#2"},
				"down": {"uv": [0, 0, 1, 1], "texture": "#2"}
			}
		},
		{
			"name": "hexadecagon",
			"from": [8.17541, 1, -0.625],
			"to": [8.32459, 1.0625, -0.5625],
			"rotation": {"angle": 0, "axis": "y", "origin": [8.25, 0.6875, -0.25]},
			"faces": {
				"north": {"uv": [0, 0, 1, 1], "texture": "#2"},
				"east": {"uv": [0, 0, 1, 1], "texture": "#2"},
				"south": {"uv": [0, 0, 1, 1], "texture": "#2"},
				"west": {"uv": [0, 0, 1, 1], "texture": "#2"},
				"up": {"uv": [0, 0, 1, 1], "texture": "#2"},
				"down": {"uv": [0, 0, 1, 1], "texture": "#2"}
			}
		},
		{
			"name": "hexadecagon",
			"from": [8.17541, 1, -0.625],
			"to": [8.32459, 1.0625, -0.5625],
			"rotation": {"angle": 22.5, "axis": "y", "origin": [8.25, 0.6875, -0.25]},
			"faces": {
				"north": {"uv": [0, 0, 1, 1], "texture": "#2"},
				"east": {"uv": [0, 0, 1, 1], "texture": "#2"},
				"south": {"uv": [0, 0, 1, 1], "texture": "#2"},
				"west": {"uv": [0, 0, 1, 1], "texture": "#2"},
				"up": {"uv": [0, 0, 1, 1], "texture": "#2"},
				"down": {"uv": [0, 0, 1, 1], "texture": "#2"}
			}
		},
		{
			"name": "hexadecagon",
			"from": [8.17541, 1, -0.625],
			"to": [8.32459, 1.0625, -0.5625],
			"rotation": {"angle": 45, "axis": "y", "origin": [8.25, 0.6875, -0.25]},
			"faces": {
				"north": {"uv": [0, 0, 1, 1], "texture": "#2"},
				"east": {"uv": [0, 0, 1, 1], "texture": "#2"},
				"south": {"uv": [0, 0, 1, 1], "texture": "#2"},
				"west": {"uv": [0, 0, 1, 1], "texture": "#2"},
				"up": {"uv": [0, 0, 1, 1], "texture": "#2"},
				"down": {"uv": [0, 0, 1, 1], "texture": "#2"}
			}
		},
		{
			"name": "hexadecagon",
			"from": [8.17541, 1, 0.0625],
			"to": [8.32459, 1.0625, 0.125],
			"rotation": {"angle": -45, "axis": "y", "origin": [8.25, 0.6875, -0.25]},
			"faces": {
				"north": {"uv": [0, 0, 1, 1], "texture": "#2"},
				"east": {"uv": [0, 0, 1, 1], "texture": "#2"},
				"south": {"uv": [0, 0, 1, 1], "texture": "#2"},
				"west": {"uv": [0, 0, 1, 1], "texture": "#2"},
				"up": {"uv": [0, 0, 1, 1], "texture": "#2"},
				"down": {"uv": [0, 0, 1, 1], "texture": "#2"}
			}
		},
		{
			"name": "hexadecagon",
			"from": [8.17541, 1, 0.0625],
			"to": [8.32459, 1.0625, 0.125],
			"rotation": {"angle": -22.5, "axis": "y", "origin": [8.25, 0.6875, -0.25]},
			"faces": {
				"north": {"uv": [0, 0, 1, 1], "texture": "#2"},
				"east": {"uv": [0, 0, 1, 1], "texture": "#2"},
				"south": {"uv": [0, 0, 1, 1], "texture": "#2"},
				"west": {"uv": [0, 0, 1, 1], "texture": "#2"},
				"up": {"uv": [0, 0, 1, 1], "texture": "#2"},
				"down": {"uv": [0, 0, 1, 1], "texture": "#2"}
			}
		},
		{
			"name": "hexadecagon",
			"from": [8.17541, 1, 0.0625],
			"to": [8.32459, 1.0625, 0.125],
			"rotation": {"angle": 0, "axis": "y", "origin": [8.25, 0.6875, -0.25]},
			"faces": {
				"north": {"uv": [0, 0, 1, 1], "texture": "#2"},
				"east": {"uv": [0, 0, 1, 1], "texture": "#2"},
				"south": {"uv": [0, 0, 1, 1], "texture": "#2"},
				"west": {"uv": [0, 0, 1, 1], "texture": "#2"},
				"up": {"uv": [0, 0, 1, 1], "texture": "#2"},
				"down": {"uv": [0, 0, 1, 1], "texture": "#2"}
			}
		},
		{
			"name": "hexadecagon",
			"from": [8.17541, 1, 0.0625],
			"to": [8.32459, 1.0625, 0.125],
			"rotation": {"angle": 22.5, "axis": "y", "origin": [8.25, 0.6875, -0.25]},
			"faces": {
				"north": {"uv": [0, 0, 1, 1], "texture": "#2"},
				"east": {"uv": [0, 0, 1, 1], "texture": "#2"},
				"south": {"uv": [0, 0, 1, 1], "texture": "#2"},
				"west": {"uv": [0, 0, 1, 1], "texture": "#2"},
				"up": {"uv": [0, 0, 1, 1], "texture": "#2"},
				"down": {"uv": [0, 0, 1, 1], "texture": "#2"}
			}
		},
		{
			"name": "hexadecagon",
			"from": [8.17541, 1, 0.0625],
			"to": [8.32459, 1.0625, 0.125],
			"rotation": {"angle": 45, "axis": "y", "origin": [8.25, 0.6875, -0.25]},
			"faces": {
				"north": {"uv": [0, 0, 1, 1], "texture": "#2"},
				"east": {"uv": [0, 0, 1, 1], "texture": "#2"},
				"south": {"uv": [0, 0, 1, 1], "texture": "#2"},
				"west": {"uv": [0, 0, 1, 1], "texture": "#2"},
				"up": {"uv": [0, 0, 1, 1], "texture": "#2"},
				"down": {"uv": [0, 0, 1, 1], "texture": "#2"}
			}
		},
		{
			"name": "hexadecagon",
			"from": [7.875, 1, -0.32459],
			"to": [7.9375, 1.0625, -0.17541],
			"rotation": {"angle": -22.5, "axis": "y", "origin": [8.25, 0.6875, -0.25]},
			"faces": {
				"north": {"uv": [0, 0, 1, 1], "texture": "#2"},
				"east": {"uv": [0, 0, 1, 1], "texture": "#2"},
				"south": {"uv": [0, 0, 1, 1], "texture": "#2"},
				"west": {"uv": [0, 0, 1, 1], "texture": "#2"},
				"up": {"uv": [0, 0, 1, 1], "texture": "#2"},
				"down": {"uv": [0, 0, 1, 1], "texture": "#2"}
			}
		},
		{
			"name": "hexadecagon",
			"from": [7.875, 1, -0.32459],
			"to": [7.9375, 1.0625, -0.17541],
			"rotation": {"angle": 0, "axis": "y", "origin": [8.25, 0.6875, -0.25]},
			"faces": {
				"north": {"uv": [0, 0, 1, 1], "texture": "#2"},
				"east": {"uv": [0, 0, 1, 1], "texture": "#2"},
				"south": {"uv": [0, 0, 1, 1], "texture": "#2"},
				"west": {"uv": [0, 0, 1, 1], "texture": "#2"},
				"up": {"uv": [0, 0, 1, 1], "texture": "#2"},
				"down": {"uv": [0, 0, 1, 1], "texture": "#2"}
			}
		},
		{
			"name": "hexadecagon",
			"from": [7.875, 1, -0.32459],
			"to": [7.9375, 1.0625, -0.17541],
			"rotation": {"angle": 22.5, "axis": "y", "origin": [8.25, 0.6875, -0.25]},
			"faces": {
				"north": {"uv": [0, 0, 1, 1], "texture": "#2"},
				"east": {"uv": [0, 0, 1, 1], "texture": "#2"},
				"south": {"uv": [0, 0, 1, 1], "texture": "#2"},
				"west": {"uv": [0, 0, 1, 1], "texture": "#2"},
				"up": {"uv": [0, 0, 1, 1], "texture": "#2"},
				"down": {"uv": [0, 0, 1, 1], "texture": "#2"}
			}
		},
		{
			"name": "hexadecagon",
			"from": [8.5625, 1, -0.32459],
			"to": [8.625, 1.0625, -0.17541],
			"rotation": {"angle": -22.5, "axis": "y", "origin": [8.25, 0.6875, -0.25]},
			"faces": {
				"north": {"uv": [0, 0, 1, 1], "texture": "#2"},
				"east": {"uv": [0, 0, 1, 1], "texture": "#2"},
				"south": {"uv": [0, 0, 1, 1], "texture": "#2"},
				"west": {"uv": [0, 0, 1, 1], "texture": "#2"},
				"up": {"uv": [0, 0, 1, 1], "texture": "#2"},
				"down": {"uv": [0, 0, 1, 1], "texture": "#2"}
			}
		},
		{
			"name": "hexadecagon",
			"from": [8.5625, 1, -0.32459],
			"to": [8.625, 1.0625, -0.17541],
			"rotation": {"angle": 0, "axis": "y", "origin": [8.25, 0.6875, -0.25]},
			"faces": {
				"north": {"uv": [0, 0, 1, 1], "texture": "#2"},
				"east": {"uv": [0, 0, 1, 1], "texture": "#2"},
				"south": {"uv": [0, 0, 1, 1], "texture": "#2"},
				"west": {"uv": [0, 0, 1, 1], "texture": "#2"},
				"up": {"uv": [0, 0, 1, 1], "texture": "#2"},
				"down": {"uv": [0, 0, 1, 1], "texture": "#2"}
			}
		},
		{
			"name": "hexadecagon",
			"from": [8.5625, 1, -0.32459],
			"to": [8.625, 1.0625, -0.17541],
			"rotation": {"angle": 22.5, "axis": "y", "origin": [8.25, 0.6875, -0.25]},
			"faces": {
				"north": {"uv": [0, 0, 1, 1], "texture": "#2"},
				"east": {"uv": [0, 0, 1, 1], "texture": "#2"},
				"south": {"uv": [0, 0, 1, 1], "texture": "#2"},
				"west": {"uv": [0, 0, 1, 1], "texture": "#2"},
				"up": {"uv": [0, 0, 1, 1], "texture": "#2"},
				"down": {"uv": [0, 0, 1, 1], "texture": "#2"}
			}
		},
		{
			"name": "hexadecagon",
			"from": [8.22514, 1, 0.1875],
			"to": [8.27486, 1.0625, 0.4375],
			"rotation": {"angle": -45, "axis": "y", "origin": [8.25, 0.6875, 0.3125]},
			"faces": {
				"north": {"uv": [0, 0, 1, 1], "texture": "#2"},
				"east": {"uv": [0, 0, 1, 1], "texture": "#2"},
				"south": {"uv": [0, 0, 1, 1], "texture": "#2"},
				"west": {"uv": [0, 0, 1, 1], "texture": "#2"},
				"up": {"uv": [0, 0, 1, 1], "texture": "#2"},
				"down": {"uv": [0, 0, 1, 1], "texture": "#2"}
			}
		},
		{
			"name": "hexadecagon",
			"from": [8.22514, 1, 0.1875],
			"to": [8.27486, 1.0625, 0.4375],
			"rotation": {"angle": -22.5, "axis": "y", "origin": [8.25, 0.6875, 0.3125]},
			"faces": {
				"north": {"uv": [0, 0, 1, 1], "texture": "#2"},
				"east": {"uv": [0, 0, 1, 1], "texture": "#2"},
				"south": {"uv": [0, 0, 1, 1], "texture": "#2"},
				"west": {"uv": [0, 0, 1, 1], "texture": "#2"},
				"up": {"uv": [0, 0, 1, 1], "texture": "#2"},
				"down": {"uv": [0, 0, 1, 1], "texture": "#2"}
			}
		},
		{
			"name": "hexadecagon",
			"from": [8.22514, 1, 0.1875],
			"to": [8.27486, 1.0625, 0.4375],
			"rotation": {"angle": 0, "axis": "y", "origin": [8.25, 0.6875, 0.3125]},
			"faces": {
				"north": {"uv": [0, 0, 1, 1], "texture": "#2"},
				"east": {"uv": [0, 0, 1, 1], "texture": "#2"},
				"south": {"uv": [0, 0, 1, 1], "texture": "#2"},
				"west": {"uv": [0, 0, 1, 1], "texture": "#2"},
				"up": {"uv": [0, 0, 1, 1], "texture": "#2"},
				"down": {"uv": [0, 0, 1, 1], "texture": "#2"}
			}
		},
		{
			"name": "hexadecagon",
			"from": [8.22514, 1, 0.1875],
			"to": [8.27486, 1.0625, 0.4375],
			"rotation": {"angle": 22.5, "axis": "y", "origin": [8.25, 0.6875, 0.3125]},
			"faces": {
				"north": {"uv": [0, 0, 1, 1], "texture": "#2"},
				"east": {"uv": [0, 0, 1, 1], "texture": "#2"},
				"south": {"uv": [0, 0, 1, 1], "texture": "#2"},
				"west": {"uv": [0, 0, 1, 1], "texture": "#2"},
				"up": {"uv": [0, 0, 1, 1], "texture": "#2"},
				"down": {"uv": [0, 0, 1, 1], "texture": "#2"}
			}
		},
		{
			"name": "hexadecagon",
			"from": [8.22514, 1, 0.1875],
			"to": [8.27486, 1.0625, 0.4375],
			"rotation": {"angle": 45, "axis": "y", "origin": [8.25, 0.6875, 0.3125]},
			"faces": {
				"north": {"uv": [0, 0, 1, 1], "texture": "#2"},
				"east": {"uv": [0, 0, 1, 1], "texture": "#2"},
				"south": {"uv": [0, 0, 1, 1], "texture": "#2"},
				"west": {"uv": [0, 0, 1, 1], "texture": "#2"},
				"up": {"uv": [0, 0, 1, 1], "texture": "#2"},
				"down": {"uv": [0, 0, 1, 1], "texture": "#2"}
			}
		},
		{
			"name": "hexadecagon",
			"from": [8.125, 1, 0.28764],
			"to": [8.375, 1.0625, 0.33736],
			"rotation": {"angle": -22.5, "axis": "y", "origin": [8.25, 0.6875, 0.3125]},
			"faces": {
				"north": {"uv": [0, 0, 1, 1], "texture": "#2"},
				"east": {"uv": [0, 0, 1, 1], "texture": "#2"},
				"south": {"uv": [0, 0, 1, 1], "texture": "#2"},
				"west": {"uv": [0, 0, 1, 1], "texture": "#2"},
				"up": {"uv": [0, 0, 1, 1], "texture": "#2"},
				"down": {"uv": [0, 0, 1, 1], "texture": "#2"}
			}
		},
		{
			"name": "hexadecagon",
			"from": [8.125, 1, 0.28764],
			"to": [8.375, 1.0625, 0.33736],
			"rotation": {"angle": 0, "axis": "y", "origin": [8.25, 0.6875, 0.3125]},
			"faces": {
				"north": {"uv": [0, 0, 1, 1], "texture": "#2"},
				"east": {"uv": [0, 0, 1, 1], "texture": "#2"},
				"south": {"uv": [0, 0, 1, 1], "texture": "#2"},
				"west": {"uv": [0, 0, 1, 1], "texture": "#2"},
				"up": {"uv": [0, 0, 1, 1], "texture": "#2"},
				"down": {"uv": [0, 0, 1, 1], "texture": "#2"}
			}
		},
		{
			"name": "hexadecagon",
			"from": [8.125, 1, 0.28764],
			"to": [8.375, 1.0625, 0.33736],
			"rotation": {"angle": 22.5, "axis": "y", "origin": [8.25, 0.6875, 0.3125]},
			"faces": {
				"north": {"uv": [0, 0, 1, 1], "texture": "#2"},
				"east": {"uv": [0, 0, 1, 1], "texture": "#2"},
				"south": {"uv": [0, 0, 1, 1], "texture": "#2"},
				"west": {"uv": [0, 0, 1, 1], "texture": "#2"},
				"up": {"uv": [0, 0, 1, 1], "texture": "#2"},
				"down": {"uv": [0, 0, 1, 1], "texture": "#2"}
			}
		}
	],
	"display": {
		"thirdperson_righthand": {
			"rotation": [90, 0, -90],
			"translation": [3.75, 2.5, 1.5],
			"scale": [0, 0, 0]
		},
		"thirdperson_lefthand": {
			"rotation": [-90, 0, -90],
			"translation": [3.75, 2.5, 1.5],
			"scale": [0, 0, 0]
		},
		"firstperson_righthand": {
			"rotation": [44, 0, 0],
			"translation": [1.5, 4.5, 8.5]
		},
		"firstperson_lefthand": {
			"rotation": [44, -180, 0],
			"translation": [1.5, 8.5, 4.75]
		},
		"ground": {
			"translation": [0, 3.5, 0],
			"scale": [0.6, 0.6, 0.6]
		},
		"gui": {
			"rotation": [90, -45, 0]
		},
		"fixed": {
			"rotation": [-90, 0, 0],
			"translation": [0, 0, -8.5]
		}
	},
	"groups": [
		{
			"name": "left",
			"origin": [8, 8, 8],
			"children": [
				{
					"name": "group",
					"origin": [8, 8, 8],
					"children": [0, 1, 2, 3, 4,
						{
							"name": "group",
							"origin": [8, 8, 8],
							"children": [5, 6, 7, 8, 9, 10, 11, 12]
						}
					]
				},
				{
					"name": "middleleft",
					"origin": [8, 8, 8],
					"children": [13, 14, 15, 16, 17, 18, 19]
				},
				{
					"name": "lefthandle",
					"origin": [8, 8, 8],
					"children": [20, 21, 22, 23, 24, 25,
						{
							"name": "hexadecagon",
							"origin": [8, 8, 8],
							"children": [26, 27, 28, 29, 30, 31, 32, 33, 34, 35, 36, 37, 38, 39, 40, 41]
						},
						{
							"name": "hexadecagon",
							"origin": [8, 8, 8],
							"children": [42, 43, 44, 45, 46, 47, 48, 49]
						}
					]
				}
			]
		}
	]
}