{
	"credit": "Made by Flubberschnub",
	"textures": {
		"0": "tron_reloaded:item/baton/blackspecular",
		"1": "tron_reloaded:item/baton/darkmetallic",
		"2": "tron_reloaded:item/baton/blueemitter",
		"particle": "tron_reloaded:item/baton/blackspecular"
	},
	"elements": [
		{
			"from": [7.5625, 0.0625, 9.3],
			"to": [8.9375, 0.9375, 9.5],
			"faces": {
				"north": {"uv": [0, 0, 1.375, 0.875], "texture": "#1"},
				"east": {"uv": [0, 0, 1.5625, 0.875], "texture": "#1"},
				"south": {"uv": [0, 0, 1.375, 0.875], "texture": "#1"},
				"west": {"uv": [0, 0, 1.5625, 0.875], "texture": "#1"},
				"up": {"uv": [0, 0, 1.375, 1.5625], "texture": "#1"},
				"down": {"uv": [0, 0, 1.375, 1.5625], "texture": "#1"}
			}
		},
		{
			"from": [7.4375, 0.25, 8.0625],
			"to": [9.0625, 0.75, 9.5],
			"faces": {
				"north": {"uv": [0, 0, 1.625, 0.5], "texture": "#1"},
				"east": {"uv": [0, 0, 1.4375, 0.5], "texture": "#1"},
				"south": {"uv": [0, 0, 1.625, 0.5], "texture": "#1"},
				"west": {"uv": [0, 0, 1.4375, 0.5], "texture": "#1"},
				"up": {"uv": [0, 0, 1.625, 1.4375], "texture": "#1"},
				"down": {"uv": [0, 0, 1.625, 1.4375], "texture": "#1"}
			}
		},
		{
			"name": "hexadecagon",
			"from": [8.22514, 0.8125, 8.1875],
			"to": [8.27486, 0.875, 8.4375],
			"rotation": {"angle": -45, "axis": "y", "origin": [8.25, 0.5, 8.3125]},
			"faces": {
				"north": {"uv": [0, 0, 1, 1], "texture": "#2"},
				"east": {"uv": [0, 0, 1, 1], "texture": "#2"},
				"south": {"uv": [0, 0, 1, 1], "texture": "#2"},
				"west": {"uv": [0, 0, 1, 1], "texture": "#2"},
				"up": {"uv": [0, 0, 1, 1], "texture": "#2"},
				"down": {"uv": [0, 0, 1, 1], "texture": "#2"}
			}
		},
		{
			"name": "hexadecagon",
			"from": [8.22514, 0.8125, 8.1875],
			"to": [8.27486, 0.875, 8.4375],
			"rotation": {"angle": -22.5, "axis": "y", "origin": [8.25, 0.5, 8.3125]},
			"faces": {
				"north": {"uv": [0, 0, 1, 1], "texture": "#2"},
				"east": {"uv": [0, 0, 1, 1], "texture": "#2"},
				"south": {"uv": [0, 0, 1, 1], "texture": "#2"},
				"west": {"uv": [0, 0, 1, 1], "texture": "#2"},
				"up": {"uv": [0, 0, 1, 1], "texture": "#2"},
				"down": {"uv": [0, 0, 1, 1], "texture": "#2"}
			}
		},
		{
			"name": "hexadecagon",
			"from": [8.22514, 0.8125, 8.1875],
			"to": [8.27486, 0.875, 8.4375],
			"rotation": {"angle": 0, "axis": "y", "origin": [8.25, 0.5, 8.3125]},
			"faces": {
				"north": {"uv": [0, 0, 1, 1], "texture": "#2"},
				"east": {"uv": [0, 0, 1, 1], "texture": "#2"},
				"south": {"uv": [0, 0, 1, 1], "texture": "#2"},
				"west": {"uv": [0, 0, 1, 1], "texture": "#2"},
				"up": {"uv": [0, 0, 1, 1], "texture": "#2"},
				"down": {"uv": [0, 0, 1, 1], "texture": "#2"}
			}
		},
		{
			"name": "hexadecagon",
			"from": [8.22514, 0.8125, 8.1875],
			"to": [8.27486, 0.875, 8.4375],
			"rotation": {"angle": 22.5, "axis": "y", "origin": [8.25, 0.5, 8.3125]},
			"faces": {
				"north": {"uv": [0, 0, 1, 1], "texture": "#2"},
				"east": {"uv": [0, 0, 1, 1], "texture": "#2"},
				"south": {"uv": [0, 0, 1, 1], "texture": "#2"},
				"west": {"uv": [0, 0, 1, 1], "texture": "#2"},
				"up": {"uv": [0, 0, 1, 1], "texture": "#2"},
				"down": {"uv": [0, 0, 1, 1], "texture": "#2"}
			}
		},
		{
			"name": "hexadecagon",
			"from": [8.22514, 0.8125, 8.1875],
			"to": [8.27486, 0.875, 8.4375],
			"rotation": {"angle": 45, "axis": "y", "origin": [8.25, 0.5, 8.3125]},
			"faces": {
				"north": {"uv": [0, 0, 1, 1], "texture": "#2"},
				"east": {"uv": [0, 0, 1, 1], "texture": "#2"},
				"south": {"uv": [0, 0, 1, 1], "texture": "#2"},
				"west": {"uv": [0, 0, 1, 1], "texture": "#2"},
				"up": {"uv": [0, 0, 1, 1], "texture": "#2"},
				"down": {"uv": [0, 0, 1, 1], "texture": "#2"}
			}
		},
		{
			"name": "hexadecagon",
			"from": [8.125, 0.8125, 8.28764],
			"to": [8.375, 0.875, 8.33736],
			"rotation": {"angle": -22.5, "axis": "y", "origin": [8.25, 0.5, 8.3125]},
			"faces": {
				"north": {"uv": [0, 0, 1, 1], "texture": "#2"},
				"east": {"uv": [0, 0, 1, 1], "texture": "#2"},
				"south": {"uv": [0, 0, 1, 1], "texture": "#2"},
				"west": {"uv": [0, 0, 1, 1], "texture": "#2"},
				"up": {"uv": [0, 0, 1, 1], "texture": "#2"},
				"down": {"uv": [0, 0, 1, 1], "texture": "#2"}
			}
		},
		{
			"name": "hexadecagon",
			"from": [8.125, 0.8125, 8.28764],
			"to": [8.375, 0.875, 8.33736],
			"rotation": {"angle": 0, "axis": "y", "origin": [8.25, 0.5, 8.3125]},
			"faces": {
				"north": {"uv": [0, 0, 1, 1], "texture": "#2"},
				"east": {"uv": [0, 0, 1, 1], "texture": "#2"},
				"south": {"uv": [0, 0, 1, 1], "texture": "#2"},
				"west": {"uv": [0, 0, 1, 1], "texture": "#2"},
				"up": {"uv": [0, 0, 1, 1], "texture": "#2"},
				"down": {"uv": [0, 0, 1, 1], "texture": "#2"}
			}
		},
		{
			"name": "hexadecagon",
			"from": [8.125, 0.8125, 8.28764],
			"to": [8.375, 0.875, 8.33736],
			"rotation": {"angle": 22.5, "axis": "y", "origin": [8.25, 0.5, 8.3125]},
			"faces": {
				"north": {"uv": [0, 0, 1, 1], "texture": "#2"},
				"east": {"uv": [0, 0, 1, 1], "texture": "#2"},
				"south": {"uv": [0, 0, 1, 1], "texture": "#2"},
				"west": {"uv": [0, 0, 1, 1], "texture": "#2"},
				"up": {"uv": [0, 0, 1, 1], "texture": "#2"},
				"down": {"uv": [0, 0, 1, 1], "texture": "#2"}
			}
		},
		{
			"name": "hexadecagon",
			"from": [8.22514, 0.8125, 7.5875],
			"to": [8.27486, 0.875, 7.8375],
			"rotation": {"angle": -45, "axis": "y", "origin": [8.25, 0.5, 7.7125]},
			"faces": {
				"north": {"uv": [0, 0, 1, 1], "texture": "#2"},
				"east": {"uv": [0, 0, 1, 1], "texture": "#2"},
				"south": {"uv": [0, 0, 1, 1], "texture": "#2"},
				"west": {"uv": [0, 0, 1, 1], "texture": "#2"},
				"up": {"uv": [0, 0, 1, 1], "texture": "#2"},
				"down": {"uv": [0, 0, 1, 1], "texture": "#2"}
			}
		},
		{
			"name": "hexadecagon",
			"from": [8.22514, 0.8125, 7.5875],
			"to": [8.27486, 0.875, 7.8375],
			"rotation": {"angle": -22.5, "axis": "y", "origin": [8.25, 0.5, 7.7125]},
			"faces": {
				"north": {"uv": [0, 0, 1, 1], "texture": "#2"},
				"east": {"uv": [0, 0, 1, 1], "texture": "#2"},
				"south": {"uv": [0, 0, 1, 1], "texture": "#2"},
				"west": {"uv": [0, 0, 1, 1], "texture": "#2"},
				"up": {"uv": [0, 0, 1, 1], "texture": "#2"},
				"down": {"uv": [0, 0, 1, 1], "texture": "#2"}
			}
		},
		{
			"name": "hexadecagon",
			"from": [8.22514, 0.8125, 7.5875],
			"to": [8.27486, 0.875, 7.8375],
			"rotation": {"angle": 0, "axis": "y", "origin": [8.25, 0.5, 7.7125]},
			"faces": {
				"north": {"uv": [0, 0, 1, 1], "texture": "#2"},
				"east": {"uv": [0, 0, 1, 1], "texture": "#2"},
				"south": {"uv": [0, 0, 1, 1], "texture": "#2"},
				"west": {"uv": [0, 0, 1, 1], "texture": "#2"},
				"up": {"uv": [0, 0, 1, 1], "texture": "#2"},
				"down": {"uv": [0, 0, 1, 1], "texture": "#2"}
			}
		},
		{
			"name": "hexadecagon",
			"from": [8.22514, 0.8125, 7.5875],
			"to": [8.27486, 0.875, 7.8375],
			"rotation": {"angle": 22.5, "axis": "y", "origin": [8.25, 0.5, 7.7125]},
			"faces": {
				"north": {"uv": [0, 0, 1, 1], "texture": "#2"},
				"east": {"uv": [0, 0, 1, 1], "texture": "#2"},
				"south": {"uv": [0, 0, 1, 1], "texture": "#2"},
				"west": {"uv": [0, 0, 1, 1], "texture": "#2"},
				"up": {"uv": [0, 0, 1, 1], "texture": "#2"},
				"down": {"uv": [0, 0, 1, 1], "texture": "#2"}
			}
		},
		{
			"name": "hexadecagon",
			"from": [8.22514, 0.8125, 7.5875],
			"to": [8.27486, 0.875, 7.8375],
			"rotation": {"angle": 45, "axis": "y", "origin": [8.25, 0.5, 7.7125]},
			"faces": {
				"north": {"uv": [0, 0, 1, 1], "texture": "#2"},
				"east": {"uv": [0, 0, 1, 1], "texture": "#2"},
				"south": {"uv": [0, 0, 1, 1], "texture": "#2"},
				"west": {"uv": [0, 0, 1, 1], "texture": "#2"},
				"up": {"uv": [0, 0, 1, 1], "texture": "#2"},
				"down": {"uv": [0, 0, 1, 1], "texture": "#2"}
			}
		},
		{
			"name": "hexadecagon",
			"from": [8.125, 0.8125, 7.68764],
			"to": [8.375, 0.875, 7.73736],
			"rotation": {"angle": -22.5, "axis": "y", "origin": [8.25, 0.5, 7.7125]},
			"faces": {
				"north": {"uv": [0, 0, 1, 1], "texture": "#2"},
				"east": {"uv": [0, 0, 1, 1], "texture": "#2"},
				"south": {"uv": [0, 0, 1, 1], "texture": "#2"},
				"west": {"uv": [0, 0, 1, 1], "texture": "#2"},
				"up": {"uv": [0, 0, 1, 1], "texture": "#2"},
				"down": {"uv": [0, 0, 1, 1], "texture": "#2"}
			}
		},
		{
			"name": "hexadecagon",
			"from": [8.125, 0.8125, 7.68764],
			"to": [8.375, 0.875, 7.73736],
			"rotation": {"angle": 0, "axis": "y", "origin": [8.25, 0.5, 7.7125]},
			"faces": {
				"north": {"uv": [0, 0, 1, 1], "texture": "#2"},
				"east": {"uv": [0, 0, 1, 1], "texture": "#2"},
				"south": {"uv": [0, 0, 1, 1], "texture": "#2"},
				"west": {"uv": [0, 0, 1, 1], "texture": "#2"},
				"up": {"uv": [0, 0, 1, 1], "texture": "#2"},
				"down": {"uv": [0, 0, 1, 1], "texture": "#2"}
			}
		},
		{
			"name": "hexadecagon",
			"from": [8.125, 0.8125, 7.68764],
			"to": [8.375, 0.875, 7.73736],
			"rotation": {"angle": 22.5, "axis": "y", "origin": [8.25, 0.5, 7.7125]},
			"faces": {
				"north": {"uv": [0, 0, 1, 1], "texture": "#2"},
				"east": {"uv": [0, 0, 1, 1], "texture": "#2"},
				"south": {"uv": [0, 0, 1, 1], "texture": "#2"},
				"west": {"uv": [0, 0, 1, 1], "texture": "#2"},
				"up": {"uv": [0, 0, 1, 1], "texture": "#2"},
				"down": {"uv": [0, 0, 1, 1], "texture": "#2"}
			}
		},
		{
			"name": "hexadecagon",
			"from": [8.22514, 0.8125, 6.9375],
			"to": [8.27486, 0.875, 7.1875],
			"rotation": {"angle": -45, "axis": "y", "origin": [8.25, 0.5, 7.0625]},
			"faces": {
				"north": {"uv": [0, 0, 1, 1], "texture": "#2"},
				"east": {"uv": [0, 0, 1, 1], "texture": "#2"},
				"south": {"uv": [0, 0, 1, 1], "texture": "#2"},
				"west": {"uv": [0, 0, 1, 1], "texture": "#2"},
				"up": {"uv": [0, 0, 1, 1], "texture": "#2"},
				"down": {"uv": [0, 0, 1, 1], "texture": "#2"}
			}
		},
		{
			"name": "hexadecagon",
			"from": [8.22514, 0.8125, 6.9375],
			"to": [8.27486, 0.875, 7.1875],
			"rotation": {"angle": -22.5, "axis": "y", "origin": [8.25, 0.5, 7.0625]},
			"faces": {
				"north": {"uv": [0, 0, 1, 1], "texture": "#2"},
				"east": {"uv": [0, 0, 1, 1], "texture": "#2"},
				"south": {"uv": [0, 0, 1, 1], "texture": "#2"},
				"west": {"uv": [0, 0, 1, 1], "texture": "#2"},
				"up": {"uv": [0, 0, 1, 1], "texture": "#2"},
				"down": {"uv": [0, 0, 1, 1], "texture": "#2"}
			}
		},
		{
			"name": "hexadecagon",
			"from": [8.22514, 0.8125, 6.9375],
			"to": [8.27486, 0.875, 7.1875],
			"rotation": {"angle": 0, "axis": "y", "origin": [8.25, 0.5, 7.0625]},
			"faces": {
				"north": {"uv": [0, 0, 1, 1], "texture": "#2"},
				"east": {"uv": [0, 0, 1, 1], "texture": "#2"},
				"south": {"uv": [0, 0, 1, 1], "texture": "#2"},
				"west": {"uv": [0, 0, 1, 1], "texture": "#2"},
				"up": {"uv": [0, 0, 1, 1], "texture": "#2"},
				"down": {"uv": [0, 0, 1, 1], "texture": "#2"}
			}
		},
		{
			"name": "hexadecagon",
			"from": [8.22514, 0.8125, 6.9375],
			"to": [8.27486, 0.875, 7.1875],
			"rotation": {"angle": 22.5, "axis": "y", "origin": [8.25, 0.5, 7.0625]},
			"faces": {
				"north": {"uv": [0, 0, 1, 1], "texture": "#2"},
				"east": {"uv": [0, 0, 1, 1], "texture": "#2"},
				"south": {"uv": [0, 0, 1, 1], "texture": "#2"},
				"west": {"uv": [0, 0, 1, 1], "texture": "#2"},
				"up": {"uv": [0, 0, 1, 1], "texture": "#2"},
				"down": {"uv": [0, 0, 1, 1], "texture": "#2"}
			}
		},
		{
			"name": "hexadecagon",
			"from": [8.22514, 0.8125, 6.9375],
			"to": [8.27486, 0.875, 7.1875],
			"rotation": {"angle": 45, "axis": "y", "origin": [8.25, 0.5, 7.0625]},
			"faces": {
				"north": {"uv": [0, 0, 1, 1], "texture": "#2"},
				"east": {"uv": [0, 0, 1, 1], "texture": "#2"},
				"south": {"uv": [0, 0, 1, 1], "texture": "#2"},
				"west": {"uv": [0, 0, 1, 1], "texture": "#2"},
				"up": {"uv": [0, 0, 1, 1], "texture": "#2"},
				"down": {"uv": [0, 0, 1, 1], "texture": "#2"}
			}
		},
		{
			"name": "hexadecagon",
			"from": [8.125, 0.8125, 7.03764],
			"to": [8.375, 0.875, 7.08736],
			"rotation": {"angle": -22.5, "axis": "y", "origin": [8.25, 0.5, 7.0625]},
			"faces": {
				"north": {"uv": [0, 0, 1, 1], "texture": "#2"},
				"east": {"uv": [0, 0, 1, 1], "texture": "#2"},
				"south": {"uv": [0, 0, 1, 1], "texture": "#2"},
				"west": {"uv": [0, 0, 1, 1], "texture": "#2"},
				"up": {"uv": [0, 0, 1, 1], "texture": "#2"},
				"down": {"uv": [0, 0, 1, 1], "texture": "#2"}
			}
		},
		{
			"name": "hexadecagon",
			"from": [8.125, 0.8125, 7.03764],
			"to": [8.375, 0.875, 7.08736],
			"rotation": {"angle": 0, "axis": "y", "origin": [8.25, 0.5, 7.0625]},
			"faces": {
				"north": {"uv": [0, 0, 1, 1], "texture": "#2"},
				"east": {"uv": [0, 0, 1, 1], "texture": "#2"},
				"south": {"uv": [0, 0, 1, 1], "texture": "#2"},
				"west": {"uv": [0, 0, 1, 1], "texture": "#2"},
				"up": {"uv": [0, 0, 1, 1], "texture": "#2"},
				"down": {"uv": [0, 0, 1, 1], "texture": "#2"}
			}
		},
		{
			"name": "hexadecagon",
			"from": [8.125, 0.8125, 7.03764],
			"to": [8.375, 0.875, 7.08736],
			"rotation": {"angle": 22.5, "axis": "y", "origin": [8.25, 0.5, 7.0625]},
			"faces": {
				"north": {"uv": [0, 0, 1, 1], "texture": "#2"},
				"east": {"uv": [0, 0, 1, 1], "texture": "#2"},
				"south": {"uv": [0, 0, 1, 1], "texture": "#2"},
				"west": {"uv": [0, 0, 1, 1], "texture": "#2"},
				"up": {"uv": [0, 0, 1, 1], "texture": "#2"},
				"down": {"uv": [0, 0, 1, 1], "texture": "#2"}
			}
		},
		{
			"name": "hexadecagon",
			"from": [8.22514, 0.8125, 8.8375],
			"to": [8.27486, 0.875, 9.0875],
			"rotation": {"angle": -45, "axis": "y", "origin": [8.25, 0.5, 8.9625]},
			"faces": {
				"north": {"uv": [0, 0, 1, 1], "texture": "#2"},
				"east": {"uv": [0, 0, 1, 1], "texture": "#2"},
				"south": {"uv": [0, 0, 1, 1], "texture": "#2"},
				"west": {"uv": [0, 0, 1, 1], "texture": "#2"},
				"up": {"uv": [0, 0, 1, 1], "texture": "#2"},
				"down": {"uv": [0, 0, 1, 1], "texture": "#2"}
			}
		},
		{
			"name": "hexadecagon",
			"from": [8.22514, 0.8125, 8.8375],
			"to": [8.27486, 0.875, 9.0875],
			"rotation": {"angle": -22.5, "axis": "y", "origin": [8.25, 0.5, 8.9625]},
			"faces": {
				"north": {"uv": [0, 0, 1, 1], "texture": "#2"},
				"east": {"uv": [0, 0, 1, 1], "texture": "#2"},
				"south": {"uv": [0, 0, 1, 1], "texture": "#2"},
				"west": {"uv": [0, 0, 1, 1], "texture": "#2"},
				"up": {"uv": [0, 0, 1, 1], "texture": "#2"},
				"down": {"uv": [0, 0, 1, 1], "texture": "#2"}
			}
		},
		{
			"name": "hexadecagon",
			"from": [8.22514, 0.8125, 8.8375],
			"to": [8.27486, 0.875, 9.0875],
			"rotation": {"angle": 0, "axis": "y", "origin": [8.25, 0.5, 8.9625]},
			"faces": {
				"north": {"uv": [0, 0, 1, 1], "texture": "#2"},
				"east": {"uv": [0, 0, 1, 1], "texture": "#2"},
				"south": {"uv": [0, 0, 1, 1], "texture": "#2"},
				"west": {"uv": [0, 0, 1, 1], "texture": "#2"},
				"up": {"uv": [0, 0, 1, 1], "texture": "#2"},
				"down": {"uv": [0, 0, 1, 1], "texture": "#2"}
			}
		},
		{
			"name": "hexadecagon",
			"from": [8.22514, 0.8125, 8.8375],
			"to": [8.27486, 0.875, 9.0875],
			"rotation": {"angle": 22.5, "axis": "y", "origin": [8.25, 0.5, 8.9625]},
			"faces": {
				"north": {"uv": [0, 0, 1, 1], "texture": "#2"},
				"east": {"uv": [0, 0, 1, 1], "texture": "#2"},
				"south": {"uv": [0, 0, 1, 1], "texture": "#2"},
				"west": {"uv": [0, 0, 1, 1], "texture": "#2"},
				"up": {"uv": [0, 0, 1, 1], "texture": "#2"},
				"down": {"uv": [0, 0, 1, 1], "texture": "#2"}
			}
		},
		{
			"name": "hexadecagon",
			"from": [8.22514, 0.8125, 8.8375],
			"to": [8.27486, 0.875, 9.0875],
			"rotation": {"angle": 45, "axis": "y", "origin": [8.25, 0.5, 8.9625]},
			"faces": {
				"north": {"uv": [0, 0, 1, 1], "texture": "#2"},
				"east": {"uv": [0, 0, 1, 1], "texture": "#2"},
				"south": {"uv": [0, 0, 1, 1], "texture": "#2"},
				"west": {"uv": [0, 0, 1, 1], "texture": "#2"},
				"up": {"uv": [0, 0, 1, 1], "texture": "#2"},
				"down": {"uv": [0, 0, 1, 1], "texture": "#2"}
			}
		},
		{
			"name": "hexadecagon",
			"from": [8.125, 0.8125, 8.93764],
			"to": [8.375, 0.875, 8.98736],
			"rotation": {"angle": -22.5, "axis": "y", "origin": [8.25, 0.5, 8.9625]},
			"faces": {
				"north": {"uv": [0, 0, 1, 1], "texture": "#2"},
				"east": {"uv": [0, 0, 1, 1], "texture": "#2"},
				"south": {"uv": [0, 0, 1, 1], "texture": "#2"},
				"west": {"uv": [0, 0, 1, 1], "texture": "#2"},
				"up": {"uv": [0, 0, 1, 1], "texture": "#2"},
				"down": {"uv": [0, 0, 1, 1], "texture": "#2"}
			}
		},
		{
			"name": "hexadecagon",
			"from": [8.125, 0.8125, 8.93764],
			"to": [8.375, 0.875, 8.98736],
			"rotation": {"angle": 0, "axis": "y", "origin": [8.25, 0.5, 8.9625]},
			"faces": {
				"north": {"uv": [0, 0, 1, 1], "texture": "#2"},
				"east": {"uv": [0, 0, 1, 1], "texture": "#2"},
				"south": {"uv": [0, 0, 1, 1], "texture": "#2"},
				"west": {"uv": [0, 0, 1, 1], "texture": "#2"},
				"up": {"uv": [0, 0, 1, 1], "texture": "#2"},
				"down": {"uv": [0, 0, 1, 1], "texture": "#2"}
			}
		},
		{
			"name": "hexadecagon",
			"from": [8.125, 0.8125, 8.93764],
			"to": [8.375, 0.875, 8.98736],
			"rotation": {"angle": 22.5, "axis": "y", "origin": [8.25, 0.5, 8.9625]},
			"faces": {
				"north": {"uv": [0, 0, 1, 1], "texture": "#2"},
				"east": {"uv": [0, 0, 1, 1], "texture": "#2"},
				"south": {"uv": [0, 0, 1, 1], "texture": "#2"},
				"west": {"uv": [0, 0, 1, 1], "texture": "#2"},
				"up": {"uv": [0, 0, 1, 1], "texture": "#2"},
				"down": {"uv": [0, 0, 1, 1], "texture": "#2"}
			}
		},
		{
			"from": [7.625, -0.125, 16],
			"to": [8.875, 0, 16.5],
			"rotation": {"angle": 0, "axis": "y", "origin": [8, 8, 7]},
			"faces": {
				"north": {"uv": [0, 0, 1.25, 0.125], "texture": "#1"},
				"east": {"uv": [0, 0, 0.5, 0.125], "texture": "#1"},
				"south": {"uv": [0, 0, 1.25, 0.125], "texture": "#1"},
				"west": {"uv": [0, 0, 0.5, 0.125], "texture": "#1"},
				"up": {"uv": [0, 0, 1.25, 0.5], "texture": "#1"},
				"down": {"uv": [0, 0, 1.25, 0.5], "texture": "#1"}
			}
		},
		{
			"from": [7.625, 1, 16],
			"to": [8.875, 1.125, 16.5],
			"rotation": {"angle": 0, "axis": "y", "origin": [8, 8, 7]},
			"faces": {
				"north": {"uv": [0, 0, 1.25, 0.125], "texture": "#1"},
				"east": {"uv": [0, 0, 0.5, 0.125], "texture": "#1"},
				"south": {"uv": [0, 0, 1.25, 0.125], "texture": "#1"},
				"west": {"uv": [0, 0, 0.5, 0.125], "texture": "#1"},
				"up": {"uv": [0, 0, 1.25, 0.5], "texture": "#1"},
				"down": {"uv": [0, 0, 1.25, 0.5], "texture": "#1"}
			}
		},
		{
			"from": [7.5, 0, 16],
			"to": [9, 1, 16.5],
			"rotation": {"angle": 0, "axis": "y", "origin": [8, 8, 7]},
			"faces": {
				"north": {"uv": [0, 0, 1.5, 1], "texture": "#1"},
				"east": {"uv": [0, 0, 0.5, 1], "texture": "#1"},
				"south": {"uv": [0, 0, 1.5, 1], "texture": "#1"},
				"west": {"uv": [0, 0, 0.5, 1], "texture": "#1"},
				"up": {"uv": [0, 0, 1.5, 0.5], "texture": "#1"},
				"down": {"uv": [0, 0, 1.5, 0.5], "texture": "#1"}
			}
		},
		{
			"from": [7.375, 0.125, 16],
			"to": [7.5, 0.875, 16.5],
			"rotation": {"angle": 0, "axis": "y", "origin": [8, 8, 7]},
			"faces": {
				"north": {"uv": [0, 0, 0.125, 0.75], "texture": "#1"},
				"east": {"uv": [0, 0, 0.5, 0.75], "texture": "#1"},
				"south": {"uv": [0, 0, 0.125, 0.75], "texture": "#1"},
				"west": {"uv": [0, 0, 0.5, 0.75], "texture": "#1"},
				"up": {"uv": [0, 0, 0.125, 0.5], "texture": "#1"},
				"down": {"uv": [0, 0, 0.125, 0.5], "texture": "#1"}
			}
		},
		{
			"from": [9, 0.125, 16],
			"to": [9.125, 0.875, 16.5],
			"rotation": {"angle": 0, "axis": "y", "origin": [8, 8, 7]},
			"faces": {
				"north": {"uv": [0, 0, 0.125, 0.75], "texture": "#1"},
				"east": {"uv": [0, 0, 0.5, 0.75], "texture": "#1"},
				"south": {"uv": [0, 0, 0.125, 0.75], "texture": "#1"},
				"west": {"uv": [0, 0, 0.5, 0.75], "texture": "#1"},
				"up": {"uv": [0, 0, 0.125, 0.5], "texture": "#1"},
				"down": {"uv": [0, 0, 0.125, 0.5], "texture": "#1"}
			}
		},
		{
			"from": [7.625, 0.9375, 16.5],
			"to": [8.875, 1, 16.5625],
			"rotation": {"angle": 0, "axis": "y", "origin": [8, 8, 7]},
			"faces": {
				"north": {"uv": [0, 0, 1.25, 0.0625], "texture": "#2"},
				"east": {"uv": [0, 0, 0.0625, 0.0625], "texture": "#2"},
				"south": {"uv": [0, 0, 1.25, 0.0625], "texture": "#2"},
				"west": {"uv": [0, 0, 0.0625, 0.0625], "texture": "#2"},
				"up": {"uv": [0, 0, 1.25, 0.0625], "texture": "#2"},
				"down": {"uv": [0, 0, 1.25, 0.0625], "texture": "#2"}
			}
		},
		{
			"from": [7.625, 0, 16.5],
			"to": [8.875, 0.0625, 16.5625],
			"rotation": {"angle": 0, "axis": "y", "origin": [8, 8, 7]},
			"faces": {
				"north": {"uv": [0, 0, 1.25, 0.0625], "texture": "#2"},
				"east": {"uv": [0, 0, 0.0625, 0.0625], "texture": "#2"},
				"south": {"uv": [0, 0, 1.25, 0.0625], "texture": "#2"},
				"west": {"uv": [0, 0, 0.0625, 0.0625], "texture": "#2"},
				"up": {"uv": [0, 0, 1.25, 0.0625], "texture": "#2"},
				"down": {"uv": [0, 0, 1.25, 0.0625], "texture": "#2"}
			}
		},
		{
			"from": [7.5625, 0.875, 16.5],
			"to": [7.625, 0.9375, 16.5625],
			"rotation": {"angle": 0, "axis": "y", "origin": [8, 8, 7]},
			"faces": {
				"north": {"uv": [0, 0, 0.0625, 0.0625], "texture": "#2"},
				"east": {"uv": [0, 0, 0.0625, 0.0625], "texture": "#2"},
				"south": {"uv": [0, 0, 0.0625, 0.0625], "texture": "#2"},
				"west": {"uv": [0, 0, 0.0625, 0.0625], "texture": "#2"},
				"up": {"uv": [0, 0, 0.0625, 0.0625], "texture": "#2"},
				"down": {"uv": [0, 0, 0.0625, 0.0625], "texture": "#2"}
			}
		},
		{
			"from": [8.875, 0.0625, 16.5],
			"to": [8.9375, 0.125, 16.5625],
			"rotation": {"angle": 0, "axis": "y", "origin": [8, 8, 7]},
			"faces": {
				"north": {"uv": [0, 0, 0.0625, 0.0625], "texture": "#2"},
				"east": {"uv": [0, 0, 0.0625, 0.0625], "texture": "#2"},
				"south": {"uv": [0, 0, 0.0625, 0.0625], "texture": "#2"},
				"west": {"uv": [0, 0, 0.0625, 0.0625], "texture": "#2"},
				"up": {"uv": [0, 0, 0.0625, 0.0625], "texture": "#2"},
				"down": {"uv": [0, 0, 0.0625, 0.0625], "texture": "#2"}
			}
		},
		{
			"from": [7.5625, 0.0625, 16.5],
			"to": [7.625, 0.125, 16.5625],
			"rotation": {"angle": 0, "axis": "y", "origin": [8, 8, 7]},
			"faces": {
				"north": {"uv": [0, 0, 0.0625, 0.0625], "texture": "#2"},
				"east": {"uv": [0, 0, 0.0625, 0.0625], "texture": "#2"},
				"south": {"uv": [0, 0, 0.0625, 0.0625], "texture": "#2"},
				"west": {"uv": [0, 0, 0.0625, 0.0625], "texture": "#2"},
				"up": {"uv": [0, 0, 0.0625, 0.0625], "texture": "#2"},
				"down": {"uv": [0, 0, 0.0625, 0.0625], "texture": "#2"}
			}
		},
		{
			"from": [8.875, 0.875, 16.5],
			"to": [8.9375, 0.9375, 16.5625],
			"rotation": {"angle": 0, "axis": "y", "origin": [8, 8, 7]},
			"faces": {
				"north": {"uv": [0, 0, 0.0625, 0.0625], "texture": "#2"},
				"east": {"uv": [0, 0, 0.0625, 0.0625], "texture": "#2"},
				"south": {"uv": [0, 0, 0.0625, 0.0625], "texture": "#2"},
				"west": {"uv": [0, 0, 0.0625, 0.0625], "texture": "#2"},
				"up": {"uv": [0, 0, 0.0625, 0.0625], "texture": "#2"},
				"down": {"uv": [0, 0, 0.0625, 0.0625], "texture": "#2"}
			}
		},
		{
			"from": [7.5, 0.125, 16.5],
			"to": [7.5625, 0.875, 16.5625],
			"rotation": {"angle": 0, "axis": "y", "origin": [8, 8, 7]},
			"faces": {
				"north": {"uv": [0, 0, 0.0625, 0.75], "texture": "#2"},
				"east": {"uv": [0, 0, 0.0625, 0.75], "texture": "#2"},
				"south": {"uv": [0, 0, 0.0625, 0.75], "texture": "#2"},
				"west": {"uv": [0, 0, 0.0625, 0.75], "texture": "#2"},
				"up": {"uv": [0, 0, 0.0625, 0.0625], "texture": "#2"},
				"down": {"uv": [0, 0, 0.0625, 0.0625], "texture": "#2"}
			}
		},
		{
			"from": [8.9375, 0.125, 16.5],
			"to": [9, 0.875, 16.5625],
			"rotation": {"angle": 0, "axis": "y", "origin": [8, 8, 7]},
			"faces": {
				"north": {"uv": [0, 0, 0.0625, 0.75], "texture": "#2"},
				"east": {"uv": [0, 0, 0.0625, 0.75], "texture": "#2"},
				"south": {"uv": [0, 0, 0.0625, 0.75], "texture": "#2"},
				"west": {"uv": [0, 0, 0.0625, 0.75], "texture": "#2"},
				"up": {"uv": [0, 0, 0.0625, 0.0625], "texture": "#2"},
				"down": {"uv": [0, 0, 0.0625, 0.0625], "texture": "#2"}
			}
		},
		{
			"from": [7.75, 0, 9.5],
			"to": [8.75, 1, 16],
			"faces": {
				"north": {"uv": [0, 0, 1, 1], "texture": "#0"},
				"east": {"uv": [0, 0, 7.5, 1], "texture": "#0"},
				"south": {"uv": [0, 0, 1, 1], "texture": "#0"},
				"west": {"uv": [0, 0, 7.5, 1], "texture": "#0"},
				"up": {"uv": [0, 0, 1, 7.5], "texture": "#0"},
				"down": {"uv": [0, 0, 1, 7.5], "texture": "#0"}
			}
		},
		{
			"from": [7.625, 0.125, 9.75],
			"to": [8.875, 0.875, 16],
			"faces": {
				"north": {"uv": [0, 0, 1.25, 0.75], "texture": "#0"},
				"east": {"uv": [0, 0, 7.25, 0.75], "texture": "#0"},
				"south": {"uv": [0, 0, 1.25, 0.75], "texture": "#0"},
				"west": {"uv": [0, 0, 7.25, 0.75], "texture": "#0"},
				"up": {"uv": [0, 0, 1.25, 7.25], "texture": "#0"},
				"down": {"uv": [0, 0, 1.25, 7.25], "texture": "#0"}
			}
		},
		{
			"from": [7.5, 0.25, 9.5],
			"to": [9, 0.75, 16],
			"faces": {
				"north": {"uv": [0, 0, 1.5, 0.5], "texture": "#0"},
				"east": {"uv": [0, 0, 7.5, 0.5], "texture": "#0"},
				"south": {"uv": [0, 0, 1.5, 0.5], "texture": "#0"},
				"west": {"uv": [0, 0, 7.5, 0.5], "texture": "#0"},
				"up": {"uv": [0, 0, 1.5, 7.5], "texture": "#0"},
				"down": {"uv": [0, 0, 1.5, 7.5], "texture": "#0"}
			}
		},
		{
			"from": [7.8125, 1, 9.75],
			"to": [8.6875, 1.0325, 15.625],
			"faces": {
				"north": {"uv": [0, 0, 0.875, 0.0325], "texture": "#0"},
				"east": {"uv": [0, 0, 6.875, 0.0325], "texture": "#0"},
				"south": {"uv": [0, 0, 0.875, 0.0325], "texture": "#0"},
				"west": {"uv": [0, 0, 6.875, 0.0325], "texture": "#0"},
				"up": {"uv": [0, 0, 0.875, 6.875], "rotation": 180, "texture": "#0"},
				"down": {"uv": [0, 0, 0.875, 6.875], "rotation": 180, "texture": "#0"}
			}
		},
		{
			"from": [7.875, 1, 15.625],
			"to": [8.625, 1.0325, 15.6875],
			"rotation": {"angle": 0, "axis": "y", "origin": [8, 8, 7]},
			"faces": {
				"north": {"uv": [0, 0, 0.75, 0.0325], "texture": "#0"},
				"east": {"uv": [0, 0, 0.0625, 0.0325], "texture": "#0"},
				"south": {"uv": [0, 0, 0.75, 0.0325], "texture": "#0"},
				"west": {"uv": [0, 0, 0.0625, 0.0325], "texture": "#0"},
				"up": {"uv": [0, 0, 0.75, 0.0625], "rotation": 180, "texture": "#0"},
				"down": {"uv": [0, 0, 0.75, 0.0625], "rotation": 180, "texture": "#0"}
			}
		},
		{
			"from": [7.9375, 1, 15.6875],
			"to": [8.5625, 1.0325, 15.75],
			"rotation": {"angle": 0, "axis": "y", "origin": [8, 8, 7]},
			"faces": {
				"north": {"uv": [0, 0, 0.625, 0.0325], "texture": "#0"},
				"east": {"uv": [0, 0, 0.0625, 0.0325], "texture": "#0"},
				"south": {"uv": [0, 0, 0.625, 0.0325], "texture": "#0"},
				"west": {"uv": [0, 0, 0.0625, 0.0325], "texture": "#0"},
				"up": {"uv": [0, 0, 0.625, 0.0625], "rotation": 180, "texture": "#0"},
				"down": {"uv": [0, 0, 0.625, 0.0625], "rotation": 180, "texture": "#0"}
			}
		},
		{
			"from": [7.625, 1, -0.5],
			"to": [8.875, 1.125, 0],
			"rotation": {"angle": 0, "axis": "y", "origin": [8, 8, 9]},
			"faces": {
				"north": {"uv": [0, 0, 1.25, 0.125], "texture": "#1"},
				"east": {"uv": [0, 0, 0.5, 0.125], "texture": "#1"},
				"south": {"uv": [0, 0, 1.25, 0.125], "texture": "#1"},
				"west": {"uv": [0, 0, 0.5, 0.125], "texture": "#1"},
				"up": {"uv": [0, 0, 1.25, 0.5], "texture": "#1"},
				"down": {"uv": [0, 0, 1.25, 0.5], "texture": "#1"}
			}
		},
		{
			"from": [7.625, -0.125, -0.5],
			"to": [8.875, 0, 0],
			"rotation": {"angle": 0, "axis": "y", "origin": [8, 8, 9]},
			"faces": {
				"north": {"uv": [0, 0, 1.25, 0.125], "texture": "#1"},
				"east": {"uv": [0, 0, 0.5, 0.125], "texture": "#1"},
				"south": {"uv": [0, 0, 1.25, 0.125], "texture": "#1"},
				"west": {"uv": [0, 0, 0.5, 0.125], "texture": "#1"},
				"up": {"uv": [0, 0, 1.25, 0.5], "texture": "#1"},
				"down": {"uv": [0, 0, 1.25, 0.5], "texture": "#1"}
			}
		},
		{
			"from": [7.5, 0, -0.5],
			"to": [9, 1, 0],
			"rotation": {"angle": 0, "axis": "y", "origin": [8, 8, 9]},
			"faces": {
				"north": {"uv": [0, 0, 1.5, 1], "texture": "#1"},
				"east": {"uv": [0, 0, 0.5, 1], "texture": "#1"},
				"south": {"uv": [0, 0, 1.5, 1], "texture": "#1"},
				"west": {"uv": [0, 0, 0.5, 1], "texture": "#1"},
				"up": {"uv": [0, 0, 1.5, 0.5], "texture": "#1"},
				"down": {"uv": [0, 0, 1.5, 0.5], "texture": "#1"}
			}
		},
		{
			"from": [7.375, 0.125, -0.5],
			"to": [7.5, 0.875, 0],
			"rotation": {"angle": 0, "axis": "y", "origin": [8, 8, 9]},
			"faces": {
				"north": {"uv": [0, 0, 0.125, 0.75], "texture": "#1"},
				"east": {"uv": [0, 0, 0.5, 0.75], "texture": "#1"},
				"south": {"uv": [0, 0, 0.125, 0.75], "texture": "#1"},
				"west": {"uv": [0, 0, 0.5, 0.75], "texture": "#1"},
				"up": {"uv": [0, 0, 0.125, 0.5], "texture": "#1"},
				"down": {"uv": [0, 0, 0.125, 0.5], "texture": "#1"}
			}
		},
		{
			"from": [9, 0.125, -0.5],
			"to": [9.125, 0.875, 0],
			"rotation": {"angle": 0, "axis": "y", "origin": [8, 8, 9]},
			"faces": {
				"north": {"uv": [0, 0, 0.125, 0.75], "texture": "#1"},
				"east": {"uv": [0, 0, 0.5, 0.75], "texture": "#1"},
				"south": {"uv": [0, 0, 0.125, 0.75], "texture": "#1"},
				"west": {"uv": [0, 0, 0.5, 0.75], "texture": "#1"},
				"up": {"uv": [0, 0, 0.125, 0.5], "texture": "#1"},
				"down": {"uv": [0, 0, 0.125, 0.5], "texture": "#1"}
			}
		},
		{
			"from": [7.625, 0.9375, -0.5625],
			"to": [8.875, 1, -0.5],
			"rotation": {"angle": 0, "axis": "y", "origin": [8, 8, 9]},
			"faces": {
				"north": {"uv": [0, 0, 1.25, 0.0625], "texture": "#2"},
				"east": {"uv": [0, 0, 0.0625, 0.0625], "texture": "#2"},
				"south": {"uv": [0, 0, 1.25, 0.0625], "texture": "#2"},
				"west": {"uv": [0, 0, 0.0625, 0.0625], "texture": "#2"},
				"up": {"uv": [0, 0, 1.25, 0.0625], "texture": "#2"},
				"down": {"uv": [0, 0, 1.25, 0.0625], "texture": "#2"}
			}
		},
		{
			"from": [7.625, 0, -0.5625],
			"to": [8.875, 0.0625, -0.5],
			"rotation": {"angle": 0, "axis": "y", "origin": [8, 8, 9]},
			"faces": {
				"north": {"uv": [0, 0, 1.25, 0.0625], "texture": "#2"},
				"east": {"uv": [0, 0, 0.0625, 0.0625], "texture": "#2"},
				"south": {"uv": [0, 0, 1.25, 0.0625], "texture": "#2"},
				"west": {"uv": [0, 0, 0.0625, 0.0625], "texture": "#2"},
				"up": {"uv": [0, 0, 1.25, 0.0625], "texture": "#2"},
				"down": {"uv": [0, 0, 1.25, 0.0625], "texture": "#2"}
			}
		},
		{
			"from": [7.5625, 0.875, -0.5625],
			"to": [7.625, 0.9375, -0.5],
			"rotation": {"angle": 0, "axis": "y", "origin": [8, 8, 9]},
			"faces": {
				"north": {"uv": [0, 0, 0.0625, 0.0625], "texture": "#2"},
				"east": {"uv": [0, 0, 0.0625, 0.0625], "texture": "#2"},
				"south": {"uv": [0, 0, 0.0625, 0.0625], "texture": "#2"},
				"west": {"uv": [0, 0, 0.0625, 0.0625], "texture": "#2"},
				"up": {"uv": [0, 0, 0.0625, 0.0625], "texture": "#2"},
				"down": {"uv": [0, 0, 0.0625, 0.0625], "texture": "#2"}
			}
		},
		{
			"from": [8.875, 0.0625, -0.5625],
			"to": [8.9375, 0.125, -0.5],
			"rotation": {"angle": 0, "axis": "y", "origin": [8, 8, 9]},
			"faces": {
				"north": {"uv": [0, 0, 0.0625, 0.0625], "texture": "#2"},
				"east": {"uv": [0, 0, 0.0625, 0.0625], "texture": "#2"},
				"south": {"uv": [0, 0, 0.0625, 0.0625], "texture": "#2"},
				"west": {"uv": [0, 0, 0.0625, 0.0625], "texture": "#2"},
				"up": {"uv": [0, 0, 0.0625, 0.0625], "texture": "#2"},
				"down": {"uv": [0, 0, 0.0625, 0.0625], "texture": "#2"}
			}
		},
		{
			"from": [7.5625, 0.0625, -0.5625],
			"to": [7.625, 0.125, -0.5],
			"rotation": {"angle": 0, "axis": "y", "origin": [8, 8, 9]},
			"faces": {
				"north": {"uv": [0, 0, 0.0625, 0.0625], "texture": "#2"},
				"east": {"uv": [0, 0, 0.0625, 0.0625], "texture": "#2"},
				"south": {"uv": [0, 0, 0.0625, 0.0625], "texture": "#2"},
				"west": {"uv": [0, 0, 0.0625, 0.0625], "texture": "#2"},
				"up": {"uv": [0, 0, 0.0625, 0.0625], "texture": "#2"},
				"down": {"uv": [0, 0, 0.0625, 0.0625], "texture": "#2"}
			}
		},
		{
			"from": [8.875, 0.875, -0.5625],
			"to": [8.9375, 0.9375, -0.5],
			"rotation": {"angle": 0, "axis": "y", "origin": [8, 8, 9]},
			"faces": {
				"north": {"uv": [0, 0, 0.0625, 0.0625], "texture": "#2"},
				"east": {"uv": [0, 0, 0.0625, 0.0625], "texture": "#2"},
				"south": {"uv": [0, 0, 0.0625, 0.0625], "texture": "#2"},
				"west": {"uv": [0, 0, 0.0625, 0.0625], "texture": "#2"},
				"up": {"uv": [0, 0, 0.0625, 0.0625], "texture": "#2"},
				"down": {"uv": [0, 0, 0.0625, 0.0625], "texture": "#2"}
			}
		},
		{
			"from": [7.5, 0.125, -0.5625],
			"to": [7.5625, 0.875, -0.5],
			"rotation": {"angle": 0, "axis": "y", "origin": [8, 8, 9]},
			"faces": {
				"north": {"uv": [0, 0, 0.0625, 0.75], "texture": "#2"},
				"east": {"uv": [0, 0, 0.0625, 0.75], "texture": "#2"},
				"south": {"uv": [0, 0, 0.0625, 0.75], "texture": "#2"},
				"west": {"uv": [0, 0, 0.0625, 0.75], "texture": "#2"},
				"up": {"uv": [0, 0, 0.0625, 0.0625], "texture": "#2"},
				"down": {"uv": [0, 0, 0.0625, 0.0625], "texture": "#2"}
			}
		},
		{
			"from": [8.9375, 0.125, -0.5625],
			"to": [9, 0.875, -0.5],
			"rotation": {"angle": 0, "axis": "y", "origin": [8, 8, 9]},
			"faces": {
				"north": {"uv": [0, 0, 0.0625, 0.75], "texture": "#2"},
				"east": {"uv": [0, 0, 0.0625, 0.75], "texture": "#2"},
				"south": {"uv": [0, 0, 0.0625, 0.75], "texture": "#2"},
				"west": {"uv": [0, 0, 0.0625, 0.75], "texture": "#2"},
				"up": {"uv": [0, 0, 0.0625, 0.0625], "texture": "#2"},
				"down": {"uv": [0, 0, 0.0625, 0.0625], "texture": "#2"}
			}
		},
		{
			"from": [7.5625, 0.0625, 6.5],
			"to": [8.9375, 0.9375, 6.7],
			"faces": {
				"north": {"uv": [0, 0, 1.375, 0.875], "texture": "#1"},
				"east": {"uv": [0, 0, 1.4375, 0.875], "texture": "#1"},
				"south": {"uv": [0, 0, 1.375, 0.875], "texture": "#1"},
				"west": {"uv": [0, 0, 1.4375, 0.875], "texture": "#1"},
				"up": {"uv": [0, 0, 1.375, 1.4375], "texture": "#1"},
				"down": {"uv": [0, 0, 1.375, 1.4375], "texture": "#1"}
			}
		},
		{
			"from": [8.5625, 0.0625, 6.7],
			"to": [8.9375, 0.9375, 9.3],
			"rotation": {"angle": 0, "axis": "y", "origin": [8, 8, 8.2]},
			"faces": {
				"north": {"uv": [0, 0, 1.375, 0.875], "texture": "#1"},
				"east": {"uv": [0, 0, 1.4375, 0.875], "texture": "#1"},
				"south": {"uv": [0, 0, 1.375, 0.875], "texture": "#1"},
				"west": {"uv": [0, 0, 1.4375, 0.875], "texture": "#1"},
				"up": {"uv": [0, 0, 1.375, 1.4375], "texture": "#1"},
				"down": {"uv": [0, 0, 1.375, 1.4375], "texture": "#1"}
			}
		},
		{
			"from": [7.9375, 0.5625, 6.7],
			"to": [8.5625, 0.7875, 9.3],
			"rotation": {"angle": 0, "axis": "y", "origin": [7.5, 8, 8.2]},
			"faces": {
				"north": {"uv": [0, 0, 1.375, 0.875], "texture": "#0"},
				"east": {"uv": [0, 0, 1.4375, 0.875], "texture": "#0"},
				"south": {"uv": [0, 0, 1.375, 0.875], "texture": "#0"},
				"west": {"uv": [0, 0, 1.4375, 0.875], "texture": "#0"},
				"up": {"uv": [0, 0, 1.375, 1.4375], "texture": "#0"},
				"down": {"uv": [0, 0, 1.375, 1.4375], "texture": "#0"}
			}
		},
		{
			"from": [7.5625, 0.0625, 6.7],
			"to": [7.9375, 0.9375, 9.3],
			"rotation": {"angle": 0, "axis": "y", "origin": [7, 8, 8.2]},
			"faces": {
				"north": {"uv": [0, 0, 1.375, 0.875], "texture": "#1"},
				"east": {"uv": [0, 0, 1.4375, 0.875], "texture": "#1"},
				"south": {"uv": [0, 0, 1.375, 0.875], "texture": "#1"},
				"west": {"uv": [0, 0, 1.4375, 0.875], "texture": "#1"},
				"up": {"uv": [0, 0, 1.375, 1.4375], "texture": "#1"},
				"down": {"uv": [0, 0, 1.375, 1.4375], "texture": "#1"}
			}
		},
		{
			"from": [7.9375, 0.0625, 6.7],
			"to": [8.5625, 0.4375, 9.3],
			"rotation": {"angle": 0, "axis": "y", "origin": [7.4, 8, 8.2]},
			"faces": {
				"north": {"uv": [0, 0, 1.375, 0.875], "texture": "#1"},
				"east": {"uv": [0, 0, 1.4375, 0.875], "texture": "#1"},
				"south": {"uv": [0, 0, 1.375, 0.875], "texture": "#1"},
				"west": {"uv": [0, 0, 1.4375, 0.875], "texture": "#1"},
				"up": {"uv": [0, 0, 1.375, 1.4375], "texture": "#1"},
				"down": {"uv": [0, 0, 1.375, 1.4375], "texture": "#1"}
			}
		},
		{
			"from": [7.4375, 0.25, 6.5],
			"to": [9.0625, 0.75, 7.9375],
			"faces": {
				"north": {"uv": [0, 0, 1.625, 0.5], "texture": "#1"},
				"east": {"uv": [0, 0, 1.4375, 0.5], "texture": "#1"},
				"south": {"uv": [0, 0, 1.625, 0.5], "texture": "#1"},
				"west": {"uv": [0, 0, 1.4375, 0.5], "texture": "#1"},
				"up": {"uv": [0, 0, 1.625, 1.4375], "texture": "#1"},
				"down": {"uv": [0, 0, 1.625, 1.4375], "texture": "#1"}
			}
		},
		{
			"from": [7.75, 0, 0],
			"to": [8.75, 1, 6.5],
			"faces": {
				"north": {"uv": [0, 0, 1, 1], "texture": "#0"},
				"east": {"uv": [0, 0, 7.5, 1], "texture": "#0"},
				"south": {"uv": [0, 0, 1, 1], "texture": "#0"},
				"west": {"uv": [0, 0, 7.5, 1], "texture": "#0"},
				"up": {"uv": [0, 0, 1, 7.5], "texture": "#0"},
				"down": {"uv": [0, 0, 1, 7.5], "texture": "#0"}
			}
		},
		{
			"from": [7.8125, 1, 0.375],
			"to": [8.6875, 1.0325, 6.25],
			"faces": {
				"north": {"uv": [0, 0, 0.875, 0.0325], "texture": "#0"},
				"east": {"uv": [0, 0, 6.875, 0.0325], "texture": "#0"},
				"south": {"uv": [0, 0, 0.875, 0.0325], "texture": "#0"},
				"west": {"uv": [0, 0, 6.875, 0.0325], "texture": "#0"},
				"up": {"uv": [0, 0, 0.875, 6.875], "texture": "#0"},
				"down": {"uv": [0, 0, 0.875, 6.875], "texture": "#0"}
			}
		},
		{
			"from": [7.875, 1, 0.3125],
			"to": [8.625, 1.0325, 0.375],
			"rotation": {"angle": 0, "axis": "y", "origin": [8, 8, 9]},
			"faces": {
				"north": {"uv": [0, 0, 0.75, 0.0325], "texture": "#0"},
				"east": {"uv": [0, 0, 0.0625, 0.0325], "texture": "#0"},
				"south": {"uv": [0, 0, 0.75, 0.0325], "texture": "#0"},
				"west": {"uv": [0, 0, 0.0625, 0.0325], "texture": "#0"},
				"up": {"uv": [0, 0, 0.75, 0.0625], "texture": "#0"},
				"down": {"uv": [0, 0, 0.75, 0.0625], "texture": "#0"}
			}
		},
		{
			"from": [7.9375, 1, 0.25],
			"to": [8.5625, 1.0325, 0.3125],
			"rotation": {"angle": 0, "axis": "y", "origin": [8, 8, 9]},
			"faces": {
				"north": {"uv": [0, 0, 0.625, 0.0325], "texture": "#0"},
				"east": {"uv": [0, 0, 0.0625, 0.0325], "texture": "#0"},
				"south": {"uv": [0, 0, 0.625, 0.0325], "texture": "#0"},
				"west": {"uv": [0, 0, 0.0625, 0.0325], "texture": "#0"},
				"up": {"uv": [0, 0, 0.625, 0.0625], "texture": "#0"},
				"down": {"uv": [0, 0, 0.625, 0.0625], "texture": "#0"}
			}
		},
		{
			"from": [7.625, 0.125, 0],
			"to": [8.875, 0.875, 6.25],
			"faces": {
				"north": {"uv": [0, 0, 1.25, 0.75], "texture": "#0"},
				"east": {"uv": [0, 0, 7.25, 0.75], "texture": "#0"},
				"south": {"uv": [0, 0, 1.25, 0.75], "texture": "#0"},
				"west": {"uv": [0, 0, 7.25, 0.75], "texture": "#0"},
				"up": {"uv": [0, 0, 1.25, 7.25], "texture": "#0"},
				"down": {"uv": [0, 0, 1.25, 7.25], "texture": "#0"}
			}
		},
		{
			"from": [7.5, 0.25, 0],
			"to": [9, 0.75, 6.5],
			"faces": {
				"north": {"uv": [0, 0, 1.5, 0.5], "texture": "#0"},
				"east": {"uv": [0, 0, 7.5, 0.5], "texture": "#0"},
				"south": {"uv": [0, 0, 1.5, 0.5], "texture": "#0"},
				"west": {"uv": [0, 0, 7.5, 0.5], "texture": "#0"},
				"up": {"uv": [0, 0, 1.5, 7.5], "texture": "#0"},
				"down": {"uv": [0, 0, 1.5, 7.5], "texture": "#0"}
			}
		}
	],
	"display": {
		"thirdperson_righthand": {
			"rotation": [90, 0, -90],
			"translation": [3.75, 2.5, 1.5],
			"scale": [0.5, 0.5, 0.5]
		},
		"thirdperson_lefthand": {
			"rotation": [-90, 0, -90],
			"translation": [3.75, 2.5, 1.5],
			"scale": [0.5, 0.5, 0.5]
		},
		"firstperson_righthand": {
			"rotation": [44, 0, 0],
			"translation": [1.5, 8.5, 4.75]
		},
		"firstperson_lefthand": {
			"rotation": [44, -180, 0],
			"translation": [1.5, 8.5, 4.75]
		},
		"ground": {
			"translation": [0, 3.5, 0],
			"scale": [0.6, 0.6, 0.6]
		},
		"gui": {
			"rotation": [90, -45, 0]
		},
		"fixed": {
			"rotation": [-90, 0, 0],
			"translation": [0, 0, -8.5]
		}
	},
	"groups": [
		{
			"name": "right",
			"origin": [8, 8, 8],
			"children": [
				{
					"name": "middleright",
					"origin": [8, 8, 8],
					"children": [0, 1,
						{
							"name": "hexadecagon",
							"origin": [8, 8, 8],
							"children": [2, 3, 4, 5, 6, 7, 8, 9]
						},
						{
							"name": "hexadecagon",
							"origin": [8, 8, 8],
							"children": [10, 11, 12, 13, 14, 15, 16, 17]
						},
						{
							"name": "hexadecagon",
							"origin": [8, 8, 8],
							"children": [18, 19, 20, 21, 22, 23, 24, 25]
						},
						{
							"name": "hexadecagon",
							"origin": [8, 8, 8],
							"children": [26, 27, 28, 29, 30, 31, 32, 33]
						}
					]
				},
				{
					"name": "group",
					"origin": [8, 8, 8],
					"children": [34, 35, 36, 37, 38,
						{
							"name": "group",
							"origin": [8, 8, 8],
							"children": [39, 40, 41, 42, 43, 44, 45, 46]
						}
					]
				},
				{
					"name": "righthandle",
					"origin": [8, 8, 8],
					"children": [47, 48, 49, 50, 51, 52]
				}
			]
		},
		{
			"name": "left",
			"origin": [8, 8, 8],
			"children": [
				{
					"name": "group",
					"origin": [8, 8, 8],
					"children": [53, 54, 55, 56, 57,
						{
							"name": "group",
							"origin": [8, 8, 8],
							"children": [58, 59, 60, 61, 62, 63, 64, 65]
						}
					]
				},
				{
					"name": "middleleft",
					"origin": [8, 8, 8],
					"children": [66, 67, 68, 69, 70, 71]
				},
				{
					"name": "lefthandle",
					"origin": [8, 8, 8],
					"children": [72, 73, 74, 75, 76, 77,
						{
							"name": "hexadecagon",
							"origin": [8, 8, 8],
							"children": []
						}
					]
				}
			]
		}
	]
}
