{
	"credit": "Made by Flubberschnub",
	"textures": {
		"0": "blocks/discs/basic/black",
		"1": "blocks/discs/basic/white",
		"2": "blocks/discs/basic/gray",
		"4": "blocks/discs/basic/deactivatedrim",
		"5": "blocks/discs/basic/limeish",
		"particle": "blocks/discs/basic/black"
	},
	"elements": [
		{
			"name": "hexadecagon",
			"from": [6.60761, 8, 1],
			"to": [9.39239, 8.75, 2],
			"rotation": {"angle": -45, "axis": "y", "origin": [8, 8.25, 8]},
			"faces": {
				"north": {"uv": [0, 0, 0.5, 0.5], "texture": "#0"},
				"east": {"uv": [0, 0, 0.5, 0.5], "texture": "#0"},
				"south": {"uv": [0, 0, 0.5, 0.5], "texture": "#0"},
				"west": {"uv": [0, 0, 0.5, 0.5], "texture": "#0"},
				"up": {"uv": [0, 0, 0.5, 0.5], "texture": "#0"},
				"down": {"uv": [0, 0, 0.5, 0.5], "texture": "#0"}
			}
		},
		{
			"name": "hexadecagon",
			"from": [6.60761, 8, 1],
			"to": [9.39239, 8.75, 2],
			"rotation": {"angle": -22.5, "axis": "y", "origin": [8, 8.25, 8]},
			"faces": {
				"north": {"uv": [0, 0, 0.5, 0.5], "texture": "#0"},
				"east": {"uv": [0, 0, 0.5, 0.5], "texture": "#0"},
				"south": {"uv": [0, 0, 0.5, 0.5], "texture": "#0"},
				"west": {"uv": [0, 0, 0.5, 0.5], "texture": "#0"},
				"up": {"uv": [0, 0, 0.5, 0.5], "texture": "#0"},
				"down": {"uv": [0, 0, 0.5, 0.5], "texture": "#0"}
			}
		},
		{
			"name": "hexadecagon",
			"from": [6.60761, 8, 1],
			"to": [9.39239, 8.75, 2],
			"rotation": {"angle": 0, "axis": "y", "origin": [8, 8.25, 8]},
			"faces": {
				"north": {"uv": [0, 0, 0.5, 0.5], "texture": "#0"},
				"east": {"uv": [0, 0, 0.5, 0.5], "texture": "#0"},
				"south": {"uv": [0, 0, 0.5, 0.5], "texture": "#0"},
				"west": {"uv": [0, 0, 0.5, 0.5], "texture": "#0"},
				"up": {"uv": [0, 0, 0.5, 0.5], "texture": "#0"},
				"down": {"uv": [0, 0, 0.5, 0.5], "texture": "#0"}
			}
		},
		{
			"name": "hexadecagon",
			"from": [6.60761, 8, 1],
			"to": [9.39239, 8.75, 2],
			"rotation": {"angle": 22.5, "axis": "y", "origin": [8, 8.25, 8]},
			"faces": {
				"north": {"uv": [0, 0, 0.5, 0.5], "texture": "#0"},
				"east": {"uv": [0, 0, 0.5, 0.5], "texture": "#0"},
				"south": {"uv": [0, 0, 0.5, 0.5], "texture": "#0"},
				"west": {"uv": [0, 0, 0.5, 0.5], "texture": "#0"},
				"up": {"uv": [0, 0, 0.5, 0.5], "texture": "#0"},
				"down": {"uv": [0, 0, 0.5, 0.5], "texture": "#0"}
			}
		},
		{
			"name": "hexadecagon",
			"from": [6.60761, 8, 1],
			"to": [9.39239, 8.75, 2],
			"rotation": {"angle": 45, "axis": "y", "origin": [8, 8.25, 8]},
			"faces": {
				"north": {"uv": [0, 0, 0.5, 0.5], "texture": "#0"},
				"east": {"uv": [0, 0, 0.5, 0.5], "texture": "#0"},
				"south": {"uv": [0, 0, 0.5, 0.5], "texture": "#0"},
				"west": {"uv": [0, 0, 0.5, 0.5], "texture": "#0"},
				"up": {"uv": [0, 0, 0.5, 0.5], "texture": "#0"},
				"down": {"uv": [0, 0, 0.5, 0.5], "texture": "#0"}
			}
		},
		{
			"name": "hexadecagon",
			"from": [6.60761, 8, 14],
			"to": [9.39239, 8.75, 15],
			"rotation": {"angle": -45, "axis": "y", "origin": [8, 8.25, 8]},
			"faces": {
				"north": {"uv": [0, 0, 0.5, 0.5], "texture": "#0"},
				"east": {"uv": [0, 0, 0.5, 0.5], "texture": "#0"},
				"south": {"uv": [0, 0, 0.5, 0.5], "texture": "#0"},
				"west": {"uv": [0, 0, 0.5, 0.5], "texture": "#0"},
				"up": {"uv": [0, 0, 0.5, 0.5], "texture": "#0"},
				"down": {"uv": [0, 0, 0.5, 0.5], "texture": "#0"}
			}
		},
		{
			"name": "hexadecagon",
			"from": [6.60761, 8, 14],
			"to": [9.39239, 8.75, 15],
			"rotation": {"angle": -22.5, "axis": "y", "origin": [8, 8.25, 8]},
			"faces": {
				"north": {"uv": [0, 0, 0.5, 0.5], "texture": "#0"},
				"east": {"uv": [0, 0, 0.5, 0.5], "texture": "#0"},
				"south": {"uv": [0, 0, 0.5, 0.5], "texture": "#0"},
				"west": {"uv": [0, 0, 0.5, 0.5], "texture": "#0"},
				"up": {"uv": [0, 0, 0.5, 0.5], "texture": "#0"},
				"down": {"uv": [0, 0, 0.5, 0.5], "texture": "#0"}
			}
		},
		{
			"name": "hexadecagon",
			"from": [6.60761, 8, 14],
			"to": [9.39239, 8.75, 15],
			"rotation": {"angle": 0, "axis": "y", "origin": [8, 8.25, 8]},
			"faces": {
				"north": {"uv": [0, 0, 0.5, 0.5], "texture": "#0"},
				"east": {"uv": [0, 0, 0.5, 0.5], "texture": "#0"},
				"south": {"uv": [0, 0, 0.5, 0.5], "texture": "#0"},
				"west": {"uv": [0, 0, 0.5, 0.5], "texture": "#0"},
				"up": {"uv": [0, 0, 0.5, 0.5], "texture": "#0"},
				"down": {"uv": [0, 0, 0.5, 0.5], "texture": "#0"}
			}
		},
		{
			"name": "hexadecagon",
			"from": [6.60761, 8, 14],
			"to": [9.39239, 8.75, 15],
			"rotation": {"angle": 22.5, "axis": "y", "origin": [8, 8.25, 8]},
			"faces": {
				"north": {"uv": [0, 0, 0.5, 0.5], "texture": "#0"},
				"east": {"uv": [0, 0, 0.5, 0.5], "texture": "#0"},
				"south": {"uv": [0, 0, 0.5, 0.5], "texture": "#0"},
				"west": {"uv": [0, 0, 0.5, 0.5], "texture": "#0"},
				"up": {"uv": [0, 0, 0.5, 0.5], "texture": "#0"},
				"down": {"uv": [0, 0, 0.5, 0.5], "texture": "#0"}
			}
		},
		{
			"name": "hexadecagon",
			"from": [6.60761, 8, 14],
			"to": [9.39239, 8.75, 15],
			"rotation": {"angle": 45, "axis": "y", "origin": [8, 8.25, 8]},
			"faces": {
				"north": {"uv": [0, 0, 0.5, 0.5], "texture": "#0"},
				"east": {"uv": [0, 0, 0.5, 0.5], "texture": "#0"},
				"south": {"uv": [0, 0, 0.5, 0.5], "texture": "#0"},
				"west": {"uv": [0, 0, 0.5, 0.5], "texture": "#0"},
				"up": {"uv": [0, 0, 0.5, 0.5], "texture": "#0"},
				"down": {"uv": [0, 0, 0.5, 0.5], "texture": "#0"}
			}
		},
		{
			"name": "hexadecagon",
			"from": [1, 8, 6.60761],
			"to": [2, 8.75, 9.39239],
			"rotation": {"angle": -22.5, "axis": "y", "origin": [8, 8.25, 8]},
			"faces": {
				"north": {"uv": [0, 0, 0.5, 0.5], "texture": "#0"},
				"east": {"uv": [0, 0, 0.5, 0.5], "texture": "#0"},
				"south": {"uv": [0, 0, 0.5, 0.5], "texture": "#0"},
				"west": {"uv": [0, 0, 0.5, 0.5], "texture": "#0"},
				"up": {"uv": [0, 0, 0.5, 0.5], "texture": "#0"},
				"down": {"uv": [0, 0, 0.5, 0.5], "texture": "#0"}
			}
		},
		{
			"name": "hexadecagon",
			"from": [1, 8, 6.60761],
			"to": [2, 8.75, 9.39239],
			"rotation": {"angle": 0, "axis": "y", "origin": [8, 8.25, 8]},
			"faces": {
				"north": {"uv": [0, 0, 0.5, 0.5], "texture": "#0"},
				"east": {"uv": [0, 0, 0.5, 0.5], "texture": "#0"},
				"south": {"uv": [0, 0, 0.5, 0.5], "texture": "#0"},
				"west": {"uv": [0, 0, 0.5, 0.5], "texture": "#0"},
				"up": {"uv": [0, 0, 0.5, 0.5], "texture": "#0"},
				"down": {"uv": [0, 0, 0.5, 0.5], "texture": "#0"}
			}
		},
		{
			"name": "hexadecagon",
			"from": [1, 8, 6.60761],
			"to": [2, 8.75, 9.39239],
			"rotation": {"angle": 22.5, "axis": "y", "origin": [8, 8.25, 8]},
			"faces": {
				"north": {"uv": [0, 0, 0.5, 0.5], "texture": "#0"},
				"east": {"uv": [0, 0, 0.5, 0.5], "texture": "#0"},
				"south": {"uv": [0, 0, 0.5, 0.5], "texture": "#0"},
				"west": {"uv": [0, 0, 0.5, 0.5], "texture": "#0"},
				"up": {"uv": [0, 0, 0.5, 0.5], "texture": "#0"},
				"down": {"uv": [0, 0, 0.5, 0.5], "texture": "#0"}
			}
		},
		{
			"name": "hexadecagon",
			"from": [14, 8, 6.60761],
			"to": [15, 8.75, 9.39239],
			"rotation": {"angle": -22.5, "axis": "y", "origin": [8, 8.25, 8]},
			"faces": {
				"north": {"uv": [0, 0, 0.5, 0.5], "texture": "#0"},
				"east": {"uv": [0, 0, 0.5, 0.5], "texture": "#0"},
				"south": {"uv": [0, 0, 0.5, 0.5], "texture": "#0"},
				"west": {"uv": [0, 0, 0.5, 0.5], "texture": "#0"},
				"up": {"uv": [0, 0, 0.5, 0.5], "texture": "#0"},
				"down": {"uv": [0, 0, 0.5, 0.5], "texture": "#0"}
			}
		},
		{
			"name": "hexadecagon",
			"from": [14, 8, 6.60761],
			"to": [15, 8.75, 9.39239],
			"rotation": {"angle": 0, "axis": "y", "origin": [8, 8.25, 8]},
			"faces": {
				"north": {"uv": [0, 0, 0.5, 0.5], "texture": "#0"},
				"east": {"uv": [0, 0, 0.5, 0.5], "texture": "#0"},
				"south": {"uv": [0, 0, 0.5, 0.5], "texture": "#0"},
				"west": {"uv": [0, 0, 0.5, 0.5], "texture": "#0"},
				"up": {"uv": [0, 0, 0.5, 0.5], "texture": "#0"},
				"down": {"uv": [0, 0, 0.5, 0.5], "texture": "#0"}
			}
		},
		{
			"name": "hexadecagon",
			"from": [14, 8, 6.60761],
			"to": [15, 8.75, 9.39239],
			"rotation": {"angle": 22.5, "axis": "y", "origin": [8, 8.25, 8]},
			"faces": {
				"north": {"uv": [0, 0, 0.5, 0.5], "texture": "#0"},
				"east": {"uv": [0, 0, 0.5, 0.5], "texture": "#0"},
				"south": {"uv": [0, 0, 0.5, 0.5], "texture": "#0"},
				"west": {"uv": [0, 0, 0.5, 0.5], "texture": "#0"},
				"up": {"uv": [0, 0, 0.5, 0.5], "texture": "#0"},
				"down": {"uv": [0, 0, 0.5, 0.5], "texture": "#0"}
			}
		},
		{
			"name": "hexadecagon",
			"from": [6.80653, 7.65, 2],
			"to": [9.19347, 9.1, 4],
			"rotation": {"angle": -45, "axis": "y", "origin": [8, 8.75, 8]},
			"faces": {
				"north": {"uv": [0, 0, 0.5, 0.5], "texture": "#0"},
				"east": {"uv": [0, 0, 0.5, 0.5], "texture": "#0"},
				"south": {"uv": [0, 0, 0.5, 0.5], "texture": "#0"},
				"west": {"uv": [0, 0, 0.5, 0.5], "texture": "#0"},
				"up": {"uv": [0, 0, 0.5, 0.5], "texture": "#0"},
				"down": {"uv": [0, 0, 0.5, 0.5], "texture": "#0"}
			}
		},
		{
			"name": "hexadecagon",
			"from": [6.80653, 7.65, 2],
			"to": [9.19347, 9.1, 4],
			"rotation": {"angle": -22.5, "axis": "y", "origin": [8, 8.75, 8]},
			"faces": {
				"north": {"uv": [0, 0, 0.5, 0.5], "texture": "#0"},
				"east": {"uv": [0, 0, 0.5, 0.5], "texture": "#0"},
				"south": {"uv": [0, 0, 0.5, 0.5], "texture": "#0"},
				"west": {"uv": [0, 0, 0.5, 0.5], "texture": "#0"},
				"up": {"uv": [0, 0, 0.5, 0.5], "texture": "#0"},
				"down": {"uv": [0, 0, 0.5, 0.5], "texture": "#0"}
			}
		},
		{
			"name": "hexadecagon",
			"from": [6.80653, 7.65, 2],
			"to": [9.19347, 9.1, 4],
			"rotation": {"angle": 0, "axis": "y", "origin": [8, 8.75, 8]},
			"faces": {
				"north": {"uv": [0, 0, 0.5, 0.5], "texture": "#0"},
				"east": {"uv": [0, 0, 0.5, 0.5], "texture": "#0"},
				"south": {"uv": [0, 0, 0.5, 0.5], "texture": "#0"},
				"west": {"uv": [0, 0, 0.5, 0.5], "texture": "#0"},
				"up": {"uv": [0, 0, 0.5, 0.5], "texture": "#0"},
				"down": {"uv": [0, 0, 0.5, 0.5], "texture": "#0"}
			}
		},
		{
			"name": "hexadecagon",
			"from": [6.80653, 7.65, 2],
			"to": [9.19347, 9.1, 4],
			"rotation": {"angle": 22.5, "axis": "y", "origin": [8, 8.75, 8]},
			"faces": {
				"north": {"uv": [0, 0, 0.5, 0.5], "texture": "#0"},
				"east": {"uv": [0, 0, 0.5, 0.5], "texture": "#0"},
				"south": {"uv": [0, 0, 0.5, 0.5], "texture": "#0"},
				"west": {"uv": [0, 0, 0.5, 0.5], "texture": "#0"},
				"up": {"uv": [0, 0, 0.5, 0.5], "texture": "#0"},
				"down": {"uv": [0, 0, 0.5, 0.5], "texture": "#0"}
			}
		},
		{
			"name": "hexadecagon",
			"from": [6.80653, 7.65, 2],
			"to": [9.19347, 9.1, 4],
			"rotation": {"angle": 45, "axis": "y", "origin": [8, 8.75, 8]},
			"faces": {
				"north": {"uv": [0, 0, 0.5, 0.5], "texture": "#0"},
				"east": {"uv": [0, 0, 0.5, 0.5], "texture": "#0"},
				"south": {"uv": [0, 0, 0.5, 0.5], "texture": "#0"},
				"west": {"uv": [0, 0, 0.5, 0.5], "texture": "#0"},
				"up": {"uv": [0, 0, 0.5, 0.5], "texture": "#0"},
				"down": {"uv": [0, 0, 0.5, 0.5], "texture": "#0"}
			}
		},
		{
			"name": "hexadecagon",
			"from": [6.80653, 7.65, 12],
			"to": [9.19347, 9.1, 14],
			"rotation": {"angle": -45, "axis": "y", "origin": [8, 8.75, 8]},
			"faces": {
				"north": {"uv": [0, 0, 0.5, 0.5], "texture": "#0"},
				"east": {"uv": [0, 0, 0.5, 0.5], "texture": "#0"},
				"south": {"uv": [0, 0, 0.5, 0.5], "texture": "#0"},
				"west": {"uv": [0, 0, 0.5, 0.5], "texture": "#0"},
				"up": {"uv": [0, 0, 0.5, 0.5], "texture": "#0"},
				"down": {"uv": [0, 0, 0.5, 0.5], "texture": "#0"}
			}
		},
		{
			"name": "hexadecagon",
			"from": [6.80653, 7.65, 12],
			"to": [9.19347, 9.1, 14],
			"rotation": {"angle": -22.5, "axis": "y", "origin": [8, 8.75, 8]},
			"faces": {
				"north": {"uv": [0, 0, 0.5, 0.5], "texture": "#0"},
				"east": {"uv": [0, 0, 0.5, 0.5], "texture": "#0"},
				"south": {"uv": [0, 0, 0.5, 0.5], "texture": "#0"},
				"west": {"uv": [0, 0, 0.5, 0.5], "texture": "#0"},
				"up": {"uv": [0, 0, 0.5, 0.5], "texture": "#0"},
				"down": {"uv": [0, 0, 0.5, 0.5], "texture": "#0"}
			}
		},
		{
			"name": "hexadecagon",
			"from": [6.80653, 7.65, 12],
			"to": [9.19347, 9.1, 14],
			"rotation": {"angle": 0, "axis": "y", "origin": [8, 8.75, 8]},
			"faces": {
				"north": {"uv": [0, 0, 0.5, 0.5], "texture": "#0"},
				"east": {"uv": [0, 0, 0.5, 0.5], "texture": "#0"},
				"south": {"uv": [0, 0, 0.5, 0.5], "texture": "#0"},
				"west": {"uv": [0, 0, 0.5, 0.5], "texture": "#0"},
				"up": {"uv": [0, 0, 0.5, 0.5], "texture": "#0"},
				"down": {"uv": [0, 0, 0.5, 0.5], "texture": "#0"}
			}
		},
		{
			"name": "hexadecagon",
			"from": [6.80653, 7.65, 12],
			"to": [9.19347, 9.1, 14],
			"rotation": {"angle": 22.5, "axis": "y", "origin": [8, 8.75, 8]},
			"faces": {
				"north": {"uv": [0, 0, 0.5, 0.5], "texture": "#0"},
				"east": {"uv": [0, 0, 0.5, 0.5], "texture": "#0"},
				"south": {"uv": [0, 0, 0.5, 0.5], "texture": "#0"},
				"west": {"uv": [0, 0, 0.5, 0.5], "texture": "#0"},
				"up": {"uv": [0, 0, 0.5, 0.5], "texture": "#0"},
				"down": {"uv": [0, 0, 0.5, 0.5], "texture": "#0"}
			}
		},
		{
			"name": "hexadecagon",
			"from": [6.80653, 7.65, 12],
			"to": [9.19347, 9.1, 14],
			"rotation": {"angle": 45, "axis": "y", "origin": [8, 8.75, 8]},
			"faces": {
				"north": {"uv": [0, 0, 0.5, 0.5], "texture": "#0"},
				"east": {"uv": [0, 0, 0.5, 0.5], "texture": "#0"},
				"south": {"uv": [0, 0, 0.5, 0.5], "texture": "#0"},
				"west": {"uv": [0, 0, 0.5, 0.5], "texture": "#0"},
				"up": {"uv": [0, 0, 0.5, 0.5], "texture": "#0"},
				"down": {"uv": [0, 0, 0.5, 0.5], "texture": "#0"}
			}
		},
		{
			"name": "hexadecagon",
			"from": [2, 7.65, 6.80653],
			"to": [4, 9.1, 9.19347],
			"rotation": {"angle": -22.5, "axis": "y", "origin": [8, 8.75, 8]},
			"faces": {
				"north": {"uv": [0, 0, 0.5, 0.5], "texture": "#0"},
				"east": {"uv": [0, 0, 0.5, 0.5], "texture": "#0"},
				"south": {"uv": [0, 0, 0.5, 0.5], "texture": "#0"},
				"west": {"uv": [0, 0, 0.5, 0.5], "texture": "#0"},
				"up": {"uv": [0, 0, 0.5, 0.5], "texture": "#0"},
				"down": {"uv": [0, 0, 0.5, 0.5], "texture": "#0"}
			}
		},
		{
			"name": "hexadecagon",
			"from": [2, 7.65, 6.80653],
			"to": [4, 9.1, 9.19347],
			"rotation": {"angle": 0, "axis": "y", "origin": [8, 8.75, 8]},
			"faces": {
				"north": {"uv": [0, 0, 0.5, 0.5], "texture": "#0"},
				"east": {"uv": [0, 0, 0.5, 0.5], "texture": "#0"},
				"south": {"uv": [0, 0, 0.5, 0.5], "texture": "#0"},
				"west": {"uv": [0, 0, 0.5, 0.5], "texture": "#0"},
				"up": {"uv": [0, 0, 0.5, 0.5], "texture": "#0"},
				"down": {"uv": [0, 0, 0.5, 0.5], "texture": "#0"}
			}
		},
		{
			"name": "hexadecagon",
			"from": [2, 7.65, 6.80653],
			"to": [4, 9.1, 9.19347],
			"rotation": {"angle": 22.5, "axis": "y", "origin": [8, 8.75, 8]},
			"faces": {
				"north": {"uv": [0, 0, 0.5, 0.5], "texture": "#0"},
				"east": {"uv": [0, 0, 0.5, 0.5], "texture": "#0"},
				"south": {"uv": [0, 0, 0.5, 0.5], "texture": "#0"},
				"west": {"uv": [0, 0, 0.5, 0.5], "texture": "#0"},
				"up": {"uv": [0, 0, 0.5, 0.5], "texture": "#0"},
				"down": {"uv": [0, 0, 0.5, 0.5], "texture": "#0"}
			}
		},
		{
			"name": "hexadecagon",
			"from": [12, 7.65, 6.80653],
			"to": [14, 9.1, 9.19347],
			"rotation": {"angle": -22.5, "axis": "y", "origin": [8, 8.75, 8]},
			"faces": {
				"north": {"uv": [0, 0, 0.5, 0.5], "texture": "#0"},
				"east": {"uv": [0, 0, 0.5, 0.5], "texture": "#0"},
				"south": {"uv": [0, 0, 0.5, 0.5], "texture": "#0"},
				"west": {"uv": [0, 0, 0.5, 0.5], "texture": "#0"},
				"up": {"uv": [0, 0, 0.5, 0.5], "texture": "#0"},
				"down": {"uv": [0, 0, 0.5, 0.5], "texture": "#0"}
			}
		},
		{
			"name": "hexadecagon",
			"from": [12, 7.65, 6.80653],
			"to": [14, 9.1, 9.19347],
			"rotation": {"angle": 0, "axis": "y", "origin": [8, 8.75, 8]},
			"faces": {
				"north": {"uv": [0, 0, 0.5, 0.5], "texture": "#0"},
				"east": {"uv": [0, 0, 0.5, 0.5], "texture": "#0"},
				"south": {"uv": [0, 0, 0.5, 0.5], "texture": "#0"},
				"west": {"uv": [0, 0, 0.5, 0.5], "texture": "#0"},
				"up": {"uv": [0, 0, 0.5, 0.5], "texture": "#0"},
				"down": {"uv": [0, 0, 0.5, 0.5], "texture": "#0"}
			}
		},
		{
			"name": "hexadecagon",
			"from": [12, 7.65, 6.80653],
			"to": [14, 9.1, 9.19347],
			"rotation": {"angle": 22.5, "axis": "y", "origin": [8, 8.75, 8]},
			"faces": {
				"north": {"uv": [0, 0, 0.5, 0.5], "texture": "#0"},
				"east": {"uv": [0, 0, 0.5, 0.5], "texture": "#0"},
				"south": {"uv": [0, 0, 0.5, 0.5], "texture": "#0"},
				"west": {"uv": [0, 0, 0.5, 0.5], "texture": "#0"},
				"up": {"uv": [0, 0, 0.5, 0.5], "texture": "#0"},
				"down": {"uv": [0, 0, 0.5, 0.5], "texture": "#0"}
			}
		},
		{
			"name": "hexadecagon",
			"from": [7.20435, 8, 4],
			"to": [8.79565, 8.75, 5],
			"rotation": {"angle": -45, "axis": "y", "origin": [8, 8.5, 8]},
			"faces": {
				"north": {"uv": [0, 0, 0.5, 0.5], "texture": "#2"},
				"east": {"uv": [0, 0, 0.5, 0.5], "texture": "#2"},
				"south": {"uv": [0, 0, 0.5, 0.5], "texture": "#2"},
				"west": {"uv": [0, 0, 0.5, 0.5], "texture": "#2"},
				"up": {"uv": [0, 0, 0.5, 0.5], "texture": "#2"},
				"down": {"uv": [0, 0, 0.5, 0.5], "texture": "#2"}
			}
		},
		{
			"name": "hexadecagon",
			"from": [7.20435, 8, 4],
			"to": [8.79565, 8.75, 5],
			"rotation": {"angle": -22.5, "axis": "y", "origin": [8, 8.5, 8]},
			"faces": {
				"north": {"uv": [0, 0, 0.5, 0.5], "texture": "#2"},
				"east": {"uv": [0, 0, 0.5, 0.5], "texture": "#2"},
				"south": {"uv": [0, 0, 0.5, 0.5], "texture": "#2"},
				"west": {"uv": [0, 0, 0.5, 0.5], "texture": "#2"},
				"up": {"uv": [0, 0, 0.5, 0.5], "texture": "#2"},
				"down": {"uv": [0, 0, 0.5, 0.5], "texture": "#2"}
			}
		},
		{
			"name": "hexadecagon",
			"from": [7.20435, 8, 4],
			"to": [8.79565, 8.75, 5],
			"rotation": {"angle": 0, "axis": "y", "origin": [8, 8.5, 8]},
			"faces": {
				"north": {"uv": [0, 0, 0.5, 0.5], "texture": "#2"},
				"east": {"uv": [0, 0, 0.5, 0.5], "texture": "#2"},
				"south": {"uv": [0, 0, 0.5, 0.5], "texture": "#2"},
				"west": {"uv": [0, 0, 0.5, 0.5], "texture": "#2"},
				"up": {"uv": [0, 0, 0.5, 0.5], "texture": "#2"},
				"down": {"uv": [0, 0, 0.5, 0.5], "texture": "#2"}
			}
		},
		{
			"name": "hexadecagon",
			"from": [7.20435, 8, 4],
			"to": [8.79565, 8.75, 5],
			"rotation": {"angle": 22.5, "axis": "y", "origin": [8, 8.5, 8]},
			"faces": {
				"north": {"uv": [0, 0, 0.5, 0.5], "texture": "#2"},
				"east": {"uv": [0, 0, 0.5, 0.5], "texture": "#2"},
				"south": {"uv": [0, 0, 0.5, 0.5], "texture": "#2"},
				"west": {"uv": [0, 0, 0.5, 0.5], "texture": "#2"},
				"up": {"uv": [0, 0, 0.5, 0.5], "texture": "#2"},
				"down": {"uv": [0, 0, 0.5, 0.5], "texture": "#2"}
			}
		},
		{
			"name": "hexadecagon",
			"from": [7.20435, 8, 4],
			"to": [8.79565, 8.75, 5],
			"rotation": {"angle": 45, "axis": "y", "origin": [8, 8.5, 8]},
			"faces": {
				"north": {"uv": [0, 0, 0.5, 0.5], "texture": "#2"},
				"east": {"uv": [0, 0, 0.5, 0.5], "texture": "#2"},
				"south": {"uv": [0, 0, 0.5, 0.5], "texture": "#2"},
				"west": {"uv": [0, 0, 0.5, 0.5], "texture": "#2"},
				"up": {"uv": [0, 0, 0.5, 0.5], "texture": "#2"},
				"down": {"uv": [0, 0, 0.5, 0.5], "texture": "#2"}
			}
		},
		{
			"name": "hexadecagon",
			"from": [7.20435, 8, 11],
			"to": [8.79565, 8.75, 12],
			"rotation": {"angle": -45, "axis": "y", "origin": [8, 8.5, 8]},
			"faces": {
				"north": {"uv": [0, 0, 0.5, 0.5], "texture": "#2"},
				"east": {"uv": [0, 0, 0.5, 0.5], "texture": "#2"},
				"south": {"uv": [0, 0, 0.5, 0.5], "texture": "#2"},
				"west": {"uv": [0, 0, 0.5, 0.5], "texture": "#2"},
				"up": {"uv": [0, 0, 0.5, 0.5], "texture": "#2"},
				"down": {"uv": [0, 0, 0.5, 0.5], "texture": "#2"}
			}
		},
		{
			"name": "hexadecagon",
			"from": [7.20435, 8, 11],
			"to": [8.54565, 8.75, 12],
			"rotation": {"angle": -22.5, "axis": "y", "origin": [8, 8.5, 8]},
			"faces": {
				"north": {"uv": [0, 0, 0.5, 0.5], "texture": "#2"},
				"east": {"uv": [0, 0, 0.5, 0.5], "texture": "#2"},
				"south": {"uv": [0, 0, 0.5, 0.5], "texture": "#2"},
				"west": {"uv": [0, 0, 0.5, 0.5], "texture": "#2"},
				"up": {"uv": [0, 0, 0.5, 0.5], "texture": "#2"},
				"down": {"uv": [0, 0, 0.5, 0.5], "texture": "#2"}
			}
		},
		{
			"name": "hexadecagon",
			"from": [6.70435, 8.1, 11.05],
			"to": [9.29565, 8.65, 12],
			"rotation": {"angle": 0, "axis": "y", "origin": [8, 8.5, 8]},
			"faces": {
				"north": {"uv": [0, 0, 0.5, 0.5], "texture": "#0"},
				"east": {"uv": [0, 0, 0.5, 0.5], "texture": "#0"},
				"south": {"uv": [0, 0, 0.5, 0.5], "texture": "#0"},
				"west": {"uv": [0, 0, 0.5, 0.5], "texture": "#0"},
				"up": {"uv": [0, 0, 0.5, 0.5], "texture": "#0"},
				"down": {"uv": [0, 0, 0.5, 0.5], "texture": "#0"}
			}
		},
		{
			"name": "hexadecagon",
			"from": [7.45435, 8, 11],
			"to": [8.79565, 8.75, 12],
			"rotation": {"angle": 22.5, "axis": "y", "origin": [8, 8.5, 8]},
			"faces": {
				"north": {"uv": [0, 0, 0.5, 0.5], "texture": "#2"},
				"east": {"uv": [0, 0, 0.5, 0.5], "texture": "#2"},
				"south": {"uv": [0, 0, 0.5, 0.5], "texture": "#2"},
				"west": {"uv": [0, 0, 0.5, 0.5], "texture": "#2"},
				"up": {"uv": [0, 0, 0.5, 0.5], "texture": "#2"},
				"down": {"uv": [0, 0, 0.5, 0.5], "texture": "#2"}
			}
		},
		{
			"name": "hexadecagon",
			"from": [7.20435, 8, 11],
			"to": [8.79565, 8.75, 12],
			"rotation": {"angle": 45, "axis": "y", "origin": [8, 8.5, 8]},
			"faces": {
				"north": {"uv": [0, 0, 0.5, 0.5], "texture": "#2"},
				"east": {"uv": [0, 0, 0.5, 0.5], "texture": "#2"},
				"south": {"uv": [0, 0, 0.5, 0.5], "texture": "#2"},
				"west": {"uv": [0, 0, 0.5, 0.5], "texture": "#2"},
				"up": {"uv": [0, 0, 0.5, 0.5], "texture": "#2"},
				"down": {"uv": [0, 0, 0.5, 0.5], "texture": "#2"}
			}
		},
		{
			"name": "hexadecagon",
			"from": [4, 8, 7.20435],
			"to": [5, 8.75, 8.79565],
			"rotation": {"angle": -22.5, "axis": "y", "origin": [8, 8.5, 8]},
			"faces": {
				"north": {"uv": [0, 0, 0.5, 0.5], "texture": "#2"},
				"east": {"uv": [0, 0, 0.5, 0.5], "texture": "#2"},
				"south": {"uv": [0, 0, 0.5, 0.5], "texture": "#2"},
				"west": {"uv": [0, 0, 0.5, 0.5], "texture": "#2"},
				"up": {"uv": [0, 0, 0.5, 0.5], "texture": "#2"},
				"down": {"uv": [0, 0, 0.5, 0.5], "texture": "#2"}
			}
		},
		{
			"name": "hexadecagon",
			"from": [4, 8, 7.20435],
			"to": [5, 8.75, 8.79565],
			"rotation": {"angle": 0, "axis": "y", "origin": [8, 8.5, 8]},
			"faces": {
				"north": {"uv": [0, 0, 0.5, 0.5], "texture": "#2"},
				"east": {"uv": [0, 0, 0.5, 0.5], "texture": "#2"},
				"south": {"uv": [0, 0, 0.5, 0.5], "texture": "#2"},
				"west": {"uv": [0, 0, 0.5, 0.5], "texture": "#2"},
				"up": {"uv": [0, 0, 0.5, 0.5], "texture": "#2"},
				"down": {"uv": [0, 0, 0.5, 0.5], "texture": "#2"}
			}
		},
		{
			"name": "hexadecagon",
			"from": [4, 8, 7.20435],
			"to": [5, 8.75, 8.79565],
			"rotation": {"angle": 22.5, "axis": "y", "origin": [8, 8.5, 8]},
			"faces": {
				"north": {"uv": [0, 0, 0.5, 0.5], "texture": "#2"},
				"east": {"uv": [0, 0, 0.5, 0.5], "texture": "#2"},
				"south": {"uv": [0, 0, 0.5, 0.5], "texture": "#2"},
				"west": {"uv": [0, 0, 0.5, 0.5], "texture": "#2"},
				"up": {"uv": [0, 0, 0.5, 0.5], "texture": "#2"},
				"down": {"uv": [0, 0, 0.5, 0.5], "texture": "#2"}
			}
		},
		{
			"name": "hexadecagon",
			"from": [11, 8, 7.20435],
			"to": [12, 8.75, 8.79565],
			"rotation": {"angle": -22.5, "axis": "y", "origin": [8, 8.5, 8]},
			"faces": {
				"north": {"uv": [0, 0, 0.5, 0.5], "texture": "#2"},
				"east": {"uv": [0, 0, 0.5, 0.5], "texture": "#2"},
				"south": {"uv": [0, 0, 0.5, 0.5], "texture": "#2"},
				"west": {"uv": [0, 0, 0.5, 0.5], "texture": "#2"},
				"up": {"uv": [0, 0, 0.5, 0.5], "texture": "#2"},
				"down": {"uv": [0, 0, 0.5, 0.5], "texture": "#2"}
			}
		},
		{
			"name": "hexadecagon",
			"from": [11, 8, 7.20435],
			"to": [12, 8.75, 8.79565],
			"rotation": {"angle": 0, "axis": "y", "origin": [8, 8.5, 8]},
			"faces": {
				"north": {"uv": [0, 0, 0.5, 0.5], "texture": "#2"},
				"east": {"uv": [0, 0, 0.5, 0.5], "texture": "#2"},
				"south": {"uv": [0, 0, 0.5, 0.5], "texture": "#2"},
				"west": {"uv": [0, 0, 0.5, 0.5], "texture": "#2"},
				"up": {"uv": [0, 0, 0.5, 0.5], "texture": "#2"},
				"down": {"uv": [0, 0, 0.5, 0.5], "texture": "#2"}
			}
		},
		{
			"name": "hexadecagon",
			"from": [11, 8, 7.20435],
			"to": [12, 8.75, 8.79565],
			"rotation": {"angle": 22.5, "axis": "y", "origin": [8, 8.5, 8]},
			"faces": {
				"north": {"uv": [0, 0, 0.5, 0.5], "texture": "#2"},
				"east": {"uv": [0, 0, 0.5, 0.5], "texture": "#2"},
				"south": {"uv": [0, 0, 0.5, 0.5], "texture": "#2"},
				"west": {"uv": [0, 0, 0.5, 0.5], "texture": "#2"},
				"up": {"uv": [0, 0, 0.5, 0.5], "texture": "#2"},
				"down": {"uv": [0, 0, 0.5, 0.5], "texture": "#2"}
			}
		},
		{
			"name": "hexadecagon",
			"from": [7.00544, 7.6, 3],
			"to": [8.99456, 9.15, 3.5],
			"rotation": {"angle": -45, "axis": "y", "origin": [8, 9, 8]},
			"faces": {
				"north": {"uv": [0, 0, 0.5, 0.5], "texture": "#5"},
				"east": {"uv": [0, 0, 0.5, 0.5], "texture": "#5"},
				"south": {"uv": [0, 0, 0.5, 0.5], "texture": "#5"},
				"west": {"uv": [0, 0, 0.5, 0.5], "texture": "#5"},
				"up": {"uv": [0, 0, 0.5, 0.5], "texture": "#5"},
				"down": {"uv": [0, 0, 0.5, 0.5], "texture": "#5"}
			}
		},
		{
			"name": "hexadecagon",
			"from": [7.00544, 7.6, 3],
			"to": [8.99456, 9.15, 3.5],
			"rotation": {"angle": -22.5, "axis": "y", "origin": [8, 9, 8]},
			"faces": {
				"north": {"uv": [0, 0, 0.5, 0.5], "texture": "#5"},
				"east": {"uv": [0, 0, 0.5, 0.5], "texture": "#5"},
				"south": {"uv": [0, 0, 0.5, 0.5], "texture": "#5"},
				"west": {"uv": [0, 0, 0.5, 0.5], "texture": "#5"},
				"up": {"uv": [0, 0, 0.5, 0.5], "texture": "#5"},
				"down": {"uv": [0, 0, 0.5, 0.5], "texture": "#5"}
			}
		},
		{
			"name": "hexadecagon",
			"from": [7.00544, 7.6, 3],
			"to": [8.99456, 9.15, 3.5],
			"rotation": {"angle": 0, "axis": "y", "origin": [8, 9, 8]},
			"faces": {
				"north": {"uv": [0, 0, 0.5, 0.5], "texture": "#5"},
				"east": {"uv": [0, 0, 0.5, 0.5], "texture": "#5"},
				"south": {"uv": [0, 0, 0.5, 0.5], "texture": "#5"},
				"west": {"uv": [0, 0, 0.5, 0.5], "texture": "#5"},
				"up": {"uv": [0, 0, 0.5, 0.5], "texture": "#5"},
				"down": {"uv": [0, 0, 0.5, 0.5], "texture": "#5"}
			}
		},
		{
			"name": "hexadecagon",
			"from": [7.00544, 7.6, 3],
			"to": [8.99456, 9.15, 3.5],
			"rotation": {"angle": 22.5, "axis": "y", "origin": [8, 9, 8]},
			"faces": {
				"north": {"uv": [0, 0, 0.5, 0.5], "texture": "#5"},
				"east": {"uv": [0, 0, 0.5, 0.5], "texture": "#5"},
				"south": {"uv": [0, 0, 0.5, 0.5], "texture": "#5"},
				"west": {"uv": [0, 0, 0.5, 0.5], "texture": "#5"},
				"up": {"uv": [0, 0, 0.5, 0.5], "texture": "#5"},
				"down": {"uv": [0, 0, 0.5, 0.5], "texture": "#5"}
			}
		},
		{
			"name": "hexadecagon",
			"from": [7.00544, 7.6, 3],
			"to": [8.99456, 9.15, 3.5],
			"rotation": {"angle": 45, "axis": "y", "origin": [8, 9, 8]},
			"faces": {
				"north": {"uv": [0, 0, 0.5, 0.5], "texture": "#5"},
				"east": {"uv": [0, 0, 0.5, 0.5], "texture": "#5"},
				"south": {"uv": [0, 0, 0.5, 0.5], "texture": "#5"},
				"west": {"uv": [0, 0, 0.5, 0.5], "texture": "#5"},
				"up": {"uv": [0, 0, 0.5, 0.5], "texture": "#5"},
				"down": {"uv": [0, 0, 0.5, 0.5], "texture": "#5"}
			}
		},
		{
			"name": "hexadecagon",
			"from": [7.00544, 7.6, 12.5],
			"to": [8.99456, 9.15, 13],
			"rotation": {"angle": -45, "axis": "y", "origin": [8, 9, 8]},
			"faces": {
				"north": {"uv": [0, 0, 0.5, 0.5], "texture": "#5"},
				"east": {"uv": [0, 0, 0.5, 0.5], "texture": "#5"},
				"south": {"uv": [0, 0, 0.5, 0.5], "texture": "#5"},
				"west": {"uv": [0, 0, 0.5, 0.5], "texture": "#5"},
				"up": {"uv": [0, 0, 0.5, 0.5], "texture": "#5"},
				"down": {"uv": [0, 0, 0.5, 0.5], "texture": "#5"}
			}
		},
		{
			"name": "hexadecagon",
			"from": [7.00544, 7.6, 12.5],
			"to": [8.49456, 9.15, 13],
			"rotation": {"angle": -22.5, "axis": "y", "origin": [8, 9, 8]},
			"faces": {
				"north": {"uv": [0, 0, 0.5, 0.5], "texture": "#5"},
				"east": {"uv": [0, 0, 0.5, 0.5], "texture": "#5"},
				"south": {"uv": [0, 0, 0.5, 0.5], "texture": "#5"},
				"west": {"uv": [0, 0, 0.5, 0.5], "texture": "#5"},
				"up": {"uv": [0, 0, 0.5, 0.5], "texture": "#5"},
				"down": {"uv": [0, 0, 0.5, 0.5], "texture": "#5"}
			}
		},
		{
			"name": "hexadecagon",
			"from": [7.50544, 7.6, 12.5],
			"to": [8.99456, 9.15, 13],
			"rotation": {"angle": 22.5, "axis": "y", "origin": [8, 9, 8]},
			"faces": {
				"north": {"uv": [0, 0, 0.5, 0.5], "texture": "#5"},
				"east": {"uv": [0, 0, 0.5, 0.5], "texture": "#5"},
				"south": {"uv": [0, 0, 0.5, 0.5], "texture": "#5"},
				"west": {"uv": [0, 0, 0.5, 0.5], "texture": "#5"},
				"up": {"uv": [0, 0, 0.5, 0.5], "texture": "#5"},
				"down": {"uv": [0, 0, 0.5, 0.5], "texture": "#5"}
			}
		},
		{
			"name": "hexadecagon",
			"from": [7.00544, 7.6, 12.5],
			"to": [8.99456, 9.15, 13],
			"rotation": {"angle": 45, "axis": "y", "origin": [8, 9, 8]},
			"faces": {
				"north": {"uv": [0, 0, 0.5, 0.5], "texture": "#5"},
				"east": {"uv": [0, 0, 0.5, 0.5], "texture": "#5"},
				"south": {"uv": [0, 0, 0.5, 0.5], "texture": "#5"},
				"west": {"uv": [0, 0, 0.5, 0.5], "texture": "#5"},
				"up": {"uv": [0, 0, 0.5, 0.5], "texture": "#5"},
				"down": {"uv": [0, 0, 0.5, 0.5], "texture": "#5"}
			}
		},
		{
			"name": "hexadecagon",
			"from": [3, 7.6, 7.00544],
			"to": [3.5, 9.15, 8.99456],
			"rotation": {"angle": -22.5, "axis": "y", "origin": [8, 9, 8]},
			"faces": {
				"north": {"uv": [0, 0, 0.5, 0.5], "texture": "#5"},
				"east": {"uv": [0, 0, 0.5, 0.5], "texture": "#5"},
				"south": {"uv": [0, 0, 0.5, 0.5], "texture": "#5"},
				"west": {"uv": [0, 0, 0.5, 0.5], "texture": "#5"},
				"up": {"uv": [0, 0, 0.5, 0.5], "texture": "#5"},
				"down": {"uv": [0, 0, 0.5, 0.5], "texture": "#5"}
			}
		},
		{
			"name": "hexadecagon",
			"from": [3, 7.6, 7.00544],
			"to": [3.5, 9.15, 8.99456],
			"rotation": {"angle": 0, "axis": "y", "origin": [8, 9, 8]},
			"faces": {
				"north": {"uv": [0, 0, 0.5, 0.5], "texture": "#5"},
				"east": {"uv": [0, 0, 0.5, 0.5], "texture": "#5"},
				"south": {"uv": [0, 0, 0.5, 0.5], "texture": "#5"},
				"west": {"uv": [0, 0, 0.5, 0.5], "texture": "#5"},
				"up": {"uv": [0, 0, 0.5, 0.5], "texture": "#5"},
				"down": {"uv": [0, 0, 0.5, 0.5], "texture": "#5"}
			}
		},
		{
			"name": "hexadecagon",
			"from": [3, 7.6, 7.00544],
			"to": [3.5, 9.15, 8.99456],
			"rotation": {"angle": 22.5, "axis": "y", "origin": [8, 9, 8]},
			"faces": {
				"north": {"uv": [0, 0, 0.5, 0.5], "texture": "#5"},
				"east": {"uv": [0, 0, 0.5, 0.5], "texture": "#5"},
				"south": {"uv": [0, 0, 0.5, 0.5], "texture": "#5"},
				"west": {"uv": [0, 0, 0.5, 0.5], "texture": "#5"},
				"up": {"uv": [0, 0, 0.5, 0.5], "texture": "#5"},
				"down": {"uv": [0, 0, 0.5, 0.5], "texture": "#5"}
			}
		},
		{
			"name": "hexadecagon",
			"from": [12.5, 7.6, 7.00544],
			"to": [13, 9.15, 8.99456],
			"rotation": {"angle": -22.5, "axis": "y", "origin": [8, 9, 8]},
			"faces": {
				"north": {"uv": [0, 0, 0.5, 0.5], "texture": "#5"},
				"east": {"uv": [0, 0, 0.5, 0.5], "texture": "#5"},
				"south": {"uv": [0, 0, 0.5, 0.5], "texture": "#5"},
				"west": {"uv": [0, 0, 0.5, 0.5], "texture": "#5"},
				"up": {"uv": [0, 0, 0.5, 0.5], "texture": "#5"},
				"down": {"uv": [0, 0, 0.5, 0.5], "texture": "#5"}
			}
		},
		{
			"name": "hexadecagon",
			"from": [12.5, 7.6, 7.00544],
			"to": [13, 9.15, 8.99456],
			"rotation": {"angle": 0, "axis": "y", "origin": [8, 9, 8]},
			"faces": {
				"north": {"uv": [0, 0, 0.5, 0.5], "texture": "#5"},
				"east": {"uv": [0, 0, 0.5, 0.5], "texture": "#5"},
				"south": {"uv": [0, 0, 0.5, 0.5], "texture": "#5"},
				"west": {"uv": [0, 0, 0.5, 0.5], "texture": "#5"},
				"up": {"uv": [0, 0, 0.5, 0.5], "texture": "#5"},
				"down": {"uv": [0, 0, 0.5, 0.5], "texture": "#5"}
			}
		},
		{
			"name": "hexadecagon",
			"from": [12.5, 7.6, 7.00544],
			"to": [13, 9.15, 8.99456],
			"rotation": {"angle": 22.5, "axis": "y", "origin": [8, 9, 8]},
			"faces": {
				"north": {"uv": [0, 0, 0.5, 0.5], "texture": "#5"},
				"east": {"uv": [0, 0, 0.5, 0.5], "texture": "#5"},
				"south": {"uv": [0, 0, 0.5, 0.5], "texture": "#5"},
				"west": {"uv": [0, 0, 0.5, 0.5], "texture": "#5"},
				"up": {"uv": [0, 0, 0.5, 0.5], "texture": "#5"},
				"down": {"uv": [0, 0, 0.5, 0.5], "texture": "#5"}
			}
		},
		{
			"from": [7.80435, 7.75, 11.3],
			"to": [8.19565, 9, 11.65],
			"rotation": {"angle": 45, "axis": "y", "origin": [8, 8.5, 8]},
			"faces": {
				"north": {"uv": [0, 0, 0.5, 0.5], "texture": "#2"},
				"east": {"uv": [0, 0, 0.5, 0.5], "texture": "#2"},
				"south": {"uv": [0, 0, 0.5, 0.5], "texture": "#2"},
				"west": {"uv": [0, 0, 0.5, 0.5], "texture": "#2"},
				"up": {"uv": [0, 0, 0.5, 0.5], "texture": "#2"},
				"down": {"uv": [0, 0, 0.5, 0.5], "texture": "#2"}
			}
		},
		{
			"from": [7.80435, 7.75, 11.3],
			"to": [8.19565, 9, 11.65],
			"rotation": {"angle": -45, "axis": "y", "origin": [8, 8.5, 8]},
			"faces": {
				"north": {"uv": [0, 0, 0.5, 0.5], "texture": "#2"},
				"east": {"uv": [0, 0, 0.5, 0.5], "texture": "#2"},
				"south": {"uv": [0, 0, 0.5, 0.5], "texture": "#2"},
				"west": {"uv": [0, 0, 0.5, 0.5], "texture": "#2"},
				"up": {"uv": [0, 0, 0.5, 0.5], "texture": "#2"},
				"down": {"uv": [0, 0, 0.5, 0.5], "texture": "#2"}
			}
		},
		{
			"from": [7.80435, 7.75, 4.4],
			"to": [8.19565, 9, 4.75],
			"rotation": {"angle": 45, "axis": "y", "origin": [8, 8.5, 8]},
			"faces": {
				"north": {"uv": [0, 0, 0.5, 0.5], "texture": "#2"},
				"east": {"uv": [0, 0, 0.5, 0.5], "texture": "#2"},
				"south": {"uv": [0, 0, 0.5, 0.5], "texture": "#2"},
				"west": {"uv": [0, 0, 0.5, 0.5], "texture": "#2"},
				"up": {"uv": [0, 0, 0.5, 0.5], "texture": "#2"},
				"down": {"uv": [0, 0, 0.5, 0.5], "texture": "#2"}
			}
		},
		{
			"from": [7.80435, 7.75, 4.4],
			"to": [8.19565, 9, 4.75],
			"rotation": {"angle": -45, "axis": "y", "origin": [8, 8.5, 8]},
			"faces": {
				"north": {"uv": [0, 0, 0.5, 0.5], "texture": "#2"},
				"east": {"uv": [0, 0, 0.5, 0.5], "texture": "#2"},
				"south": {"uv": [0, 0, 0.5, 0.5], "texture": "#2"},
				"west": {"uv": [0, 0, 0.5, 0.5], "texture": "#2"},
				"up": {"uv": [0, 0, 0.5, 0.5], "texture": "#2"},
				"down": {"uv": [0, 0, 0.5, 0.5], "texture": "#2"}
			}
		},
		{
			"from": [7.90435, 7.7, 11.4],
			"to": [8.09565, 9.05, 11.55],
			"rotation": {"angle": 45, "axis": "y", "origin": [8, 8.5, 8]},
			"faces": {
				"north": {"uv": [0, 0, 0.5, 0.5], "texture": "#5"},
				"east": {"uv": [0, 0, 0.5, 0.5], "texture": "#5"},
				"south": {"uv": [0, 0, 0.5, 0.5], "texture": "#5"},
				"west": {"uv": [0, 0, 0.5, 0.5], "texture": "#5"},
				"up": {"uv": [0, 0, 0.5, 0.5], "texture": "#5"},
				"down": {"uv": [0, 0, 0.5, 0.5], "texture": "#5"}
			}
		},
		{
			"from": [7.90435, 7.7, 11.4],
			"to": [8.09565, 9.05, 11.55],
			"rotation": {"angle": -45, "axis": "y", "origin": [8, 8.5, 8]},
			"faces": {
				"north": {"uv": [0, 0, 0.5, 0.5], "texture": "#5"},
				"east": {"uv": [0, 0, 0.5, 0.5], "texture": "#5"},
				"south": {"uv": [0, 0, 0.5, 0.5], "texture": "#5"},
				"west": {"uv": [0, 0, 0.5, 0.5], "texture": "#5"},
				"up": {"uv": [0, 0, 0.5, 0.5], "texture": "#5"},
				"down": {"uv": [0, 0, 0.5, 0.5], "texture": "#5"}
			}
		},
		{
			"from": [7.90435, 7.7, 4.5],
			"to": [8.09565, 9.05, 4.65],
			"rotation": {"angle": 45, "axis": "y", "origin": [8, 8.5, 8]},
			"faces": {
				"north": {"uv": [0, 0, 0.5, 0.5], "texture": "#5"},
				"east": {"uv": [0, 0, 0.5, 0.5], "texture": "#5"},
				"south": {"uv": [0, 0, 0.5, 0.5], "texture": "#5"},
				"west": {"uv": [0, 0, 0.5, 0.5], "texture": "#5"},
				"up": {"uv": [0, 0, 0.5, 0.5], "texture": "#5"},
				"down": {"uv": [0, 0, 0.5, 0.5], "texture": "#5"}
			}
		},
		{
			"from": [7.90435, 7.7, 4.5],
			"to": [8.09565, 9.05, 4.65],
			"rotation": {"angle": -45, "axis": "y", "origin": [8, 8.5, 8]},
			"faces": {
				"north": {"uv": [0, 0, 0.5, 0.5], "texture": "#5"},
				"east": {"uv": [0, 0, 0.5, 0.5], "texture": "#5"},
				"south": {"uv": [0, 0, 0.5, 0.5], "texture": "#5"},
				"west": {"uv": [0, 0, 0.5, 0.5], "texture": "#5"},
				"up": {"uv": [0, 0, 0.5, 0.5], "texture": "#5"},
				"down": {"uv": [0, 0, 0.5, 0.5], "texture": "#5"}
			}
		},
		{
			"name": "hexadecagon",
			"from": [6.50816, 8.25, 0.5],
			"to": [9.49184, 8.5, 1],
			"rotation": {"angle": -45, "axis": "y", "origin": [8, 8.5, 8]},
			"faces": {
				"north": {"uv": [0, 0, 0.5, 0.5], "texture": "#4"},
				"east": {"uv": [0, 0, 0.5, 0.5], "texture": "#4"},
				"south": {"uv": [0, 0, 0.5, 0.5], "texture": "#4"},
				"west": {"uv": [0, 0, 0.5, 0.5], "texture": "#4"},
				"up": {"uv": [0, 0, 0.5, 0.5], "texture": "#4"},
				"down": {"uv": [0, 0, 0.5, 0.5], "texture": "#4"}
			}
		},
		{
			"name": "hexadecagon",
			"from": [6.50816, 8.25, 0.5],
			"to": [9.49184, 8.5, 1],
			"rotation": {"angle": 0, "axis": "y", "origin": [8, 8.5, 8]},
			"faces": {
				"north": {"uv": [0, 0, 0.5, 0.5], "texture": "#4"},
				"east": {"uv": [0, 0, 0.5, 0.5], "texture": "#4"},
				"south": {"uv": [0, 0, 0.5, 0.5], "texture": "#4"},
				"west": {"uv": [0, 0, 0.5, 0.5], "texture": "#4"},
				"up": {"uv": [0, 0, 0.5, 0.5], "texture": "#4"},
				"down": {"uv": [0, 0, 0.5, 0.5], "texture": "#4"}
			}
		},
		{
			"name": "hexadecagon",
			"from": [6.50816, 8.25, 0.5],
			"to": [9.49184, 8.5, 1],
			"rotation": {"angle": 45, "axis": "y", "origin": [8, 8.5, 8]},
			"faces": {
				"north": {"uv": [0, 0, 0.5, 0.5], "texture": "#4"},
				"east": {"uv": [0, 0, 0.5, 0.5], "texture": "#4"},
				"south": {"uv": [0, 0, 0.5, 0.5], "texture": "#4"},
				"west": {"uv": [0, 0, 0.5, 0.5], "texture": "#4"},
				"up": {"uv": [0, 0, 0.5, 0.5], "texture": "#4"},
				"down": {"uv": [0, 0, 0.5, 0.5], "texture": "#4"}
			}
		},
		{
			"name": "hexadecagon",
			"from": [6.50816, 8.25, 15],
			"to": [9.49184, 8.5, 15.5],
			"rotation": {"angle": -45, "axis": "y", "origin": [8, 8.5, 8]},
			"faces": {
				"north": {"uv": [0, 0, 0.5, 0.5], "texture": "#4"},
				"east": {"uv": [0, 0, 0.5, 0.5], "texture": "#4"},
				"south": {"uv": [0, 0, 0.5, 0.5], "texture": "#4"},
				"west": {"uv": [0, 0, 0.5, 0.5], "texture": "#4"},
				"up": {"uv": [0, 0, 0.5, 0.5], "texture": "#4"},
				"down": {"uv": [0, 0, 0.5, 0.5], "texture": "#4"}
			}
		},
		{
			"name": "hexadecagon",
			"from": [6.50816, 8.25, 15],
			"to": [9.49184, 8.5, 15.5],
			"rotation": {"angle": 0, "axis": "y", "origin": [8, 8.5, 8]},
			"faces": {
				"north": {"uv": [0, 0, 0.5, 0.5], "texture": "#4"},
				"east": {"uv": [0, 0, 0.5, 0.5], "texture": "#4"},
				"south": {"uv": [0, 0, 0.5, 0.5], "texture": "#4"},
				"west": {"uv": [0, 0, 0.5, 0.5], "texture": "#4"},
				"up": {"uv": [0, 0, 0.5, 0.5], "texture": "#4"},
				"down": {"uv": [0, 0, 0.5, 0.5], "texture": "#4"}
			}
		},
		{
			"name": "hexadecagon",
			"from": [6.50816, 8.25, 15],
			"to": [9.49184, 8.5, 15.5],
			"rotation": {"angle": 45, "axis": "y", "origin": [8, 8.5, 8]},
			"faces": {
				"north": {"uv": [0, 0, 0.5, 0.5], "texture": "#4"},
				"east": {"uv": [0, 0, 0.5, 0.5], "texture": "#4"},
				"south": {"uv": [0, 0, 0.5, 0.5], "texture": "#4"},
				"west": {"uv": [0, 0, 0.5, 0.5], "texture": "#4"},
				"up": {"uv": [0, 0, 0.5, 0.5], "texture": "#4"},
				"down": {"uv": [0, 0, 0.5, 0.5], "texture": "#4"}
			}
		},
		{
			"name": "hexadecagon",
			"from": [0.5, 8.25, 6.50816],
			"to": [1, 8.5, 9.49184],
			"rotation": {"angle": 0, "axis": "y", "origin": [8, 8.5, 8]},
			"faces": {
				"north": {"uv": [0, 0, 0.5, 0.5], "texture": "#4"},
				"east": {"uv": [0, 0, 0.5, 0.5], "texture": "#4"},
				"south": {"uv": [0, 0, 0.5, 0.5], "texture": "#4"},
				"west": {"uv": [0, 0, 0.5, 0.5], "texture": "#4"},
				"up": {"uv": [0, 0, 0.5, 0.5], "texture": "#4"},
				"down": {"uv": [0, 0, 0.5, 0.5], "texture": "#4"}
			}
		},
		{
			"name": "hexadecagon",
			"from": [15, 8.25, 6.50816],
			"to": [15.5, 8.5, 9.49184],
			"rotation": {"angle": 0, "axis": "y", "origin": [8, 8.5, 8]},
			"faces": {
				"north": {"uv": [0, 0, 0.5, 0.5], "texture": "#4"},
				"east": {"uv": [0, 0, 0.5, 0.5], "texture": "#4"},
				"south": {"uv": [0, 0, 0.5, 0.5], "texture": "#4"},
				"west": {"uv": [0, 0, 0.5, 0.5], "texture": "#4"},
				"up": {"uv": [0, 0, 0.5, 0.5], "texture": "#4"},
				"down": {"uv": [0, 0, 0.5, 0.5], "texture": "#4"}
			}
		},
		{
			"name": "hexadecagon",
			"from": [6.50816, 8.25, 0.5],
			"to": [9.49184, 8.5, 1],
			"rotation": {"angle": -22.5, "axis": "y", "origin": [8, 8.5, 8]},
			"faces": {
				"north": {"uv": [0, 0, 0.5, 0.5], "texture": "#4"},
				"east": {"uv": [0, 0, 0.5, 0.5], "texture": "#4"},
				"south": {"uv": [0, 0, 0.5, 0.5], "texture": "#4"},
				"west": {"uv": [0, 0, 0.5, 0.5], "texture": "#4"},
				"up": {"uv": [0, 0, 0.5, 0.5], "texture": "#4"},
				"down": {"uv": [0, 0, 0.5, 0.5], "texture": "#4"}
			}
		},
		{
			"name": "hexadecagon",
			"from": [15, 8.25, 6.50816],
			"to": [15.5, 8.5, 9.49184],
			"rotation": {"angle": 22.5, "axis": "y", "origin": [8, 8.5, 8]},
			"faces": {
				"north": {"uv": [0, 0, 0.5, 0.5], "texture": "#4"},
				"east": {"uv": [0, 0, 0.5, 0.5], "texture": "#4"},
				"south": {"uv": [0, 0, 0.5, 0.5], "texture": "#4"},
				"west": {"uv": [0, 0, 0.5, 0.5], "texture": "#4"},
				"up": {"uv": [0, 0, 0.5, 0.5], "texture": "#4"},
				"down": {"uv": [0, 0, 0.5, 0.5], "texture": "#4"}
			}
		},
		{
			"name": "hexadecagon",
			"from": [15, 8.25, 6.50816],
			"to": [15.5, 8.5, 9.49184],
			"rotation": {"angle": -22.5, "axis": "y", "origin": [8, 8.5, 8]},
			"faces": {
				"north": {"uv": [0, 0, 0.5, 0.5], "texture": "#4"},
				"east": {"uv": [0, 0, 0.5, 0.5], "texture": "#4"},
				"south": {"uv": [0, 0, 0.5, 0.5], "texture": "#4"},
				"west": {"uv": [0, 0, 0.5, 0.5], "texture": "#4"},
				"up": {"uv": [0, 0, 0.5, 0.5], "texture": "#4"},
				"down": {"uv": [0, 0, 0.5, 0.5], "texture": "#4"}
			}
		},
		{
			"name": "hexadecagon",
			"from": [6.50816, 8.25, 15],
			"to": [9.49184, 8.5, 15.5],
			"rotation": {"angle": 22.5, "axis": "y", "origin": [8, 8.5, 8]},
			"faces": {
				"north": {"uv": [0, 0, 0.5, 0.5], "texture": "#4"},
				"east": {"uv": [0, 0, 0.5, 0.5], "texture": "#4"},
				"south": {"uv": [0, 0, 0.5, 0.5], "texture": "#4"},
				"west": {"uv": [0, 0, 0.5, 0.5], "texture": "#4"},
				"up": {"uv": [0, 0, 0.5, 0.5], "texture": "#4"},
				"down": {"uv": [0, 0, 0.5, 0.5], "texture": "#4"}
			}
		},
		{
			"name": "hexadecagon",
			"from": [6.50816, 8.25, 15],
			"to": [9.49184, 8.5, 15.5],
			"rotation": {"angle": -22.5, "axis": "y", "origin": [8, 8.5, 8]},
			"faces": {
				"north": {"uv": [0, 0, 0.5, 0.5], "texture": "#4"},
				"east": {"uv": [0, 0, 0.5, 0.5], "texture": "#4"},
				"south": {"uv": [0, 0, 0.5, 0.5], "texture": "#4"},
				"west": {"uv": [0, 0, 0.5, 0.5], "texture": "#4"},
				"up": {"uv": [0, 0, 0.5, 0.5], "texture": "#4"},
				"down": {"uv": [0, 0, 0.5, 0.5], "texture": "#4"}
			}
		},
		{
			"name": "hexadecagon",
			"from": [0.5, 8.25, 6.50816],
			"to": [1, 8.5, 9.49184],
			"rotation": {"angle": 22.5, "axis": "y", "origin": [8, 8.5, 8]},
			"faces": {
				"north": {"uv": [0, 0, 0.5, 0.5], "texture": "#4"},
				"east": {"uv": [0, 0, 0.5, 0.5], "texture": "#4"},
				"south": {"uv": [0, 0, 0.5, 0.5], "texture": "#4"},
				"west": {"uv": [0, 0, 0.5, 0.5], "texture": "#4"},
				"up": {"uv": [0, 0, 0.5, 0.5], "texture": "#4"},
				"down": {"uv": [0, 0, 0.5, 0.5], "texture": "#4"}
			}
		},
		{
			"name": "hexadecagon",
			"from": [0.5, 8.25, 6.50816],
			"to": [1, 8.5, 9.49184],
			"rotation": {"angle": -22.5, "axis": "y", "origin": [8, 8.5, 8]},
			"faces": {
				"north": {"uv": [0, 0, 0.5, 0.5], "texture": "#4"},
				"east": {"uv": [0, 0, 0.5, 0.5], "texture": "#4"},
				"south": {"uv": [0, 0, 0.5, 0.5], "texture": "#4"},
				"west": {"uv": [0, 0, 0.5, 0.5], "texture": "#4"},
				"up": {"uv": [0, 0, 0.5, 0.5], "texture": "#4"},
				"down": {"uv": [0, 0, 0.5, 0.5], "texture": "#4"}
			}
		},
		{
			"name": "hexadecagon",
			"from": [6.50816, 8.25, 0.5],
			"to": [9.49184, 8.5, 1],
			"rotation": {"angle": 22.5, "axis": "y", "origin": [8, 8.5, 8]},
			"faces": {
				"north": {"uv": [0, 0, 0.5, 0.5], "texture": "#4"},
				"east": {"uv": [0, 0, 0.5, 0.5], "texture": "#4"},
				"south": {"uv": [0, 0, 0.5, 0.5], "texture": "#4"},
				"west": {"uv": [0, 0, 0.5, 0.5], "texture": "#4"},
				"up": {"uv": [0, 0, 0.5, 0.5], "texture": "#4"},
				"down": {"uv": [0, 0, 0.5, 0.5], "texture": "#4"}
			}
		},
		{
			"name": "hexadecagon",
			"from": [4.609, 7.95, 13.38501],
			"to": [4.94377, 8.8, 14.33501],
			"rotation": {"angle": 0, "axis": "y", "origin": [4.60139, 8.375, 13.72251]},
			"faces": {
				"north": {"uv": [0, 0, 0.5, 0.5], "texture": "#1"},
				"east": {"uv": [0, 0, 0.5, 0.5], "texture": "#1"},
				"south": {"uv": [0, 0, 0.5, 0.5], "texture": "#1"},
				"west": {"uv": [0, 0, 0.5, 0.5], "texture": "#1"},
				"up": {"uv": [0, 0, 0.5, 0.5], "texture": "#1"},
				"down": {"uv": [0, 0, 0.5, 0.5], "texture": "#1"}
			}
		},
		{
			"name": "hexadecagon",
			"from": [11.05623, 7.95, 13.38501],
			"to": [11.391, 8.8, 14.33501],
			"rotation": {"angle": 0, "axis": "y", "origin": [11.39861, 8.375, 13.72251]},
			"faces": {
				"north": {"uv": [0, 0, 0.5, 0.5], "texture": "#1"},
				"east": {"uv": [0, 0, 0.5, 0.5], "texture": "#1"},
				"south": {"uv": [0, 0, 0.5, 0.5], "texture": "#1"},
				"west": {"uv": [0, 0, 0.5, 0.5], "texture": "#1"},
				"up": {"uv": [0, 0, 0.5, 0.5], "texture": "#1"},
				"down": {"uv": [0, 0, 0.5, 0.5], "texture": "#1"}
			}
		},
		{
			"name": "hexadecagon",
			"from": [11.05623, 7.95, 1.66499],
			"to": [11.391, 8.8, 2.61499],
			"rotation": {"angle": 0, "axis": "y", "origin": [11.39861, 8.375, 2.27749]},
			"faces": {
				"north": {"uv": [0, 0, 0.5, 0.5], "texture": "#1"},
				"east": {"uv": [0, 0, 0.5, 0.5], "texture": "#1"},
				"south": {"uv": [0, 0, 0.5, 0.5], "texture": "#1"},
				"west": {"uv": [0, 0, 0.5, 0.5], "texture": "#1"},
				"up": {"uv": [0, 0, 0.5, 0.5], "texture": "#1"},
				"down": {"uv": [0, 0, 0.5, 0.5], "texture": "#1"}
			}
		},
		{
			"name": "hexadecagon",
			"from": [4.609, 7.95, 1.66499],
			"to": [4.94377, 8.8, 2.61499],
			"rotation": {"angle": 0, "axis": "y", "origin": [4.60139, 8.375, 2.27749]},
			"faces": {
				"north": {"uv": [0, 0, 0.5, 0.5], "texture": "#1"},
				"east": {"uv": [0, 0, 0.5, 0.5], "texture": "#1"},
				"south": {"uv": [0, 0, 0.5, 0.5], "texture": "#1"},
				"west": {"uv": [0, 0, 0.5, 0.5], "texture": "#1"},
				"up": {"uv": [0, 0, 0.5, 0.5], "texture": "#1"},
				"down": {"uv": [0, 0, 0.5, 0.5], "texture": "#1"}
			}
		}
	],
	"display": {
		"thirdperson_righthand": {
			"rotation": [0, 0, 90],
			"translation": [0, -2, -1.25],
			"scale": [0.56, 0.56, 0.56]
		},
		"thirdperson_lefthand": {
			"rotation": [0, 0, 90],
			"translation": [0, -2, -1.25],
			"scale": [0.56, 0.56, 0.56]
		},
		"firstperson_righthand": {
			"rotation": [0, 0, -109],
			"translation": [0, 2.5, 0]
		},
		"firstperson_lefthand": {
			"rotation": [0, 0, -109],
			"translation": [0, 2.5, 0]
		},
		"ground": {
			"scale": [0.56, 0.56, 0.56]
		},
		"gui": {
			"rotation": [90, -180, 0]
		},
		"head": {
			"scale": [2.5, 2.5, 2.5]
		},
		"fixed": {
			"rotation": [90, -180, 0],
			"translation": [0, 0, -0.75]
		}
	},
	"groups": [
		{
			"name": "hexadecagon",
			"origin": [8, 8, 8],
			"children": [0, 1, 2, 3, 4, 5, 6, 7, 8, 9, 10, 11, 12, 13, 14, 15]
		},
		{
			"name": "hexadecagon",
			"origin": [8, 8, 8],
			"children": [16, 17, 18, 19, 20, 21, 22, 23, 24, 25, 26, 27, 28, 29, 30, 31]
		},
		{
			"name": "hexadecagon",
			"origin": [8, 8, 8],
			"children": [32, 33, 34, 35, 36, 37, 38, 39, 40, 41, 42, 43, 44, 45, 46, 47]
		},
		{
			"name": "hexadecagon",
			"origin": [8, 8, 8],
			"children": [48, 49, 50, 51, 52, 53, 54, 55, 56, 57, 58, 59, 60, 61, 62]
		},
		{
			"name": "group",
			"origin": [8, 8.5, 8],
			"children": [
				{
					"name": "group",
					"origin": [8, 8.5, 8],
					"children": [63, 64, 65, 66]
				},
				{
					"name": "group",
					"origin": [8, 8.5, 8],
					"children": [67, 68, 69, 70]
				}
			]
		},
		{
			"name": "rim",
			"origin": [8, 8, 8],
			"children": [
				{
					"name": "hexadecagon",
					"origin": [8, 8, 8],
					"children": [
						{
							"name": "group",
							"origin": [8, 8.5, 8],
							"children": [71, 72, 73, 74, 75, 76, 77, 78]
						},
						{
							"name": "group",
							"origin": [8, 8.5, 8],
							"children": [79, 80, 81, 82, 83, 84, 85, 86]
						}
					]
				}
			]
		},
		{
			"name": "group",
			"origin": [8, 8.25, 8],
			"children": [87, 88, 89, 90]
		}
	]
}
