{
	"credit": "Made by Astraica",
	"textures": {
		"0": "screens/curtain",
		"particle": "screens/curtain"
	},
	"elements": [
		{
			"from": [-12, -12, -12],
			"to": [32, 8, -12],
			"faces": {
				"north": {"uv": [0, 0, 15.00063, 5.99988], "texture": "#0"},
				"east": {"uv": [1.29688, 7.3125, 1.29688, 7.3125], "texture": "#missing"},
				"south": {"uv": [15.00063, 0, 0, 5.99988], "texture": "#0"},
				"west": {"uv": [1.17188, 7.54688, 1.17188, 7.54688], "texture": "#missing"},
				"up": {"uv": [0.39063, 7.4375, 0.39063, 7.4375], "texture": "#missing"},
				"down": {"uv": [3.032, 7.969, 3.032, 7.969], "texture": "#missing"}
			}
		}
	],
	"display": {
		"thirdperson_righthand": {
			"rotation": [90, 0, 0],
			"translation": [1, -7.75, 7.25],
			"scale": [0.4, 0.4, 0.4]
		},
		"ground": {
			"translation": [0, 6.75, 0],
			"scale": [0.5, 0.5, 0.5]
		},
		"gui": {
			"rotation": [-36, -180, 0],
			"translation": [0.75, 0, 0],
			"scale": [0.35, 0.35, 0.35]
		},
		"head": {
			"translation": [-14.75, 37, 68],
			"scale": [4, 4, 4]
		},
		"fixed": {
			"rotation": [-90, 0, 0],
			"translation": [0, 80, -80],
			"scale": [4, 4, 4]
		}
	}
}