{
	"credit": "Made by Flubberschnub",
	"textures": {
		"4": "blocks/gen5/wireframe",
		"particle": "blocks/gen5/whiteglow"
	},
	"elements": [
		{
			"name": "hexadecagon",
			"from": [10.38405, 1.51024, -4.83398],
			"to": [10.63987, 1.57207, 10.7552],
			"rotation": {"angle": 45, "axis": "z", "origin": [8.00008, 3.8178, 2.69977]},
			"faces": {
				"north": {"uv": [0, 0, 16, 16], "rotation": 180, "texture": "#4"},
				"east": {"uv": [0, 0, 16, 16], "rotation": 180, "texture": "#4"},
				"south": {"uv": [0, 0, 16, 16], "rotation": 180, "texture": "#4"},
				"west": {"uv": [0, 0, 16, 16], "rotation": 180, "texture": "#4"},
				"up": {"uv": [0, 0, 16, 16], "rotation": 180, "texture": "#4"},
				"down": {"uv": [0, 0, 16, 16], "rotation": 180, "texture": "#4"}
			}
		},
		{
			"name": "hexadecagon",
			"from": [10.82983, 2.5982, -4.83398],
			"to": [11.08564, 2.66003, 10.85414],
			"rotation": {"angle": 22.5, "axis": "z", "origin": [8.00008, 3.8178, 2.69977]},
			"faces": {
				"north": {"uv": [0, 0, 16, 16], "rotation": 180, "texture": "#4"},
				"east": {"uv": [0, 0, 16, 16], "rotation": 180, "texture": "#4"},
				"south": {"uv": [0, 0, 16, 16], "rotation": 180, "texture": "#4"},
				"west": {"uv": [0, 0, 16, 16], "rotation": 180, "texture": "#4"},
				"up": {"uv": [0, 0, 16, 16], "rotation": 180, "texture": "#4"},
				"down": {"uv": [0, 0, 16, 16], "rotation": 180, "texture": "#4"}
			}
		},
		{
			"name": "hexadecagon",
			"from": [10.82533, 3.77394, -4.83398],
			"to": [11.08115, 3.83577, 10.85414],
			"rotation": {"angle": 0, "axis": "z", "origin": [8.00008, 3.8178, 2.69977]},
			"faces": {
				"north": {"uv": [0, 0, 16, 16], "rotation": 180, "texture": "#4"},
				"east": {"uv": [0, 0, 16, 16], "rotation": 180, "texture": "#4"},
				"south": {"uv": [0, 0, 16, 16], "rotation": 180, "texture": "#4"},
				"west": {"uv": [0, 0, 16, 16], "rotation": 180, "texture": "#4"},
				"up": {"uv": [0, 0, 16, 16], "rotation": 180, "texture": "#4"},
				"down": {"uv": [0, 0, 16, 16], "rotation": 180, "texture": "#4"}
			}
		},
		{
			"name": "hexadecagon",
			"from": [10.37124, 4.85845, -4.83398],
			"to": [10.62706, 4.92028, 10.85414],
			"rotation": {"angle": -22.5, "axis": "z", "origin": [8.00008, 3.8178, 2.69977]},
			"faces": {
				"north": {"uv": [0, 0, 16, 16], "rotation": 180, "texture": "#4"},
				"east": {"uv": [0, 0, 16, 16], "rotation": 180, "texture": "#4"},
				"south": {"uv": [0, 0, 16, 16], "rotation": 180, "texture": "#4"},
				"west": {"uv": [0, 0, 16, 16], "rotation": 180, "texture": "#4"},
				"up": {"uv": [0, 0, 16, 16], "rotation": 180, "texture": "#4"},
				"down": {"uv": [0, 0, 16, 16], "rotation": 180, "texture": "#4"}
			}
		},
		{
			"name": "hexadecagon",
			"from": [9.53669, 5.68664, -4.83398],
			"to": [9.7925, 5.74847, 10.7552],
			"rotation": {"angle": -45, "axis": "z", "origin": [8.00008, 3.8178, 2.69977]},
			"faces": {
				"north": {"uv": [0, 0, 16, 16], "rotation": 180, "texture": "#4"},
				"east": {"uv": [0, 0, 16, 16], "rotation": 180, "texture": "#4"},
				"south": {"uv": [0, 0, 16, 16], "rotation": 180, "texture": "#4"},
				"west": {"uv": [0, 0, 16, 16], "rotation": 180, "texture": "#4"},
				"up": {"uv": [0, 0, 16, 16], "rotation": 180, "texture": "#4"},
				"down": {"uv": [0, 0, 16, 16], "rotation": 180, "texture": "#4"}
			}
		},
		{
			"name": "hexadecagon",
			"from": [10.38405, 2.73449, -4.83398],
			"to": [10.63987, 2.79631, 10.3595],
			"rotation": {"angle": 45, "axis": "z", "origin": [8.00008, 3.8178, 2.69977]},
			"faces": {
				"north": {"uv": [0, 0, 16, 16], "rotation": 180, "texture": "#4"},
				"east": {"uv": [0, 0, 16, 16], "rotation": 180, "texture": "#4"},
				"south": {"uv": [0, 0, 16, 16], "rotation": 180, "texture": "#4"},
				"west": {"uv": [0, 0, 16, 16], "rotation": 180, "texture": "#4"},
				"up": {"uv": [0, 0, 16, 16], "rotation": 180, "texture": "#4"},
				"down": {"uv": [0, 0, 16, 16], "rotation": 180, "texture": "#4"}
			}
		},
		{
			"name": "hexadecagon",
			"from": [10.82983, 3.82244, -4.83398],
			"to": [11.08564, 3.88427, 10.26056],
			"rotation": {"angle": 22.5, "axis": "z", "origin": [8.00008, 3.8178, 2.69977]},
			"faces": {
				"north": {"uv": [0, 0, 16, 16], "rotation": 180, "texture": "#4"},
				"east": {"uv": [0, 0, 16, 16], "rotation": 180, "texture": "#4"},
				"south": {"uv": [0, 0, 16, 16], "rotation": 180, "texture": "#4"},
				"west": {"uv": [0, 0, 16, 16], "rotation": 180, "texture": "#4"},
				"up": {"uv": [0, 0, 16, 16], "rotation": 180, "texture": "#4"},
				"down": {"uv": [0, 0, 16, 16], "rotation": 180, "texture": "#4"}
			}
		},
		{
			"name": "hexadecagon",
			"from": [10.82533, 4.99818, -4.83398],
			"to": [11.08115, 5.06001, 10.16163],
			"rotation": {"angle": 0, "axis": "z", "origin": [8.00008, 3.8178, 2.69977]},
			"faces": {
				"north": {"uv": [0, 0, 16, 16], "rotation": 180, "texture": "#4"},
				"east": {"uv": [0, 0, 16, 16], "rotation": 180, "texture": "#4"},
				"south": {"uv": [0, 0, 16, 16], "rotation": 180, "texture": "#4"},
				"west": {"uv": [0, 0, 16, 16], "rotation": 180, "texture": "#4"},
				"up": {"uv": [0, 0, 16, 16], "rotation": 180, "texture": "#4"},
				"down": {"uv": [0, 0, 16, 16], "rotation": 180, "texture": "#4"}
			}
		},
		{
			"name": "hexadecagon",
			"from": [10.37124, 6.0827, -4.83398],
			"to": [10.62706, 6.14453, 10.26056],
			"rotation": {"angle": -22.5, "axis": "z", "origin": [8.00008, 3.8178, 2.69977]},
			"faces": {
				"north": {"uv": [0, 0, 16, 16], "rotation": 180, "texture": "#4"},
				"east": {"uv": [0, 0, 16, 16], "rotation": 180, "texture": "#4"},
				"south": {"uv": [0, 0, 16, 16], "rotation": 180, "texture": "#4"},
				"west": {"uv": [0, 0, 16, 16], "rotation": 180, "texture": "#4"},
				"up": {"uv": [0, 0, 16, 16], "rotation": 180, "texture": "#4"},
				"down": {"uv": [0, 0, 16, 16], "rotation": 180, "texture": "#4"}
			}
		},
		{
			"name": "hexadecagon",
			"from": [9.53669, 6.91089, -4.83398],
			"to": [9.7925, 6.97272, 4.38138],
			"rotation": {"angle": -45, "axis": "z", "origin": [8.00008, 3.8178, 2.69977]},
			"faces": {
				"north": {"uv": [0, 0, 16, 16], "rotation": 180, "texture": "#4"},
				"east": {"uv": [0, 0, 16, 16], "rotation": 180, "texture": "#4"},
				"south": {"uv": [0, 0, 16, 16], "rotation": 180, "texture": "#4"},
				"west": {"uv": [0, 0, 16, 16], "rotation": 180, "texture": "#4"},
				"up": {"uv": [0, 0, 16, 16], "rotation": 180, "texture": "#4"},
				"down": {"uv": [0, 0, 16, 16], "rotation": 180, "texture": "#4"}
			}
		},
		{
			"name": "hexadecagon",
			"from": [9.53669, 6.91089, 9.2601],
			"to": [9.7925, 6.97272, 10.3595],
			"rotation": {"angle": -45, "axis": "z", "origin": [8.00008, 3.8178, 2.69977]},
			"faces": {
				"north": {"uv": [0, 0, 16, 16], "rotation": 180, "texture": "#4"},
				"east": {"uv": [0, 0, 16, 16], "rotation": 180, "texture": "#4"},
				"south": {"uv": [0, 0, 16, 16], "rotation": 180, "texture": "#4"},
				"west": {"uv": [0, 0, 16, 16], "rotation": 180, "texture": "#4"},
				"up": {"uv": [0, 0, 16, 16], "rotation": 180, "texture": "#4"},
				"down": {"uv": [0, 0, 16, 16], "rotation": 180, "texture": "#4"}
			}
		},
		{
			"name": "hexadecagon",
			"from": [11.53894, 3.11333, -4.83398],
			"to": [11.60077, 3.36915, 4.38138],
			"rotation": {"angle": 22.5, "axis": "z", "origin": [8.00008, 3.8178, 2.69977]},
			"faces": {
				"north": {"uv": [0, 0, 16, 16], "rotation": 180, "texture": "#4"},
				"east": {"uv": [0, 0, 16, 16], "rotation": 180, "texture": "#4"},
				"south": {"uv": [0, 0, 16, 16], "rotation": 180, "texture": "#4"},
				"west": {"uv": [0, 0, 16, 16], "rotation": 180, "texture": "#4"},
				"up": {"uv": [0, 0, 16, 16], "rotation": 180, "texture": "#4"},
				"down": {"uv": [0, 0, 16, 16], "rotation": 180, "texture": "#4"}
			}
		},
		{
			"name": "hexadecagon",
			"from": [11.53894, 3.11333, 9.2601],
			"to": [11.60077, 3.36915, 10.45842],
			"rotation": {"angle": 22.5, "axis": "z", "origin": [8.00008, 3.8178, 2.69977]},
			"faces": {
				"north": {"uv": [0, 0, 16, 16], "rotation": 180, "texture": "#4"},
				"east": {"uv": [0, 0, 16, 16], "rotation": 180, "texture": "#4"},
				"south": {"uv": [0, 0, 16, 16], "rotation": 180, "texture": "#4"},
				"west": {"uv": [0, 0, 16, 16], "rotation": 180, "texture": "#4"},
				"up": {"uv": [0, 0, 16, 16], "rotation": 180, "texture": "#4"},
				"down": {"uv": [0, 0, 16, 16], "rotation": 180, "texture": "#4"}
			}
		},
		{
			"name": "hexadecagon",
			"from": [11.53444, 4.28906, -4.83398],
			"to": [11.59627, 4.54488, 4.38138],
			"rotation": {"angle": 0, "axis": "z", "origin": [8.00008, 3.8178, 2.69977]},
			"faces": {
				"north": {"uv": [0, 0, 16, 16], "rotation": 180, "texture": "#4"},
				"east": {"uv": [0, 0, 16, 16], "rotation": 180, "texture": "#4"},
				"south": {"uv": [0, 0, 16, 16], "rotation": 180, "texture": "#4"},
				"west": {"uv": [0, 0, 16, 16], "rotation": 180, "texture": "#4"},
				"up": {"uv": [0, 0, 16, 16], "rotation": 180, "texture": "#4"},
				"down": {"uv": [0, 0, 16, 16], "rotation": 180, "texture": "#4"}
			}
		},
		{
			"name": "hexadecagon",
			"from": [11.53444, 4.28906, 9.2601],
			"to": [11.59627, 4.54488, 10.55735],
			"rotation": {"angle": 0, "axis": "z", "origin": [8.00008, 3.8178, 2.69977]},
			"faces": {
				"north": {"uv": [0, 0, 16, 16], "rotation": 180, "texture": "#4"},
				"east": {"uv": [0, 0, 16, 16], "rotation": 180, "texture": "#4"},
				"south": {"uv": [0, 0, 16, 16], "rotation": 180, "texture": "#4"},
				"west": {"uv": [0, 0, 16, 16], "rotation": 180, "texture": "#4"},
				"up": {"uv": [0, 0, 16, 16], "rotation": 180, "texture": "#4"},
				"down": {"uv": [0, 0, 16, 16], "rotation": 180, "texture": "#4"}
			}
		},
		{
			"name": "hexadecagon",
			"from": [11.08035, 5.37358, -4.83398],
			"to": [11.14218, 5.6294, 4.38138],
			"rotation": {"angle": -22.5, "axis": "z", "origin": [8.00008, 3.8178, 2.69977]},
			"faces": {
				"north": {"uv": [0, 0, 16, 16], "rotation": 180, "texture": "#4"},
				"east": {"uv": [0, 0, 16, 16], "rotation": 180, "texture": "#4"},
				"south": {"uv": [0, 0, 16, 16], "rotation": 180, "texture": "#4"},
				"west": {"uv": [0, 0, 16, 16], "rotation": 180, "texture": "#4"},
				"up": {"uv": [0, 0, 16, 16], "rotation": 180, "texture": "#4"},
				"down": {"uv": [0, 0, 16, 16], "rotation": 180, "texture": "#4"}
			}
		},
		{
			"name": "hexadecagon",
			"from": [11.08035, 5.37358, 9.2601],
			"to": [11.14218, 5.6294, 10.65628],
			"rotation": {"angle": -22.5, "axis": "z", "origin": [8.00008, 3.8178, 2.69977]},
			"faces": {
				"north": {"uv": [0, 0, 16, 16], "rotation": 180, "texture": "#4"},
				"east": {"uv": [0, 0, 16, 16], "rotation": 180, "texture": "#4"},
				"south": {"uv": [0, 0, 16, 16], "rotation": 180, "texture": "#4"},
				"west": {"uv": [0, 0, 16, 16], "rotation": 180, "texture": "#4"},
				"up": {"uv": [0, 0, 16, 16], "rotation": 180, "texture": "#4"},
				"down": {"uv": [0, 0, 16, 16], "rotation": 180, "texture": "#4"}
			}
		},
		{
			"name": "hexadecagon",
			"from": [10.3147, 3.11333, -4.83398],
			"to": [10.37653, 3.36915, 10.65628],
			"rotation": {"angle": 22.5, "axis": "z", "origin": [8.00008, 3.8178, 2.69977]},
			"faces": {
				"north": {"uv": [0, 0, 16, 16], "rotation": 180, "texture": "#4"},
				"east": {"uv": [0, 0, 16, 16], "rotation": 180, "texture": "#4"},
				"south": {"uv": [0, 0, 16, 16], "rotation": 180, "texture": "#4"},
				"west": {"uv": [0, 0, 16, 16], "rotation": 180, "texture": "#4"},
				"up": {"uv": [0, 0, 16, 16], "rotation": 180, "texture": "#4"},
				"down": {"uv": [0, 0, 16, 16], "rotation": 180, "texture": "#4"}
			}
		},
		{
			"name": "hexadecagon",
			"from": [10.3102, 4.28906, -4.83398],
			"to": [10.37203, 4.54488, 10.55735],
			"rotation": {"angle": 0, "axis": "z", "origin": [8.00008, 3.8178, 2.69977]},
			"faces": {
				"north": {"uv": [0, 0, 16, 16], "rotation": 180, "texture": "#4"},
				"east": {"uv": [0, 0, 16, 16], "rotation": 180, "texture": "#4"},
				"south": {"uv": [0, 0, 16, 16], "rotation": 180, "texture": "#4"},
				"west": {"uv": [0, 0, 16, 16], "rotation": 180, "texture": "#4"},
				"up": {"uv": [0, 0, 16, 16], "rotation": 180, "texture": "#4"},
				"down": {"uv": [0, 0, 16, 16], "rotation": 180, "texture": "#4"}
			}
		},
		{
			"name": "hexadecagon",
			"from": [9.85611, 5.37358, -4.83398],
			"to": [9.91794, 5.6294, 10.45842],
			"rotation": {"angle": -22.5, "axis": "z", "origin": [8.00008, 3.8178, 2.69977]},
			"faces": {
				"north": {"uv": [0, 0, 16, 16], "rotation": 180, "texture": "#4"},
				"east": {"uv": [0, 0, 16, 16], "rotation": 180, "texture": "#4"},
				"south": {"uv": [0, 0, 16, 16], "rotation": 180, "texture": "#4"},
				"west": {"uv": [0, 0, 16, 16], "rotation": 180, "texture": "#4"},
				"up": {"uv": [0, 0, 16, 16], "rotation": 180, "texture": "#4"},
				"down": {"uv": [0, 0, 16, 16], "rotation": 180, "texture": "#4"}
			}
		},
		{
			"name": "hexadecagon",
			"from": [5.3604, 1.51036, -4.83398],
			"to": [5.61622, 1.57219, 10.7552],
			"rotation": {"angle": -45, "axis": "z", "origin": [8.00008, 3.8178, 2.69977]},
			"faces": {
				"north": {"uv": [0, 0, 16, 16], "rotation": 180, "texture": "#4"},
				"east": {"uv": [0, 0, 16, 16], "rotation": 180, "texture": "#4"},
				"south": {"uv": [0, 0, 16, 16], "rotation": 180, "texture": "#4"},
				"west": {"uv": [0, 0, 16, 16], "rotation": 180, "texture": "#4"},
				"up": {"uv": [0, 0, 16, 16], "rotation": 180, "texture": "#4"},
				"down": {"uv": [0, 0, 16, 16], "rotation": 180, "texture": "#4"}
			}
		},
		{
			"name": "hexadecagon",
			"from": [4.91466, 2.59826, -4.83398],
			"to": [5.17048, 2.66009, 10.85414],
			"rotation": {"angle": -22.5, "axis": "z", "origin": [8.00008, 3.8178, 2.69977]},
			"faces": {
				"north": {"uv": [0, 0, 16, 16], "rotation": 180, "texture": "#4"},
				"east": {"uv": [0, 0, 16, 16], "rotation": 180, "texture": "#4"},
				"south": {"uv": [0, 0, 16, 16], "rotation": 180, "texture": "#4"},
				"west": {"uv": [0, 0, 16, 16], "rotation": 180, "texture": "#4"},
				"up": {"uv": [0, 0, 16, 16], "rotation": 180, "texture": "#4"},
				"down": {"uv": [0, 0, 16, 16], "rotation": 180, "texture": "#4"}
			}
		},
		{
			"name": "hexadecagon",
			"from": [4.91917, 3.77394, -4.83398],
			"to": [5.17499, 3.83577, 10.85414],
			"rotation": {"angle": 0, "axis": "z", "origin": [8.00008, 3.8178, 2.69977]},
			"faces": {
				"north": {"uv": [0, 0, 16, 16], "rotation": 180, "texture": "#4"},
				"east": {"uv": [0, 0, 16, 16], "rotation": 180, "texture": "#4"},
				"south": {"uv": [0, 0, 16, 16], "rotation": 180, "texture": "#4"},
				"west": {"uv": [0, 0, 16, 16], "rotation": 180, "texture": "#4"},
				"up": {"uv": [0, 0, 16, 16], "rotation": 180, "texture": "#4"},
				"down": {"uv": [0, 0, 16, 16], "rotation": 180, "texture": "#4"}
			}
		},
		{
			"name": "hexadecagon",
			"from": [5.37325, 4.85839, -4.83398],
			"to": [5.62907, 4.92022, 10.85414],
			"rotation": {"angle": 22.5, "axis": "z", "origin": [8.00008, 3.8178, 2.69977]},
			"faces": {
				"north": {"uv": [0, 0, 16, 16], "rotation": 180, "texture": "#4"},
				"east": {"uv": [0, 0, 16, 16], "rotation": 180, "texture": "#4"},
				"south": {"uv": [0, 0, 16, 16], "rotation": 180, "texture": "#4"},
				"west": {"uv": [0, 0, 16, 16], "rotation": 180, "texture": "#4"},
				"up": {"uv": [0, 0, 16, 16], "rotation": 180, "texture": "#4"},
				"down": {"uv": [0, 0, 16, 16], "rotation": 180, "texture": "#4"}
			}
		},
		{
			"name": "hexadecagon",
			"from": [6.20776, 5.68652, -4.83398],
			"to": [6.46358, 5.74835, 10.7552],
			"rotation": {"angle": 45, "axis": "z", "origin": [8.00008, 3.8178, 2.69977]},
			"faces": {
				"north": {"uv": [0, 0, 16, 16], "rotation": 180, "texture": "#4"},
				"east": {"uv": [0, 0, 16, 16], "rotation": 180, "texture": "#4"},
				"south": {"uv": [0, 0, 16, 16], "rotation": 180, "texture": "#4"},
				"west": {"uv": [0, 0, 16, 16], "rotation": 180, "texture": "#4"},
				"up": {"uv": [0, 0, 16, 16], "rotation": 180, "texture": "#4"},
				"down": {"uv": [0, 0, 16, 16], "rotation": 180, "texture": "#4"}
			}
		},
		{
			"name": "hexadecagon",
			"from": [5.3604, 2.7346, -4.83398],
			"to": [5.61622, 2.79643, 10.3595],
			"rotation": {"angle": -45, "axis": "z", "origin": [8.00008, 3.8178, 2.69977]},
			"faces": {
				"north": {"uv": [0, 0, 16, 16], "rotation": 180, "texture": "#4"},
				"east": {"uv": [0, 0, 16, 16], "rotation": 180, "texture": "#4"},
				"south": {"uv": [0, 0, 16, 16], "rotation": 180, "texture": "#4"},
				"west": {"uv": [0, 0, 16, 16], "rotation": 180, "texture": "#4"},
				"up": {"uv": [0, 0, 16, 16], "rotation": 180, "texture": "#4"},
				"down": {"uv": [0, 0, 16, 16], "rotation": 180, "texture": "#4"}
			}
		},
		{
			"name": "hexadecagon",
			"from": [4.91466, 3.82251, -4.83398],
			"to": [5.17048, 3.88434, 10.26056],
			"rotation": {"angle": -22.5, "axis": "z", "origin": [8.00008, 3.8178, 2.69977]},
			"faces": {
				"north": {"uv": [0, 0, 16, 16], "rotation": 180, "texture": "#4"},
				"east": {"uv": [0, 0, 16, 16], "rotation": 180, "texture": "#4"},
				"south": {"uv": [0, 0, 16, 16], "rotation": 180, "texture": "#4"},
				"west": {"uv": [0, 0, 16, 16], "rotation": 180, "texture": "#4"},
				"up": {"uv": [0, 0, 16, 16], "rotation": 180, "texture": "#4"},
				"down": {"uv": [0, 0, 16, 16], "rotation": 180, "texture": "#4"}
			}
		},
		{
			"name": "hexadecagon",
			"from": [4.91917, 4.99818, -4.83398],
			"to": [5.17499, 5.06001, 10.16163],
			"rotation": {"angle": 0, "axis": "z", "origin": [8.00008, 3.8178, 2.69977]},
			"faces": {
				"north": {"uv": [0, 0, 16, 16], "rotation": 180, "texture": "#4"},
				"east": {"uv": [0, 0, 16, 16], "rotation": 180, "texture": "#4"},
				"south": {"uv": [0, 0, 16, 16], "rotation": 180, "texture": "#4"},
				"west": {"uv": [0, 0, 16, 16], "rotation": 180, "texture": "#4"},
				"up": {"uv": [0, 0, 16, 16], "rotation": 180, "texture": "#4"},
				"down": {"uv": [0, 0, 16, 16], "rotation": 180, "texture": "#4"}
			}
		},
		{
			"name": "hexadecagon",
			"from": [5.37325, 6.08263, -4.83398],
			"to": [5.62907, 6.14446, 10.26056],
			"rotation": {"angle": 22.5, "axis": "z", "origin": [8.00008, 3.8178, 2.69977]},
			"faces": {
				"north": {"uv": [0, 0, 16, 16], "rotation": 180, "texture": "#4"},
				"east": {"uv": [0, 0, 16, 16], "rotation": 180, "texture": "#4"},
				"south": {"uv": [0, 0, 16, 16], "rotation": 180, "texture": "#4"},
				"west": {"uv": [0, 0, 16, 16], "rotation": 180, "texture": "#4"},
				"up": {"uv": [0, 0, 16, 16], "rotation": 180, "texture": "#4"},
				"down": {"uv": [0, 0, 16, 16], "rotation": 180, "texture": "#4"}
			}
		},
		{
			"name": "hexadecagon",
			"from": [6.20776, 6.91077, -4.83398],
			"to": [6.46358, 6.9726, 4.38138],
			"rotation": {"angle": 45, "axis": "z", "origin": [8.00008, 3.8178, 2.69977]},
			"faces": {
				"north": {"uv": [0, 0, 16, 16], "rotation": 180, "texture": "#4"},
				"east": {"uv": [0, 0, 16, 16], "rotation": 180, "texture": "#4"},
				"south": {"uv": [0, 0, 16, 16], "rotation": 180, "texture": "#4"},
				"west": {"uv": [0, 0, 16, 16], "rotation": 180, "texture": "#4"},
				"up": {"uv": [0, 0, 16, 16], "rotation": 180, "texture": "#4"},
				"down": {"uv": [0, 0, 16, 16], "rotation": 180, "texture": "#4"}
			}
		},
		{
			"name": "hexadecagon",
			"from": [6.20776, 6.91077, 9.2601],
			"to": [6.46358, 6.9726, 10.3595],
			"rotation": {"angle": 45, "axis": "z", "origin": [8.00008, 3.8178, 2.69977]},
			"faces": {
				"north": {"uv": [0, 0, 16, 16], "rotation": 180, "texture": "#4"},
				"east": {"uv": [0, 0, 16, 16], "rotation": 180, "texture": "#4"},
				"south": {"uv": [0, 0, 16, 16], "rotation": 180, "texture": "#4"},
				"west": {"uv": [0, 0, 16, 16], "rotation": 180, "texture": "#4"},
				"up": {"uv": [0, 0, 16, 16], "rotation": 180, "texture": "#4"},
				"down": {"uv": [0, 0, 16, 16], "rotation": 180, "texture": "#4"}
			}
		},
		{
			"name": "hexadecagon",
			"from": [4.39953, 3.11339, -4.83398],
			"to": [4.46136, 3.36921, 4.38138],
			"rotation": {"angle": -22.5, "axis": "z", "origin": [8.00008, 3.8178, 2.69977]},
			"faces": {
				"north": {"uv": [0, 0, 16, 16], "rotation": 180, "texture": "#4"},
				"east": {"uv": [0, 0, 16, 16], "rotation": 180, "texture": "#4"},
				"south": {"uv": [0, 0, 16, 16], "rotation": 180, "texture": "#4"},
				"west": {"uv": [0, 0, 16, 16], "rotation": 180, "texture": "#4"},
				"up": {"uv": [0, 0, 16, 16], "rotation": 180, "texture": "#4"},
				"down": {"uv": [0, 0, 16, 16], "rotation": 180, "texture": "#4"}
			}
		},
		{
			"name": "hexadecagon",
			"from": [4.39953, 3.11339, 9.2601],
			"to": [4.46136, 3.36921, 10.45842],
			"rotation": {"angle": -22.5, "axis": "z", "origin": [8.00008, 3.8178, 2.69977]},
			"faces": {
				"north": {"uv": [0, 0, 16, 16], "rotation": 180, "texture": "#4"},
				"east": {"uv": [0, 0, 16, 16], "rotation": 180, "texture": "#4"},
				"south": {"uv": [0, 0, 16, 16], "rotation": 180, "texture": "#4"},
				"west": {"uv": [0, 0, 16, 16], "rotation": 180, "texture": "#4"},
				"up": {"uv": [0, 0, 16, 16], "rotation": 180, "texture": "#4"},
				"down": {"uv": [0, 0, 16, 16], "rotation": 180, "texture": "#4"}
			}
		},
		{
			"name": "hexadecagon",
			"from": [4.40404, 4.28906, -4.83398],
			"to": [4.46587, 4.54488, 4.38138],
			"rotation": {"angle": 0, "axis": "z", "origin": [8.00008, 3.8178, 2.69977]},
			"faces": {
				"north": {"uv": [0, 0, 16, 16], "rotation": 180, "texture": "#4"},
				"east": {"uv": [0, 0, 16, 16], "rotation": 180, "texture": "#4"},
				"south": {"uv": [0, 0, 16, 16], "rotation": 180, "texture": "#4"},
				"west": {"uv": [0, 0, 16, 16], "rotation": 180, "texture": "#4"},
				"up": {"uv": [0, 0, 16, 16], "rotation": 180, "texture": "#4"},
				"down": {"uv": [0, 0, 16, 16], "rotation": 180, "texture": "#4"}
			}
		},
		{
			"name": "hexadecagon",
			"from": [4.40404, 4.28906, 9.2601],
			"to": [4.46587, 4.54488, 10.55735],
			"rotation": {"angle": 0, "axis": "z", "origin": [8.00008, 3.8178, 2.69977]},
			"faces": {
				"north": {"uv": [0, 0, 16, 16], "rotation": 180, "texture": "#4"},
				"east": {"uv": [0, 0, 16, 16], "rotation": 180, "texture": "#4"},
				"south": {"uv": [0, 0, 16, 16], "rotation": 180, "texture": "#4"},
				"west": {"uv": [0, 0, 16, 16], "rotation": 180, "texture": "#4"},
				"up": {"uv": [0, 0, 16, 16], "rotation": 180, "texture": "#4"},
				"down": {"uv": [0, 0, 16, 16], "rotation": 180, "texture": "#4"}
			}
		},
		{
			"name": "hexadecagon",
			"from": [4.85812, 5.37352, -4.83398],
			"to": [4.91995, 5.62933, 4.38138],
			"rotation": {"angle": 22.5, "axis": "z", "origin": [8.00008, 3.8178, 2.69977]},
			"faces": {
				"north": {"uv": [0, 0, 16, 16], "rotation": 180, "texture": "#4"},
				"east": {"uv": [0, 0, 16, 16], "rotation": 180, "texture": "#4"},
				"south": {"uv": [0, 0, 16, 16], "rotation": 180, "texture": "#4"},
				"west": {"uv": [0, 0, 16, 16], "rotation": 180, "texture": "#4"},
				"up": {"uv": [0, 0, 16, 16], "rotation": 180, "texture": "#4"},
				"down": {"uv": [0, 0, 16, 16], "rotation": 180, "texture": "#4"}
			}
		},
		{
			"name": "hexadecagon",
			"from": [4.85812, 5.37352, 9.2601],
			"to": [4.91995, 5.62933, 10.65628],
			"rotation": {"angle": 22.5, "axis": "z", "origin": [8.00008, 3.8178, 2.69977]},
			"faces": {
				"north": {"uv": [0, 0, 16, 16], "rotation": 180, "texture": "#4"},
				"east": {"uv": [0, 0, 16, 16], "rotation": 180, "texture": "#4"},
				"south": {"uv": [0, 0, 16, 16], "rotation": 180, "texture": "#4"},
				"west": {"uv": [0, 0, 16, 16], "rotation": 180, "texture": "#4"},
				"up": {"uv": [0, 0, 16, 16], "rotation": 180, "texture": "#4"},
				"down": {"uv": [0, 0, 16, 16], "rotation": 180, "texture": "#4"}
			}
		},
		{
			"name": "hexadecagon",
			"from": [5.62378, 3.11339, -4.83398],
			"to": [5.68561, 3.36921, 10.65628],
			"rotation": {"angle": -22.5, "axis": "z", "origin": [8.00008, 3.8178, 2.69977]},
			"faces": {
				"north": {"uv": [0, 0, 16, 16], "rotation": 180, "texture": "#4"},
				"east": {"uv": [0, 0, 16, 16], "rotation": 180, "texture": "#4"},
				"south": {"uv": [0, 0, 16, 16], "rotation": 180, "texture": "#4"},
				"west": {"uv": [0, 0, 16, 16], "rotation": 180, "texture": "#4"},
				"up": {"uv": [0, 0, 16, 16], "rotation": 180, "texture": "#4"},
				"down": {"uv": [0, 0, 16, 16], "rotation": 180, "texture": "#4"}
			}
		},
		{
			"name": "hexadecagon",
			"from": [5.62829, 4.28906, -4.83398],
			"to": [5.69012, 4.54488, 10.55735],
			"rotation": {"angle": 0, "axis": "z", "origin": [8.00008, 3.8178, 2.69977]},
			"faces": {
				"north": {"uv": [0, 0, 16, 16], "rotation": 180, "texture": "#4"},
				"east": {"uv": [0, 0, 16, 16], "rotation": 180, "texture": "#4"},
				"south": {"uv": [0, 0, 16, 16], "rotation": 180, "texture": "#4"},
				"west": {"uv": [0, 0, 16, 16], "rotation": 180, "texture": "#4"},
				"up": {"uv": [0, 0, 16, 16], "rotation": 180, "texture": "#4"},
				"down": {"uv": [0, 0, 16, 16], "rotation": 180, "texture": "#4"}
			}
		},
		{
			"name": "hexadecagon",
			"from": [6.08237, 5.37352, -4.83398],
			"to": [6.1442, 5.62933, 10.45842],
			"rotation": {"angle": 22.5, "axis": "z", "origin": [8.00008, 3.8178, 2.69977]},
			"faces": {
				"north": {"uv": [0, 0, 16, 16], "rotation": 180, "texture": "#4"},
				"east": {"uv": [0, 0, 16, 16], "rotation": 180, "texture": "#4"},
				"south": {"uv": [0, 0, 16, 16], "rotation": 180, "texture": "#4"},
				"west": {"uv": [0, 0, 16, 16], "rotation": 180, "texture": "#4"},
				"up": {"uv": [0, 0, 16, 16], "rotation": 180, "texture": "#4"},
				"down": {"uv": [0, 0, 16, 16], "rotation": 180, "texture": "#4"}
			}
		}
	],
	"display": {
		"thirdperson_righthand": {
			"rotation": [90, 0, 0],
			"translation": [-6, -51, 29.25],
			"scale": [4, 4, 4]
		},
		"head": {
			"rotation": [0, -90, 0],
			"translation": [5, 17.25, -0.25],
			"scale": [4, 4, 4]
		}
	},
	"groups": [
		{
			"name": "engine",
			"origin": [8, 8, 8],
			"children": [
				{
					"name": "front section",
					"origin": [8, 8, 8],
					"children": [
						{
							"name": "hexadecagon",
							"origin": [8, 8, 8],
							"children": [0, 0, 0, 0, 0, 0, 0, 0, 0]
						},
						{
							"name": "hexadecagon",
							"origin": [8, 8, 8],
							"children": [0, 0, 0, 0, 0, 0, 0]
						}
					]
				},
				{
					"name": "front light",
					"origin": [8, 8, 8],
					"children": [
						{
							"name": "hexadecagon",
							"origin": [8, 8, 8],
							"children": [0, 0, 0, 0, 0, 0, 0, 0, 0]
						},
						{
							"name": "hexadecagon",
							"origin": [8, 8, 8],
							"children": [0, 0, 0, 0, 0, 0, 0]
						}
					]
				},
				{
					"name": "group",
					"origin": [8, 8, 8],
					"children": [
						{
							"name": "hexadecagon",
							"origin": [8, 8, 8],
							"children": [0, 0, 0, 0, 0, 0, 0, 0, 0]
						}
					]
				},
				{
					"name": "group",
					"origin": [8, 8, 8],
					"children": [
						{
							"name": "hexadecagon",
							"origin": [8, 8, 8],
							"children": [0, 0, 0, 0, 0, 0, 0, 0, 0]
						}
					]
				},
				{
					"name": "group",
					"origin": [8, 8, 8],
					"children": [
						{
							"name": "hexadecagon",
							"origin": [8, 8, 8],
							"children": [0, 0, 0, 0, 0, 0, 0, 0, 0]
						}
					]
				},
				{
					"name": "group",
					"origin": [8, 8, 8],
					"children": [
						{
							"name": "hexadecagon",
							"origin": [8, 8, 8],
							"children": [0, 0, 0, 0, 0, 0, 0, 0, 0]
						}
					]
				},
				{
					"name": "gap",
					"origin": [8, 8, 8],
					"children": [
						{
							"name": "hexadecagon",
							"origin": [8, 8, 8],
							"children": [0, 0, 0, 0, 0, 0, 0, 0, 0]
						},
						{
							"name": "hexadecagon",
							"origin": [8, 8, 8],
							"children": [0, 0, 0, 0, 0, 0, 0]
						}
					]
				},
				{
					"name": "frontgrille",
					"origin": [8, 8, 8],
					"children": [
						{
							"name": "hexadecagon",
							"origin": [8, 8, 8],
							"children": [0, 0, 0, 0, 0, 0, 0]
						},
						{
							"name": "hexadecagon",
							"origin": [8, 8, 8],
							"children": [0, 0, 0, 0, 0, 0, 0, 0, 0]
						},
						{
							"name": "turbine",
							"origin": [8, 8, 8],
							"children": [
								{
									"name": "hexadecagon",
									"origin": [8, 8, 8],
									"children": [0, 0, 0, 0, 0, 0, 0, 0, 0, 0, 0, 0, 0, 0, 0, 0]
								},
								{
									"name": "hexadecagon",
									"origin": [8, 8, 8],
									"children": [0, 0, 0, 0, 0, 0, 0, 0, 0, 0, 0, 0, 0, 0, 0, 0]
								}
							]
						}
					]
				}
			]
		},
		{
			"name": "enginecasing",
			"origin": [8, 8, 8],
			"children": [
				{
					"name": "front bottom part",
					"origin": [7.99298, 1.55486, 9.46261],
					"children": [0, 0, 0, 0, 0, 0, 0, 0]
				},
				{
					"name": "straight parts",
					"origin": [8.28538, 2.70971, 6.96261],
					"children": [0, 0, 0, 0, 0, 0, 0, 0, 0, 0, 0, 0, 0, 0, 0, 0, 0, 0, 0]
				},
				{
					"name": "straight parts",
					"origin": [7.51462, 2.70971, 6.96261],
					"children": [0, 0, 0, 0, 0, 0, 0, 0, 0, 0, 0, 0, 0, 0, 0, 0, 0, 0, 0, 0]
				},
				{
					"name": "group",
					"origin": [7.98239, 1.55486, 6.46261],
					"children": [0, 0, 0, 0, 0, 0, 0]
				},
				{
					"name": "group",
					"origin": [7.98239, 1.55486, 6.46261],
					"children": [0, 0, 0, 0, 0, 0, 0]
				},
				{
					"name": "group",
					"origin": [7.98239, 1.55486, 6.46261],
					"children": [0, 0, 0, 0, 0, 0, 0]
				},
				{
					"name": "group",
					"origin": [7.98239, 1.55486, 6.46261],
					"children": [0, 0, 0, 0, 0, 0, 0]
				},
				{
					"name": "group",
					"origin": [7.98239, 1.55486, 6.46261],
					"children": [0, 0, 0, 0, 0, 0, 0]
				},
				{
					"name": "group",
					"origin": [7.98239, 1.55486, 6.46261],
					"children": [0, 0, 0, 0, 0, 0, 0]
				},
				{
					"name": "group",
					"origin": [7.98239, 1.55486, 6.46261],
					"children": [0, 0, 0, 0, 0, 0, 0]
				},
				{
					"name": "group",
					"origin": [7.98239, 1.55486, 6.46261],
					"children": [0, 0, 0, 0, 0, 0, 0]
				},
				{
					"name": "group",
					"origin": [7.98239, 1.55486, 6.46261],
					"children": [0, 0, 0, 0, 0, 0, 0]
				},
				{
					"name": "group",
					"origin": [7.98239, 1.55486, 6.46261],
					"children": [0, 0, 0, 0, 0, 0, 0]
				},
				{
					"name": "group",
					"origin": [7.98239, 7.0495, -4.11057],
					"children": [0, 0, 0, 0, 0]
				},
				{
					"name": "group",
					"origin": [7.98239, 7.17943, -1.21068],
					"children": [0, 0, 0, 0, 0]
				},
				{
					"name": "group",
					"origin": [7.98239, 7.37381, 1.27891],
					"children": [0, 0, 0, 0, 0]
				},
				{
					"name": "group",
					"origin": [7.98239, 7.56202, 2.23956],
					"children": [0, 0, 0, 0, 0]
				},
				{
					"name": "group",
					"origin": [8, 8, 8],
					"children": [0, 0, 0, 0, 0, 0, 0]
				},
				{
					"name": "back cover",
					"origin": [8, 9.05, -3],
					"children": [0, 0, 0, 0, 0, 0, 0, 0, 0, 0, 0, 0, 0, 0, 0, 0, 0, 0, 0, 0, 0, 0, 0, 0, 0, 0, 0, 0, 0, 0, 0, 0, 0, 0, 0, 0, 0, 0, 0, 0, 0, 0,
						{
							"name": "hexadecagon",
							"origin": [8, 8, 8],
							"children": [0, 0, 0, 0, 0, 0, 0, 0]
						}
					]
				},
				{
					"name": "end metal rim",
					"origin": [7.99464, 8.8495, -4.11057],
					"children": [0, 0, 0, 0, 0, 0, 0, 0, 0, 0, 0, 0, 0, 0, 0, 0, 0, 0]
				},
				{
					"name": "end metal rim",
					"origin": [7.99464, 8.8495, -4.11057],
					"children": [0, 0, 0, 0, 0, 0, 0, 0, 0, 0, 0, 0, 0, 0]
				}
			]
		},
		{
			"name": "emitter",
			"origin": [8, 8, 8],
			"children": [
				{
					"name": "group",
					"origin": [8, 8.45, -5.5],
					"children": [0, 0, 0, 0, 0, 0, 0, 0, 0, 0, 0, 0, 0, 0, 0, 0]
				},
				{
					"name": "group",
					"origin": [8, 8.45, -5.5],
					"children": [0, 0, 0, 0, 0, 0, 0, 0, 0, 0, 0, 0, 0, 0, 0, 0]
				},
				{
					"name": "group",
					"origin": [8, 8.45, -5.5],
					"children": [0, 0, 0, 0, 0, 0, 0, 0, 0, 0, 0, 0, 0, 0, 0, 0]
				}, 0]
		},
		{
			"name": "backwing",
			"origin": [0.18, 10.88, -0.48],
			"children": [0, 0, 0, 0, 0, 0, 0, 0, 0, 0, 0, 0, 0, 0, 0, 0, 0, 0, 0, 0, 0, 0, 0, 0,
				{
					"name": "hexadecagon",
					"origin": [8, 8, 8],
					"children": [0, 1, 2, 3, 4, 5, 6, 7, 8, 9, 10, 11, 12, 13, 14, 15, 16, 17, 18, 19]
				},
				{
					"name": "hexadecagon",
					"origin": [8, 8, 8],
					"children": [20, 20, 20, 20, 20, 20, 20, 20, 20, 20, 20, 20, 20, 20, 20, 20]
				},
				{
					"name": "hexadecagon",
					"origin": [8, 8, 8],
					"children": [20, 20, 20, 20, 20, 20, 20, 20]
				},
				{
					"name": "hexadecagon",
					"origin": [8, 8, 8],
					"children": [20, 20, 20, 20, 20, 20, 20, 20]
				},
				{
					"name": "hexadecagon",
					"origin": [8, 8, 8],
					"children": [20, 20, 20, 20, 20, 20, 20, 20]
				},
				{
					"name": "hexadecagon",
					"origin": [8, 8, 8],
					"children": [20, 20, 20, 20, 20, 20, 20, 20]
				},
				{
					"name": "hexadecagon",
					"origin": [8, 8, 8],
					"children": [20, 20, 20, 20, 20, 20, 20, 20, 20, 20, 20, 20, 20]
				}
			]
		},
		{
			"name": "backwing",
			"origin": [0.18, 10.88, -0.48],
			"children": [20, 20, 20, 20, 20, 20, 20, 20, 20, 20, 20, 20, 20, 20, 20, 20, 20, 20, 20, 20, 20, 20, 20, 20,
				{
					"name": "hexadecagon",
					"origin": [8, 8, 8],
					"children": [20, 21, 22, 23, 24, 25, 26, 27, 28, 29, 30, 31, 32, 33, 34, 35, 36, 37, 38, 39]
				},
				{
					"name": "hexadecagon",
					"origin": [8, 8, 8],
					"children": [40, 40, 40, 40, 40, 40, 40, 40, 40, 40, 40, 40, 40, 40, 40, 40]
				},
				{
					"name": "hexadecagon",
					"origin": [8, 8, 8],
					"children": [40, 40, 40, 40, 40, 40, 40, 40]
				},
				{
					"name": "hexadecagon",
					"origin": [8, 8, 8],
					"children": [40, 40, 40, 40, 40, 40, 40, 40]
				},
				{
					"name": "hexadecagon",
					"origin": [8, 8, 8],
					"children": [40, 40, 40, 40, 40, 40, 40, 40]
				},
				{
					"name": "hexadecagon",
					"origin": [8, 8, 8],
					"children": [40, 40, 40, 40, 40, 40, 40, 40]
				},
				{
					"name": "hexadecagon",
					"origin": [8, 8, 8],
					"children": [40, 40, 40, 40, 40, 40, 40, 40, 40, 40, 40, 40, 40]
				}
			]
		},
		{
			"name": "frontcontrols",
			"origin": [13.21, 5.69313, -0.79],
			"children": [40, 40, 40, 40, 40, 40, 40, 40, 40, 40, 40, 40, 40, 40, 40, 40,
				{
					"name": "controls",
					"origin": [10.34009, 4.34034, 5.80487],
					"children": [40, 40, 40, 40, 40, 40, 40, 40, 40]
				}, 40, 40, 40, 40, 40, 40, 40, 40,
				{
					"name": "group",
					"origin": [10.17, 5.44313, -0.815],
					"children": [40, 40, 40, 40, 40, 40, 40, 40, 40, 40]
				},
				{
					"name": "group",
					"origin": [10.78006, 5.15125, -0.81571],
					"children": [40, 40, 40, 40, 40, 40, 40, 40, 40, 40]
				},
				{
					"name": "group",
					"origin": [10.78006, 5.15125, -0.81571],
					"children": [40, 40, 40, 40, 40, 40, 40, 40, 40, 40]
				},
				{
					"name": "group",
					"origin": [10.78006, 5.15125, -0.81571],
					"children": [40, 40, 40, 40, 40, 40, 40, 40, 40, 40]
				},
				{
					"name": "group",
					"origin": [10.78006, 5.15125, -0.81571],
					"children": [40, 40, 40, 40, 40, 40, 40, 40, 40, 40]
				},
				{
					"name": "group",
					"origin": [10.78006, 5.15125, -0.81571],
					"children": [40, 40, 40, 40, 40, 40, 40, 40, 40, 40]
				},
				{
					"name": "group",
					"origin": [10.78006, 5.15125, -0.81571],
					"children": [40, 40, 40, 40, 40, 40, 40, 40, 40, 40]
				},
				{
					"name": "group",
					"origin": [10.78006, 5.15125, -0.81571],
					"children": [40, 40, 40, 40, 40, 40, 40, 40, 40, 40, 40, 40, 40, 40, 40, 40, 40, 40]
				},
				{
					"name": "group",
					"origin": [10.78006, 5.15125, -0.81571],
					"children": [40, 40, 40, 40, 40, 40, 40, 40, 40, 40]
				},
				{
					"name": "group",
					"origin": [10.78006, 5.15125, -0.81571],
					"children": [40, 40, 40, 40, 40, 40, 40, 40]
				},
				{
					"name": "group",
					"origin": [10.78006, 5.15125, -0.81571],
					"children": [40, 40, 40, 40, 40, 40, 40, 40]
				},
				{
					"name": "group",
					"origin": [10.78006, 5.15125, -0.81571],
					"children": [40, 40, 40, 40, 40, 40, 40, 40]
				},
				{
					"name": "group",
					"origin": [10.78006, 5.15125, -0.81571],
					"children": [40, 40, 40, 40, 40, 40, 40, 40]
				},
				{
					"name": "group",
					"origin": [10.78006, 5.15125, -0.81571],
					"children": [40, 40, 40, 40, 40, 40, 40, 40]
				},
				{
					"name": "group",
					"origin": [10.78006, 5.15125, -0.81571],
					"children": [40, 40, 40, 40, 40, 40, 40, 40]
				},
				{
					"name": "group",
					"origin": [10.78006, 5.15125, -0.81571],
					"children": [40, 40, 40, 40, 40, 40, 40, 40]
				},
				{
					"name": "group",
					"origin": [10.78006, 5.15125, -0.81571],
					"children": [40, 40, 40, 40, 40, 40, 40, 40]
				},
				{
					"name": "group",
					"origin": [10.78006, 5.15125, -0.81571],
					"children": [40, 40, 40, 40, 40, 40, 40, 40]
				},
				{
					"name": "group",
					"origin": [10.78006, 5.15125, -0.81571],
					"children": [40, 40, 40, 40, 40, 40, 40, 40]
				},
				{
					"name": "group",
					"origin": [10.78006, 5.15125, -0.81571],
					"children": [40, 40, 40, 40, 40, 40, 40, 40, 40, 40]
				},
				{
					"name": "group",
					"origin": [10.78006, 5.15125, -0.81571],
					"children": [40, 40, 40, 40, 40, 40, 40, 40, 40, 40]
				},
				{
					"name": "group",
					"origin": [10.36639, 4.08897, 5.80487],
					"children": [40, 40, 40, 40, 40, 40, 40, 40]
				},
				{
					"name": "hexadecagon",
					"origin": [8, 8, 8],
					"children": [40, 40, 40, 40, 40, 40, 40]
				}
			]
		},
		{
			"name": "frontcontrols",
			"origin": [13.21, 5.69313, -0.79],
			"children": [40, 40, 40, 40, 40, 40, 40, 40, 40, 40, 40, 40, 40, 40, 40, 40,
				{
					"name": "controls",
					"origin": [10.34009, 4.34034, 5.80487],
					"children": [40, 40, 40, 40, 40, 40, 40, 40, 40]
				}, 40, 40, 40, 40, 40, 40, 40, 40,
				{
					"name": "group",
					"origin": [10.17, 5.44313, -0.815],
					"children": [40, 40, 40, 40, 40, 40, 40, 40, 40, 40]
				},
				{
					"name": "group",
					"origin": [10.78006, 5.15125, -0.81571],
					"children": [40, 40, 40, 40, 40, 40, 40, 40, 40, 40]
				},
				{
					"name": "group",
					"origin": [10.78006, 5.15125, -0.81571],
					"children": [40, 40, 40, 40, 40, 40, 40, 40, 40, 40]
				},
				{
					"name": "group",
					"origin": [10.78006, 5.15125, -0.81571],
					"children": [40, 40, 40, 40, 40, 40, 40, 40, 40, 40]
				},
				{
					"name": "group",
					"origin": [10.78006, 5.15125, -0.81571],
					"children": [40, 40, 40, 40, 40, 40, 40, 40, 40, 40]
				},
				{
					"name": "group",
					"origin": [10.78006, 5.15125, -0.81571],
					"children": [40, 40, 40, 40, 40, 40, 40, 40, 40, 40]
				},
				{
					"name": "group",
					"origin": [10.78006, 5.15125, -0.81571],
					"children": [40, 40, 40, 40, 40, 40, 40, 40, 40, 40]
				},
				{
					"name": "group",
					"origin": [10.78006, 5.15125, -0.81571],
					"children": [40, 40, 40, 40, 40, 40, 40, 40, 40, 40, 40, 40, 40, 40, 40, 40, 40, 40]
				},
				{
					"name": "group",
					"origin": [10.78006, 5.15125, -0.81571],
					"children": [40, 40, 40, 40, 40, 40, 40, 40, 40, 40]
				},
				{
					"name": "group",
					"origin": [10.78006, 5.15125, -0.81571],
					"children": [40, 40, 40, 40, 40, 40, 40, 40]
				},
				{
					"name": "group",
					"origin": [10.78006, 5.15125, -0.81571],
					"children": [40, 40, 40, 40, 40, 40, 40, 40]
				},
				{
					"name": "group",
					"origin": [10.78006, 5.15125, -0.81571],
					"children": [40, 40, 40, 40, 40, 40, 40, 40]
				},
				{
					"name": "group",
					"origin": [10.78006, 5.15125, -0.81571],
					"children": [40, 40, 40, 40, 40, 40, 40, 40]
				},
				{
					"name": "group",
					"origin": [10.78006, 5.15125, -0.81571],
					"children": [40, 40, 40, 40, 40, 40, 40, 40]
				},
				{
					"name": "group",
					"origin": [10.78006, 5.15125, -0.81571],
					"children": [40, 40, 40, 40, 40, 40, 40, 40]
				},
				{
					"name": "group",
					"origin": [10.78006, 5.15125, -0.81571],
					"children": [40, 40, 40, 40, 40, 40, 40, 40]
				},
				{
					"name": "group",
					"origin": [10.78006, 5.15125, -0.81571],
					"children": [40, 40, 40, 40, 40, 40, 40, 40]
				},
				{
					"name": "group",
					"origin": [10.78006, 5.15125, -0.81571],
					"children": [40, 40, 40, 40, 40, 40, 40, 40]
				},
				{
					"name": "group",
					"origin": [10.78006, 5.15125, -0.81571],
					"children": [40, 40, 40, 40, 40, 40, 40, 40]
				},
				{
					"name": "group",
					"origin": [10.78006, 5.15125, -0.81571],
					"children": [40, 40, 40, 40, 40, 40, 40, 40, 40, 40]
				},
				{
					"name": "group",
					"origin": [10.78006, 5.15125, -0.81571],
					"children": [40, 40, 40, 40, 40, 40, 40, 40, 40, 40]
				},
				{
					"name": "group",
					"origin": [10.36639, 4.08897, 5.80487],
					"children": [40, 40, 40, 40, 40, 40, 40, 40]
				},
				{
					"name": "hexadecagon",
					"origin": [8, 8, 8],
					"children": [40, 40, 40, 40, 40, 40, 40]
				}
			]
		},
		{
			"name": "pedal",
			"origin": [8, 7.25, 6],
			"children": [40, 40, 40, 40, 40, 40, 40, 40, 40, 40, 40, 40, 40, 40, 40, 40, 40, 40, 40]
		},
		{
			"name": "pedal",
			"origin": [8, 7.25, 6],
			"children": [40, 40, 40, 40, 40, 40, 40, 40, 40, 40, 40, 40, 40, 40, 40, 40, 40, 40, 40]
		}
	]
}