{
	"credit": "Made with Blockbench",
	"texture_size": [1024, 1024],
	"textures": {
		"0": "wingchutes/base_white",
		"1": "wingchutes/glow_orange"
	},
	"elements": [
		{
			"name": "Glow",
			"from": [2.94975, 8, -14.12132],
			"to": [12.94975, 8, 5.87868],
			"rotation": {"angle": 22.5, "axis": "x", "origin": [8, 8, 6]},
			"faces": {
				"up": {"uv": [0, 0, 8, 16], "texture": "#1"},
				"down": {"uv": [0, 0, 8, 16], "rotation": 180, "texture": "#1"}
			}
		},
		{
			"name": "Base",
			"from": [2.94975, 8, -14.12132],
			"to": [12.94975, 8, 5.87868],
			"rotation": {"angle": 22.5, "axis": "x", "origin": [8, 8, 6]},
			"faces": {
				"up": {"uv": [0, 0, 8, 16], "texture": "#0"},
				"down": {"uv": [0, 0, 8, 16], "rotation": 180, "texture": "#0"}
			}
		},
		{
			"name": "Glow",
			"from": [10.12132, 8, 2.94975],
			"to": [30.12132, 8, 12.94975],
			"rotation": {"angle": 22.5, "axis": "z", "origin": [10, 8, 8]},
			"faces": {
				"up": {"uv": [0, 0, 8, 16], "rotation": 90, "texture": "#1"},
				"down": {"uv": [0, 0, 8, 16], "rotation": 90, "texture": "#1"}
			}
		},
		{
			"name": "Base",
			"from": [10.12132, 8, 2.94975],
			"to": [30.12132, 8, 12.94975],
			"rotation": {"angle": 22.5, "axis": "z", "origin": [10, 8, 8]},
			"faces": {
				"up": {"uv": [0, 0, 8, 16], "rotation": 90, "texture": "#0"},
				"down": {"uv": [0, 0, 8, 16], "rotation": 90, "texture": "#0"}
			}
		},
		{
			"name": "Glow",
			"from": [-14.12132, 8, 3.05025],
			"to": [5.87868, 8, 13.05025],
			"rotation": {"angle": -22.5, "axis": "z", "origin": [6, 8, 8]},
			"faces": {
				"up": {"uv": [0, 0, 8, 16], "rotation": 270, "texture": "#1"},
				"down": {"uv": [0, 0, 8, 16], "rotation": 270, "texture": "#1"}
			}
		},
		{
			"name": "Base",
			"from": [-14.12132, 8, 3.05025],
			"to": [5.87868, 8, 13.05025],
			"rotation": {"angle": -22.5, "axis": "z", "origin": [6, 8, 8]},
			"faces": {
				"up": {"uv": [0, 0, 8, 16], "rotation": 270, "texture": "#0"},
				"down": {"uv": [0, 0, 8, 16], "rotation": 270, "texture": "#0"}
			}
		},
		{
			"name": "Glow",
			"from": [3.05025, 8, 10.12132],
			"to": [13.05025, 8, 30.12132],
			"rotation": {"angle": -22.5, "axis": "x", "origin": [8, 8, 10]},
			"faces": {
				"up": {"uv": [0, 0, 8, 16], "rotation": 180, "texture": "#1"},
				"down": {"uv": [0, 0, 8, 16], "texture": "#1"}
			}
		},
		{
			"name": "Base",
			"from": [3.05025, 8, 10.12132],
			"to": [13.05025, 8, 30.12132],
			"rotation": {"angle": -22.5, "axis": "x", "origin": [8, 8, 10]},
			"faces": {
				"up": {"uv": [0, 0, 8, 16], "rotation": 180, "texture": "#0"},
				"down": {"uv": [0, 0, 8, 16], "texture": "#0"}
			}
		},
		{
			"name": "hexadecagon",
			"from": [7.47786, 7.875, 5.375],
			"to": [8.52214, 8.125, 5.625],
			"rotation": {"angle": -45, "axis": "y", "origin": [8, 8, 8]},
			"faces": {
				"north": {"uv": [8, 0, 16, 16], "texture": "#1"},
				"east": {"uv": [8, 0, 16, 16], "texture": "#1"},
				"south": {"uv": [8, 0, 16, 16], "texture": "#1"},
				"west": {"uv": [8, 0, 16, 16], "texture": "#1"},
				"up": {"uv": [12, 0, 16, 16], "texture": "#1"},
				"down": {"uv": [8, 0, 16, 16], "texture": "#1"}
			}
		},
		{
			"name": "hexadecagon",
			"from": [7.47786, 7.875, 5.375],
			"to": [8.52214, 8.125, 5.625],
			"rotation": {"angle": -22.5, "axis": "y", "origin": [8, 8, 8]},
			"faces": {
				"north": {"uv": [8, 0, 16, 16], "texture": "#1"},
				"east": {"uv": [8, 0, 16, 16], "texture": "#1"},
				"south": {"uv": [8, 0, 16, 16], "texture": "#1"},
				"west": {"uv": [8, 0, 16, 16], "texture": "#1"},
				"up": {"uv": [12, 0, 16, 16], "texture": "#1"},
				"down": {"uv": [8, 0, 16, 16], "texture": "#1"}
			}
		},
		{
			"name": "hexadecagon",
			"from": [7.47786, 7.875, 5.375],
			"to": [8.52214, 8.125, 5.625],
			"faces": {
				"north": {"uv": [8, 0, 16, 16], "texture": "#1"},
				"east": {"uv": [8, 0, 16, 16], "texture": "#1"},
				"south": {"uv": [8, 0, 16, 16], "texture": "#1"},
				"west": {"uv": [8, 0, 16, 16], "texture": "#1"},
				"up": {"uv": [12, 0, 16, 16], "texture": "#1"},
				"down": {"uv": [8, 0, 16, 16], "texture": "#1"}
			}
		},
		{
			"name": "hexadecagon",
			"from": [7.47786, 7.875, 5.375],
			"to": [8.52214, 8.125, 5.625],
			"rotation": {"angle": 22.5, "axis": "y", "origin": [8, 8, 8]},
			"faces": {
				"north": {"uv": [8, 0, 16, 16], "texture": "#1"},
				"east": {"uv": [8, 0, 16, 16], "texture": "#1"},
				"south": {"uv": [8, 0, 16, 16], "texture": "#1"},
				"west": {"uv": [8, 0, 16, 16], "texture": "#1"},
				"up": {"uv": [12, 0, 16, 16], "texture": "#1"},
				"down": {"uv": [8, 0, 16, 16], "texture": "#1"}
			}
		},
		{
			"name": "hexadecagon",
			"from": [7.47786, 7.875, 5.375],
			"to": [8.52214, 8.125, 5.625],
			"rotation": {"angle": 45, "axis": "y", "origin": [8, 8, 8]},
			"faces": {
				"north": {"uv": [8, 0, 16, 16], "texture": "#1"},
				"east": {"uv": [8, 0, 16, 16], "texture": "#1"},
				"south": {"uv": [8, 0, 16, 16], "texture": "#1"},
				"west": {"uv": [8, 0, 16, 16], "texture": "#1"},
				"up": {"uv": [12, 0, 16, 16], "texture": "#1"},
				"down": {"uv": [8, 0, 16, 16], "texture": "#1"}
			}
		},
		{
			"name": "hexadecagon",
			"from": [7.47786, 7.875, 10.375],
			"to": [8.52214, 8.125, 10.625],
			"rotation": {"angle": -45, "axis": "y", "origin": [8, 8, 8]},
			"faces": {
				"north": {"uv": [8, 0, 16, 16], "texture": "#1"},
				"east": {"uv": [8, 0, 16, 16], "texture": "#1"},
				"south": {"uv": [8, 0, 16, 16], "texture": "#1"},
				"west": {"uv": [8, 0, 16, 16], "texture": "#1"},
				"up": {"uv": [12, 0, 16, 16], "texture": "#1"},
				"down": {"uv": [8, 0, 16, 16], "texture": "#1"}
			}
		},
		{
			"name": "hexadecagon",
			"from": [7.47786, 7.875, 10.375],
			"to": [8.52214, 8.125, 10.625],
			"rotation": {"angle": -22.5, "axis": "y", "origin": [8, 8, 8]},
			"faces": {
				"north": {"uv": [8, 0, 16, 16], "texture": "#1"},
				"east": {"uv": [8, 0, 16, 16], "texture": "#1"},
				"south": {"uv": [8, 0, 16, 16], "texture": "#1"},
				"west": {"uv": [8, 0, 16, 16], "texture": "#1"},
				"up": {"uv": [12, 0, 16, 16], "texture": "#1"},
				"down": {"uv": [8, 0, 16, 16], "texture": "#1"}
			}
		},
		{
			"name": "hexadecagon",
			"from": [7.47786, 7.875, 10.375],
			"to": [8.52214, 8.125, 10.625],
			"faces": {
				"north": {"uv": [8, 0, 16, 16], "texture": "#1"},
				"east": {"uv": [8, 0, 16, 16], "texture": "#1"},
				"south": {"uv": [8, 0, 16, 16], "texture": "#1"},
				"west": {"uv": [8, 0, 16, 16], "texture": "#1"},
				"up": {"uv": [12, 0, 16, 16], "texture": "#1"},
				"down": {"uv": [8, 0, 16, 16], "texture": "#1"}
			}
		},
		{
			"name": "hexadecagon",
			"from": [7.47786, 7.875, 10.375],
			"to": [8.52214, 8.125, 10.625],
			"rotation": {"angle": 22.5, "axis": "y", "origin": [8, 8, 8]},
			"faces": {
				"north": {"uv": [8, 0, 16, 16], "texture": "#1"},
				"east": {"uv": [8, 0, 16, 16], "texture": "#1"},
				"south": {"uv": [8, 0, 16, 16], "texture": "#1"},
				"west": {"uv": [8, 0, 16, 16], "texture": "#1"},
				"up": {"uv": [12, 0, 16, 16], "texture": "#1"},
				"down": {"uv": [8, 0, 16, 16], "texture": "#1"}
			}
		},
		{
			"name": "hexadecagon",
			"from": [7.47786, 7.875, 10.375],
			"to": [8.52214, 8.125, 10.625],
			"rotation": {"angle": 45, "axis": "y", "origin": [8, 8, 8]},
			"faces": {
				"north": {"uv": [8, 0, 16, 16], "texture": "#1"},
				"east": {"uv": [8, 0, 16, 16], "texture": "#1"},
				"south": {"uv": [8, 0, 16, 16], "texture": "#1"},
				"west": {"uv": [8, 0, 16, 16], "texture": "#1"},
				"up": {"uv": [12, 0, 16, 16], "texture": "#1"},
				"down": {"uv": [8, 0, 16, 16], "texture": "#1"}
			}
		},
		{
			"name": "hexadecagon",
			"from": [5.375, 7.875, 7.47786],
			"to": [5.625, 8.125, 8.52214],
			"rotation": {"angle": -22.5, "axis": "y", "origin": [8, 8, 8]},
			"faces": {
				"north": {"uv": [8, 0, 16, 16], "texture": "#1"},
				"east": {"uv": [8, 0, 16, 16], "texture": "#1"},
				"south": {"uv": [8, 0, 16, 16], "texture": "#1"},
				"west": {"uv": [8, 0, 16, 16], "texture": "#1"},
				"up": {"uv": [12, 0, 16, 16], "texture": "#1"},
				"down": {"uv": [8, 0, 16, 16], "texture": "#1"}
			}
		},
		{
			"name": "hexadecagon",
			"from": [5.375, 7.875, 7.47786],
			"to": [5.625, 8.125, 8.52214],
			"faces": {
				"north": {"uv": [8, 0, 16, 16], "texture": "#1"},
				"east": {"uv": [8, 0, 16, 16], "texture": "#1"},
				"south": {"uv": [8, 0, 16, 16], "texture": "#1"},
				"west": {"uv": [8, 0, 16, 16], "texture": "#1"},
				"up": {"uv": [12, 0, 16, 16], "texture": "#1"},
				"down": {"uv": [8, 0, 16, 16], "texture": "#1"}
			}
		},
		{
			"name": "hexadecagon",
			"from": [5.375, 7.875, 7.47786],
			"to": [5.625, 8.125, 8.52214],
			"rotation": {"angle": 22.5, "axis": "y", "origin": [8, 8, 8]},
			"faces": {
				"north": {"uv": [8, 0, 16, 16], "texture": "#1"},
				"east": {"uv": [8, 0, 16, 16], "texture": "#1"},
				"south": {"uv": [8, 0, 16, 16], "texture": "#1"},
				"west": {"uv": [8, 0, 16, 16], "texture": "#1"},
				"up": {"uv": [12, 0, 16, 16], "texture": "#1"},
				"down": {"uv": [8, 0, 16, 16], "texture": "#1"}
			}
		},
		{
			"name": "hexadecagon",
			"from": [10.375, 7.875, 7.47786],
			"to": [10.625, 8.125, 8.52214],
			"rotation": {"angle": -22.5, "axis": "y", "origin": [8, 8, 8]},
			"faces": {
				"north": {"uv": [8, 0, 16, 16], "texture": "#1"},
				"east": {"uv": [8, 0, 16, 16], "texture": "#1"},
				"south": {"uv": [8, 0, 16, 16], "texture": "#1"},
				"west": {"uv": [8, 0, 16, 16], "texture": "#1"},
				"up": {"uv": [12, 0, 16, 16], "texture": "#1"},
				"down": {"uv": [8, 0, 16, 16], "texture": "#1"}
			}
		},
		{
			"name": "hexadecagon",
			"from": [10.375, 7.875, 7.47786],
			"to": [10.625, 8.125, 8.52214],
			"faces": {
				"north": {"uv": [8, 0, 16, 16], "texture": "#1"},
				"east": {"uv": [8, 0, 16, 16], "texture": "#1"},
				"south": {"uv": [8, 0, 16, 16], "texture": "#1"},
				"west": {"uv": [8, 0, 16, 16], "texture": "#1"},
				"up": {"uv": [12, 0, 16, 16], "texture": "#1"},
				"down": {"uv": [8, 0, 16, 16], "texture": "#1"}
			}
		},
		{
			"name": "hexadecagon",
			"from": [10.375, 7.875, 7.47786],
			"to": [10.625, 8.125, 8.52214],
			"rotation": {"angle": 22.5, "axis": "y", "origin": [8, 8, 8]},
			"faces": {
				"north": {"uv": [8, 0, 16, 16], "texture": "#1"},
				"east": {"uv": [8, 0, 16, 16], "texture": "#1"},
				"south": {"uv": [8, 0, 16, 16], "texture": "#1"},
				"west": {"uv": [8, 0, 16, 16], "texture": "#1"},
				"up": {"uv": [12, 0, 16, 16], "texture": "#1"},
				"down": {"uv": [8, 0, 16, 16], "texture": "#1"}
			}
		},
		{
			"name": "hexadecagon",
			"from": [7.40326, 7.9, 10],
			"to": [8.59674, 8.1, 11],
			"faces": {
				"north": {"uv": [8, 16, 16, 0], "texture": "#0"},
				"east": {"uv": [8, 16, 16, 0], "texture": "#0"},
				"south": {"uv": [8, 16, 16, 0], "texture": "#0"},
				"west": {"uv": [8, 16, 16, 0], "texture": "#0"},
				"up": {"uv": [12, 16, 16, 0], "texture": "#0"},
				"down": {"uv": [8, 16, 16, 0], "texture": "#0"}
			}
		},
		{
			"name": "hexadecagon",
			"from": [7.40326, 7.9, 10],
			"to": [8.59674, 8.1, 11],
			"rotation": {"angle": -22.5, "axis": "y", "origin": [8, 8, 8]},
			"faces": {
				"north": {"uv": [8, 16, 16, 0], "texture": "#0"},
				"east": {"uv": [8, 16, 16, 0], "texture": "#0"},
				"south": {"uv": [8, 16, 16, 0], "texture": "#0"},
				"west": {"uv": [8, 16, 16, 0], "texture": "#0"},
				"up": {"uv": [12, 16, 16, 0], "texture": "#0"},
				"down": {"uv": [8, 16, 16, 0], "texture": "#0"}
			}
		},
		{
			"name": "hexadecagon",
			"from": [6.75326, 7.9, 10],
			"to": [9.24674, 8.1, 12.85],
			"rotation": {"angle": -45, "axis": "y", "origin": [8, 8, 8]},
			"faces": {
				"north": {"uv": [8, 16, 16, 0], "texture": "#0"},
				"east": {"uv": [8, 16, 16, 0], "texture": "#0"},
				"south": {"uv": [8, 16, 16, 0], "texture": "#0"},
				"west": {"uv": [8, 16, 16, 0], "texture": "#0"},
				"up": {"uv": [12, 16, 16, 0], "texture": "#0"},
				"down": {"uv": [8, 16, 16, 0], "texture": "#0"}
			}
		},
		{
			"name": "hexadecagon",
			"from": [5, 7.9, 7.40326],
			"to": [6, 8.1, 8.59674],
			"rotation": {"angle": 22.5, "axis": "y", "origin": [8, 8, 8]},
			"faces": {
				"north": {"uv": [8, 16, 16, 0], "texture": "#0"},
				"east": {"uv": [8, 16, 16, 0], "texture": "#0"},
				"south": {"uv": [8, 16, 16, 0], "texture": "#0"},
				"west": {"uv": [8, 16, 16, 0], "texture": "#0"},
				"up": {"uv": [12, 16, 16, 0], "rotation": 90, "texture": "#0"},
				"down": {"uv": [8, 16, 16, 0], "rotation": 270, "texture": "#0"}
			}
		},
		{
			"name": "hexadecagon",
			"from": [5, 7.9, 7.40326],
			"to": [6, 8.1, 8.59674],
			"faces": {
				"north": {"uv": [8, 16, 16, 0], "texture": "#0"},
				"east": {"uv": [8, 16, 16, 0], "texture": "#0"},
				"south": {"uv": [8, 16, 16, 0], "texture": "#0"},
				"west": {"uv": [8, 16, 16, 0], "texture": "#0"},
				"up": {"uv": [12, 16, 16, 0], "rotation": 90, "texture": "#0"},
				"down": {"uv": [8, 16, 16, 0], "rotation": 270, "texture": "#0"}
			}
		},
		{
			"name": "hexadecagon",
			"from": [7.40326, 7.9, 5],
			"to": [8.59674, 8.1, 6],
			"faces": {
				"north": {"uv": [8, 16, 16, 0], "texture": "#0"},
				"east": {"uv": [8, 16, 16, 0], "texture": "#0"},
				"south": {"uv": [8, 16, 16, 0], "texture": "#0"},
				"west": {"uv": [8, 16, 16, 0], "texture": "#0"},
				"up": {"uv": [12, 16, 16, 0], "texture": "#0"},
				"down": {"uv": [8, 16, 16, 0], "texture": "#0"}
			}
		},
		{
			"name": "hexadecagon",
			"from": [7.40326, 7.9, 5],
			"to": [8.59674, 8.1, 6],
			"rotation": {"angle": -22.5, "axis": "y", "origin": [8, 8, 8]},
			"faces": {
				"north": {"uv": [8, 16, 16, 0], "texture": "#0"},
				"east": {"uv": [8, 16, 16, 0], "texture": "#0"},
				"south": {"uv": [8, 16, 16, 0], "texture": "#0"},
				"west": {"uv": [8, 16, 16, 0], "texture": "#0"},
				"up": {"uv": [12, 16, 16, 0], "texture": "#0"},
				"down": {"uv": [8, 16, 16, 0], "texture": "#0"}
			}
		},
		{
			"name": "hexadecagon",
			"from": [7.40326, 7.9, 5],
			"to": [8.59674, 8.1, 6],
			"rotation": {"angle": -45, "axis": "y", "origin": [8, 8, 8]},
			"faces": {
				"north": {"uv": [8, 16, 16, 0], "texture": "#0"},
				"east": {"uv": [8, 16, 16, 0], "texture": "#0"},
				"south": {"uv": [8, 16, 16, 0], "texture": "#0"},
				"west": {"uv": [8, 16, 16, 0], "texture": "#0"},
				"up": {"uv": [12, 16, 16, 0], "texture": "#0"},
				"down": {"uv": [8, 16, 16, 0], "texture": "#0"}
			}
		},
		{
			"name": "hexadecagon",
			"from": [10, 7.9, 7.40326],
			"to": [11, 8.1, 8.59674],
			"rotation": {"angle": 22.5, "axis": "y", "origin": [8, 8, 8]},
			"faces": {
				"north": {"uv": [8, 16, 16, 0], "texture": "#0"},
				"east": {"uv": [8, 16, 16, 0], "texture": "#0"},
				"south": {"uv": [8, 16, 16, 0], "texture": "#0"},
				"west": {"uv": [8, 16, 16, 0], "texture": "#0"},
				"up": {"uv": [12, 16, 16, 0], "rotation": 90, "texture": "#0"},
				"down": {"uv": [8, 16, 16, 0], "rotation": 270, "texture": "#0"}
			}
		},
		{
			"name": "hexadecagon",
			"from": [10, 7.9, 7.40326],
			"to": [11, 8.1, 8.59674],
			"faces": {
				"north": {"uv": [8, 16, 16, 0], "texture": "#0"},
				"east": {"uv": [8, 16, 16, 0], "texture": "#0"},
				"south": {"uv": [8, 16, 16, 0], "texture": "#0"},
				"west": {"uv": [8, 16, 16, 0], "texture": "#0"},
				"up": {"uv": [12, 16, 16, 0], "rotation": 90, "texture": "#0"},
				"down": {"uv": [8, 16, 16, 0], "rotation": 270, "texture": "#0"}
			}
		},
		{
			"name": "hexadecagon",
			"from": [5, 7.9, 7.40326],
			"to": [6, 8.1, 11.99674],
			"rotation": {"angle": -22.5, "axis": "y", "origin": [8, 8, 8]},
			"faces": {
				"north": {"uv": [8, 16, 16, 0], "texture": "#0"},
				"east": {"uv": [8, 16, 16, 0], "texture": "#0"},
				"south": {"uv": [8, 16, 16, 0], "texture": "#0"},
				"west": {"uv": [8, 16, 16, 0], "texture": "#0"},
				"up": {"uv": [12, 16, 16, 0], "texture": "#0"},
				"down": {"uv": [8, 16, 16, 0], "texture": "#0"}
			}
		},
		{
			"name": "hexadecagon",
			"from": [5, 7.9, 7.40326],
			"to": [6, 8.1, 8.59674],
			"rotation": {"angle": -45, "axis": "y", "origin": [8, 8, 8]},
			"faces": {
				"north": {"uv": [8, 16, 16, 0], "texture": "#0"},
				"east": {"uv": [8, 16, 16, 0], "texture": "#0"},
				"south": {"uv": [8, 16, 16, 0], "texture": "#0"},
				"west": {"uv": [8, 16, 16, 0], "texture": "#0"},
				"up": {"uv": [12, 16, 16, 0], "texture": "#0"},
				"down": {"uv": [8, 16, 16, 0], "texture": "#0"}
			}
		},
		{
			"name": "hexadecagon",
			"from": [7.40326, 7.9, 5],
			"to": [8.59674, 8.1, 6],
			"rotation": {"angle": 22.5, "axis": "y", "origin": [8, 8, 8]},
			"faces": {
				"north": {"uv": [8, 16, 16, 0], "texture": "#0"},
				"east": {"uv": [8, 16, 16, 0], "texture": "#0"},
				"south": {"uv": [8, 16, 16, 0], "texture": "#0"},
				"west": {"uv": [8, 16, 16, 0], "texture": "#0"},
				"up": {"uv": [12, 16, 16, 0], "rotation": 90, "texture": "#0"},
				"down": {"uv": [8, 16, 16, 0], "rotation": 270, "texture": "#0"}
			}
		},
		{
			"name": "hexadecagon",
			"from": [10, 7.9, 7.40326],
			"to": [11, 8.1, 8.59674],
			"rotation": {"angle": -22.5, "axis": "y", "origin": [8, 8, 8]},
			"faces": {
				"north": {"uv": [8, 16, 16, 0], "texture": "#0"},
				"east": {"uv": [8, 16, 16, 0], "texture": "#0"},
				"south": {"uv": [8, 16, 16, 0], "texture": "#0"},
				"west": {"uv": [8, 16, 16, 0], "texture": "#0"},
				"up": {"uv": [12, 16, 16, 0], "texture": "#0"},
				"down": {"uv": [8, 16, 16, 0], "texture": "#0"}
			}
		},
		{
			"name": "hexadecagon",
			"from": [10, 7.9, 7.40326],
			"to": [11, 8.1, 8.59674],
			"rotation": {"angle": -45, "axis": "y", "origin": [8, 8, 8]},
			"faces": {
				"north": {"uv": [8, 16, 16, 0], "texture": "#0"},
				"east": {"uv": [8, 16, 16, 0], "texture": "#0"},
				"south": {"uv": [8, 16, 16, 0], "texture": "#0"},
				"west": {"uv": [8, 16, 16, 0], "texture": "#0"},
				"up": {"uv": [12, 16, 16, 0], "texture": "#0"},
				"down": {"uv": [8, 16, 16, 0], "texture": "#0"}
			}
		},
		{
			"name": "hexadecagon",
			"from": [4.00326, 7.9, 10],
			"to": [8.59674, 8.1, 11],
			"rotation": {"angle": 22.5, "axis": "y", "origin": [8, 8, 8]},
			"faces": {
				"north": {"uv": [8, 16, 16, 0], "texture": "#0"},
				"east": {"uv": [8, 16, 16, 0], "texture": "#0"},
				"south": {"uv": [8, 16, 16, 0], "texture": "#0"},
				"west": {"uv": [8, 16, 16, 0], "texture": "#0"},
				"up": {"uv": [12, 16, 16, 0], "rotation": 90, "texture": "#0"},
				"down": {"uv": [8, 16, 16, 0], "rotation": 270, "texture": "#0"}
			}
		},
		{
			"name": "hexadecagon",
			"from": [7.54085, 7.868, 9.98014],
			"to": [8.45983, 8.1155, 10.31014],
			"faces": {
				"north": {"uv": [16, 0, 9.3125, 16], "texture": "#0"},
				"east": {"uv": [16, 0, 9.3125, 16], "texture": "#0"},
				"south": {"uv": [16, 0, 9.3125, 16], "texture": "#0"},
				"west": {"uv": [16, 0, 9.3125, 16], "texture": "#0"},
				"up": {"uv": [16, 0, 9.3125, 16], "texture": "#0"},
				"down": {"uv": [16, 0, 9.3125, 16], "texture": "#0"}
			}
		},
		{
			"name": "hexadecagon",
			"from": [7.5407, 7.868, 9.98004],
			"to": [8.45967, 8.1155, 10.31004],
			"rotation": {"angle": -22.5, "axis": "y", "origin": [8, 8, 8]},
			"faces": {
				"north": {"uv": [16, 0, 9.3125, 16], "texture": "#0"},
				"east": {"uv": [16, 0, 9.3125, 16], "texture": "#0"},
				"south": {"uv": [16, 0, 9.3125, 16], "texture": "#0"},
				"west": {"uv": [16, 0, 9.3125, 16], "texture": "#0"},
				"up": {"uv": [16, 0, 9.3125, 16], "texture": "#0"},
				"down": {"uv": [16, 0, 9.3125, 16], "texture": "#0"}
			}
		},
		{
			"name": "hexadecagon",
			"from": [7.54051, 7.868, 9.98],
			"to": [8.45949, 8.1155, 10.31],
			"rotation": {"angle": -45, "axis": "y", "origin": [8, 8, 8]},
			"faces": {
				"north": {"uv": [16, 0, 9.3125, 16], "texture": "#0"},
				"east": {"uv": [16, 0, 9.3125, 16], "texture": "#0"},
				"south": {"uv": [16, 0, 9.3125, 16], "texture": "#0"},
				"west": {"uv": [16, 0, 9.3125, 16], "texture": "#0"},
				"up": {"uv": [16, 0, 9.3125, 16], "texture": "#0"},
				"down": {"uv": [16, 0, 9.3125, 16], "texture": "#0"}
			}
		},
		{
			"name": "hexadecagon",
			"from": [5.68996, 7.868, 7.54033],
			"to": [6.01996, 8.1155, 8.4593],
			"rotation": {"angle": 22.5, "axis": "y", "origin": [8, 8, 8]},
			"faces": {
				"north": {"uv": [16, 0, 9.3125, 16], "texture": "#0"},
				"east": {"uv": [16, 0, 9.3125, 16], "texture": "#0"},
				"south": {"uv": [16, 0, 9.3125, 16], "texture": "#0"},
				"west": {"uv": [16, 0, 9.3125, 16], "texture": "#0"},
				"up": {"uv": [16, 0, 9.3125, 16], "rotation": 90, "texture": "#0"},
				"down": {"uv": [16, 0, 9.3125, 16], "rotation": 270, "texture": "#0"}
			}
		},
		{
			"name": "hexadecagon",
			"from": [5.69034, 7.868, 7.54065],
			"to": [6.02034, 8.1155, 8.45963],
			"faces": {
				"north": {"uv": [16, 0, 9.3125, 16], "texture": "#0"},
				"east": {"uv": [16, 0, 9.3125, 16], "texture": "#0"},
				"south": {"uv": [16, 0, 9.3125, 16], "texture": "#0"},
				"west": {"uv": [16, 0, 9.3125, 16], "texture": "#0"},
				"up": {"uv": [16, 0, 9.3125, 16], "rotation": 90, "texture": "#0"},
				"down": {"uv": [16, 0, 9.3125, 16], "rotation": 270, "texture": "#0"}
			}
		},
		{
			"name": "hexadecagon",
			"from": [7.54085, 7.868, 5.69014],
			"to": [8.45983, 8.1155, 6.02014],
			"faces": {
				"north": {"uv": [16, 0, 9.3125, 16], "texture": "#0"},
				"east": {"uv": [16, 0, 9.3125, 16], "texture": "#0"},
				"south": {"uv": [16, 0, 9.3125, 16], "texture": "#0"},
				"west": {"uv": [16, 0, 9.3125, 16], "texture": "#0"},
				"up": {"uv": [16, 0, 9.3125, 16], "texture": "#0"},
				"down": {"uv": [16, 0, 9.3125, 16], "texture": "#0"}
			}
		},
		{
			"name": "hexadecagon",
			"from": [7.5407, 7.868, 5.69004],
			"to": [8.45967, 8.1155, 6.02004],
			"rotation": {"angle": -22.5, "axis": "y", "origin": [8, 8, 8]},
			"faces": {
				"north": {"uv": [16, 0, 9.3125, 16], "texture": "#0"},
				"east": {"uv": [16, 0, 9.3125, 16], "texture": "#0"},
				"south": {"uv": [16, 0, 9.3125, 16], "texture": "#0"},
				"west": {"uv": [16, 0, 9.3125, 16], "texture": "#0"},
				"up": {"uv": [16, 0, 9.3125, 16], "texture": "#0"},
				"down": {"uv": [16, 0, 9.3125, 16], "texture": "#0"}
			}
		},
		{
			"name": "hexadecagon",
			"from": [7.54051, 7.868, 5.69],
			"to": [8.45949, 8.1155, 6.02],
			"rotation": {"angle": -45, "axis": "y", "origin": [8, 8, 8]},
			"faces": {
				"north": {"uv": [16, 0, 9.3125, 16], "texture": "#0"},
				"east": {"uv": [16, 0, 9.3125, 16], "texture": "#0"},
				"south": {"uv": [16, 0, 9.3125, 16], "texture": "#0"},
				"west": {"uv": [16, 0, 9.3125, 16], "texture": "#0"},
				"up": {"uv": [16, 0, 9.3125, 16], "texture": "#0"},
				"down": {"uv": [16, 0, 9.3125, 16], "texture": "#0"}
			}
		},
		{
			"name": "hexadecagon",
			"from": [9.97996, 7.868, 7.54033],
			"to": [10.30996, 8.1155, 8.4593],
			"rotation": {"angle": 22.5, "axis": "y", "origin": [8, 8, 8]},
			"faces": {
				"north": {"uv": [16, 0, 9.3125, 16], "texture": "#0"},
				"east": {"uv": [16, 0, 9.3125, 16], "texture": "#0"},
				"south": {"uv": [16, 0, 9.3125, 16], "texture": "#0"},
				"west": {"uv": [16, 0, 9.3125, 16], "texture": "#0"},
				"up": {"uv": [16, 0, 9.3125, 16], "rotation": 90, "texture": "#0"},
				"down": {"uv": [16, 0, 9.3125, 16], "rotation": 270, "texture": "#0"}
			}
		},
		{
			"name": "hexadecagon",
			"from": [9.98034, 7.868, 7.54065],
			"to": [10.31034, 8.1155, 8.45963],
			"faces": {
				"north": {"uv": [16, 0, 9.3125, 16], "texture": "#0"},
				"east": {"uv": [16, 0, 9.3125, 16], "texture": "#0"},
				"south": {"uv": [16, 0, 9.3125, 16], "texture": "#0"},
				"west": {"uv": [16, 0, 9.3125, 16], "texture": "#0"},
				"up": {"uv": [16, 0, 9.3125, 16], "rotation": 90, "texture": "#0"},
				"down": {"uv": [16, 0, 9.3125, 16], "rotation": 270, "texture": "#0"}
			}
		},
		{
			"name": "hexadecagon",
			"from": [5.69019, 7.868, 7.54055],
			"to": [6.02019, 8.1155, 8.45953],
			"rotation": {"angle": -22.5, "axis": "y", "origin": [8, 8, 8]},
			"faces": {
				"north": {"uv": [16, 0, 9.3125, 16], "texture": "#0"},
				"east": {"uv": [16, 0, 9.3125, 16], "texture": "#0"},
				"south": {"uv": [16, 0, 9.3125, 16], "texture": "#0"},
				"west": {"uv": [16, 0, 9.3125, 16], "texture": "#0"},
				"up": {"uv": [16, 0, 9.3125, 16], "texture": "#0"},
				"down": {"uv": [16, 0, 9.3125, 16], "texture": "#0"}
			}
		},
		{
			"name": "hexadecagon",
			"from": [5.69, 7.868, 7.54051],
			"to": [6.02, 8.1155, 8.45949],
			"rotation": {"angle": -45, "axis": "y", "origin": [8, 8, 8]},
			"faces": {
				"north": {"uv": [16, 0, 9.3125, 16], "texture": "#0"},
				"east": {"uv": [16, 0, 9.3125, 16], "texture": "#0"},
				"south": {"uv": [16, 0, 9.3125, 16], "texture": "#0"},
				"west": {"uv": [16, 0, 9.3125, 16], "texture": "#0"},
				"up": {"uv": [16, 0, 9.3125, 16], "texture": "#0"},
				"down": {"uv": [16, 0, 9.3125, 16], "texture": "#0"}
			}
		},
		{
			"name": "hexadecagon",
			"from": [7.54047, 7.868, 5.68981],
			"to": [8.45945, 8.1155, 6.01981],
			"rotation": {"angle": 22.5, "axis": "y", "origin": [8, 8, 8]},
			"faces": {
				"north": {"uv": [16, 0, 9.3125, 16], "texture": "#0"},
				"east": {"uv": [16, 0, 9.3125, 16], "texture": "#0"},
				"south": {"uv": [16, 0, 9.3125, 16], "texture": "#0"},
				"west": {"uv": [16, 0, 9.3125, 16], "texture": "#0"},
				"up": {"uv": [16, 0, 9.3125, 16], "rotation": 90, "texture": "#0"},
				"down": {"uv": [16, 0, 9.3125, 16], "rotation": 270, "texture": "#0"}
			}
		},
		{
			"name": "hexadecagon",
			"from": [9.98019, 7.868, 7.54055],
			"to": [10.31019, 8.1155, 8.45953],
			"rotation": {"angle": -22.5, "axis": "y", "origin": [8, 8, 8]},
			"faces": {
				"north": {"uv": [16, 0, 9.3125, 16], "texture": "#0"},
				"east": {"uv": [16, 0, 9.3125, 16], "texture": "#0"},
				"south": {"uv": [16, 0, 9.3125, 16], "texture": "#0"},
				"west": {"uv": [16, 0, 9.3125, 16], "texture": "#0"},
				"up": {"uv": [16, 0, 9.3125, 16], "texture": "#0"},
				"down": {"uv": [16, 0, 9.3125, 16], "texture": "#0"}
			}
		},
		{
			"name": "hexadecagon",
			"from": [9.98, 7.868, 7.54051],
			"to": [10.31, 8.1155, 8.45949],
			"rotation": {"angle": -45, "axis": "y", "origin": [8, 8, 8]},
			"faces": {
				"north": {"uv": [16, 0, 9.3125, 16], "texture": "#0"},
				"east": {"uv": [16, 0, 9.3125, 16], "texture": "#0"},
				"south": {"uv": [16, 0, 9.3125, 16], "texture": "#0"},
				"west": {"uv": [16, 0, 9.3125, 16], "texture": "#0"},
				"up": {"uv": [16, 0, 9.3125, 16], "texture": "#0"},
				"down": {"uv": [16, 0, 9.3125, 16], "texture": "#0"}
			}
		},
		{
			"name": "hexadecagon",
			"from": [7.54047, 7.868, 9.97981],
			"to": [8.45945, 8.1155, 10.30981],
			"rotation": {"angle": 22.5, "axis": "y", "origin": [8, 8, 8]},
			"faces": {
				"north": {"uv": [16, 0, 9.3125, 16], "texture": "#0"},
				"east": {"uv": [16, 0, 9.3125, 16], "texture": "#0"},
				"south": {"uv": [16, 0, 9.3125, 16], "texture": "#0"},
				"west": {"uv": [16, 0, 9.3125, 16], "texture": "#0"},
				"up": {"uv": [16, 0, 9.3125, 16], "rotation": 90, "texture": "#0"},
				"down": {"uv": [16, 0, 9.3125, 16], "rotation": 270, "texture": "#0"}
			}
		},
		{
			"name": "hexadecagon",
			"from": [7.6065, 7.7525, 9.32014],
			"to": [8.39419, 8.231, 9.98014],
			"faces": {
				"north": {"uv": [16, 0, 9.3125, 16], "texture": "#0"},
				"east": {"uv": [16, 0, 9.3125, 16], "texture": "#0"},
				"south": {"uv": [16, 0, 9.3125, 16], "texture": "#0"},
				"west": {"uv": [16, 0, 9.3125, 16], "texture": "#0"},
				"up": {"uv": [16, 0, 9.3125, 16], "texture": "#0"},
				"down": {"uv": [16, 0, 9.3125, 16], "texture": "#0"}
			}
		},
		{
			"name": "hexadecagon",
			"from": [7.60634, 7.7525, 9.32004],
			"to": [8.39403, 8.231, 9.98004],
			"rotation": {"angle": -22.5, "axis": "y", "origin": [8, 8, 8]},
			"faces": {
				"north": {"uv": [16, 0, 9.3125, 16], "texture": "#0"},
				"east": {"uv": [16, 0, 9.3125, 16], "texture": "#0"},
				"south": {"uv": [16, 0, 9.3125, 16], "texture": "#0"},
				"west": {"uv": [16, 0, 9.3125, 16], "texture": "#0"},
				"up": {"uv": [16, 0, 9.3125, 16], "texture": "#0"},
				"down": {"uv": [16, 0, 9.3125, 16], "texture": "#0"}
			}
		},
		{
			"name": "hexadecagon",
			"from": [7.60615, 7.7525, 9.32],
			"to": [8.39385, 8.231, 9.98],
			"rotation": {"angle": -45, "axis": "y", "origin": [8, 8, 8]},
			"faces": {
				"north": {"uv": [16, 0, 9.3125, 16], "texture": "#0"},
				"east": {"uv": [16, 0, 9.3125, 16], "texture": "#0"},
				"south": {"uv": [16, 0, 9.3125, 16], "texture": "#0"},
				"west": {"uv": [16, 0, 9.3125, 16], "texture": "#0"},
				"up": {"uv": [16, 0, 9.3125, 16], "texture": "#0"},
				"down": {"uv": [16, 0, 9.3125, 16], "texture": "#0"}
			}
		},
		{
			"name": "hexadecagon",
			"from": [6.01996, 7.7525, 7.60597],
			"to": [6.67996, 8.231, 8.39366],
			"rotation": {"angle": 22.5, "axis": "y", "origin": [8, 8, 8]},
			"faces": {
				"north": {"uv": [16, 0, 9.3125, 16], "texture": "#0"},
				"east": {"uv": [16, 0, 9.3125, 16], "texture": "#0"},
				"south": {"uv": [16, 0, 9.3125, 16], "texture": "#0"},
				"west": {"uv": [16, 0, 9.3125, 16], "texture": "#0"},
				"up": {"uv": [16, 0, 9.3125, 16], "rotation": 90, "texture": "#0"},
				"down": {"uv": [16, 0, 9.3125, 16], "rotation": 270, "texture": "#0"}
			}
		},
		{
			"name": "hexadecagon",
			"from": [6.02034, 7.7525, 7.6063],
			"to": [6.68034, 8.231, 8.39399],
			"faces": {
				"north": {"uv": [16, 0, 9.3125, 16], "texture": "#0"},
				"east": {"uv": [16, 0, 9.3125, 16], "texture": "#0"},
				"south": {"uv": [16, 0, 9.3125, 16], "texture": "#0"},
				"west": {"uv": [16, 0, 9.3125, 16], "texture": "#0"},
				"up": {"uv": [16, 0, 9.3125, 16], "rotation": 90, "texture": "#0"},
				"down": {"uv": [16, 0, 9.3125, 16], "rotation": 270, "texture": "#0"}
			}
		},
		{
			"name": "hexadecagon",
			"from": [7.6065, 7.7525, 6.02014],
			"to": [8.39419, 8.231, 6.68014],
			"faces": {
				"north": {"uv": [16, 0, 9.3125, 16], "texture": "#0"},
				"east": {"uv": [16, 0, 9.3125, 16], "texture": "#0"},
				"south": {"uv": [16, 0, 9.3125, 16], "texture": "#0"},
				"west": {"uv": [16, 0, 9.3125, 16], "texture": "#0"},
				"up": {"uv": [16, 0, 9.3125, 16], "texture": "#0"},
				"down": {"uv": [16, 0, 9.3125, 16], "texture": "#0"}
			}
		},
		{
			"name": "hexadecagon",
			"from": [7.60634, 7.7525, 6.02004],
			"to": [8.39403, 8.231, 6.68004],
			"rotation": {"angle": -22.5, "axis": "y", "origin": [8, 8, 8]},
			"faces": {
				"north": {"uv": [16, 0, 9.3125, 16], "texture": "#0"},
				"east": {"uv": [16, 0, 9.3125, 16], "texture": "#0"},
				"south": {"uv": [16, 0, 9.3125, 16], "texture": "#0"},
				"west": {"uv": [16, 0, 9.3125, 16], "texture": "#0"},
				"up": {"uv": [16, 0, 9.3125, 16], "texture": "#0"},
				"down": {"uv": [16, 0, 9.3125, 16], "texture": "#0"}
			}
		},
		{
			"name": "hexadecagon",
			"from": [7.60615, 7.7525, 6.02],
			"to": [8.39385, 8.231, 6.68],
			"rotation": {"angle": -45, "axis": "y", "origin": [8, 8, 8]},
			"faces": {
				"north": {"uv": [16, 0, 9.3125, 16], "texture": "#0"},
				"east": {"uv": [16, 0, 9.3125, 16], "texture": "#0"},
				"south": {"uv": [16, 0, 9.3125, 16], "texture": "#0"},
				"west": {"uv": [16, 0, 9.3125, 16], "texture": "#0"},
				"up": {"uv": [16, 0, 9.3125, 16], "texture": "#0"},
				"down": {"uv": [16, 0, 9.3125, 16], "texture": "#0"}
			}
		},
		{
			"name": "hexadecagon",
			"from": [9.31996, 7.7525, 7.60597],
			"to": [9.97996, 8.231, 8.39366],
			"rotation": {"angle": 22.5, "axis": "y", "origin": [8, 8, 8]},
			"faces": {
				"north": {"uv": [16, 0, 9.3125, 16], "texture": "#0"},
				"east": {"uv": [16, 0, 9.3125, 16], "texture": "#0"},
				"south": {"uv": [16, 0, 9.3125, 16], "texture": "#0"},
				"west": {"uv": [16, 0, 9.3125, 16], "texture": "#0"},
				"up": {"uv": [16, 0, 9.3125, 16], "rotation": 90, "texture": "#0"},
				"down": {"uv": [16, 0, 9.3125, 16], "rotation": 270, "texture": "#0"}
			}
		},
		{
			"name": "hexadecagon",
			"from": [9.32034, 7.7525, 7.6063],
			"to": [9.98034, 8.231, 8.39399],
			"faces": {
				"north": {"uv": [16, 0, 9.3125, 16], "texture": "#0"},
				"east": {"uv": [16, 0, 9.3125, 16], "texture": "#0"},
				"south": {"uv": [16, 0, 9.3125, 16], "texture": "#0"},
				"west": {"uv": [16, 0, 9.3125, 16], "texture": "#0"},
				"up": {"uv": [16, 0, 9.3125, 16], "rotation": 90, "texture": "#0"},
				"down": {"uv": [16, 0, 9.3125, 16], "rotation": 270, "texture": "#0"}
			}
		},
		{
			"name": "hexadecagon",
			"from": [6.02019, 7.7525, 7.60619],
			"to": [6.68019, 8.231, 8.39388],
			"rotation": {"angle": -22.5, "axis": "y", "origin": [8, 8, 8]},
			"faces": {
				"north": {"uv": [16, 0, 9.3125, 16], "texture": "#0"},
				"east": {"uv": [16, 0, 9.3125, 16], "texture": "#0"},
				"south": {"uv": [16, 0, 9.3125, 16], "texture": "#0"},
				"west": {"uv": [16, 0, 9.3125, 16], "texture": "#0"},
				"up": {"uv": [16, 0, 9.3125, 16], "texture": "#0"},
				"down": {"uv": [16, 0, 9.3125, 16], "texture": "#0"}
			}
		},
		{
			"name": "hexadecagon",
			"from": [6.02, 7.7525, 7.60615],
			"to": [6.68, 8.231, 8.39385],
			"rotation": {"angle": -45, "axis": "y", "origin": [8, 8, 8]},
			"faces": {
				"north": {"uv": [16, 0, 9.3125, 16], "texture": "#0"},
				"east": {"uv": [16, 0, 9.3125, 16], "texture": "#0"},
				"south": {"uv": [16, 0, 9.3125, 16], "texture": "#0"},
				"west": {"uv": [16, 0, 9.3125, 16], "texture": "#0"},
				"up": {"uv": [16, 0, 9.3125, 16], "texture": "#0"},
				"down": {"uv": [16, 0, 9.3125, 16], "texture": "#0"}
			}
		},
		{
			"name": "hexadecagon",
			"from": [7.60612, 7.7525, 6.01981],
			"to": [8.39381, 8.231, 6.67981],
			"rotation": {"angle": 22.5, "axis": "y", "origin": [8, 8, 8]},
			"faces": {
				"north": {"uv": [16, 0, 9.3125, 16], "texture": "#0"},
				"east": {"uv": [16, 0, 9.3125, 16], "texture": "#0"},
				"south": {"uv": [16, 0, 9.3125, 16], "texture": "#0"},
				"west": {"uv": [16, 0, 9.3125, 16], "texture": "#0"},
				"up": {"uv": [16, 0, 9.3125, 16], "rotation": 90, "texture": "#0"},
				"down": {"uv": [16, 0, 9.3125, 16], "rotation": 270, "texture": "#0"}
			}
		},
		{
			"name": "hexadecagon",
			"from": [9.32019, 7.7525, 7.60619],
			"to": [9.98019, 8.231, 8.39388],
			"rotation": {"angle": -22.5, "axis": "y", "origin": [8, 8, 8]},
			"faces": {
				"north": {"uv": [16, 0, 9.3125, 16], "texture": "#0"},
				"east": {"uv": [16, 0, 9.3125, 16], "texture": "#0"},
				"south": {"uv": [16, 0, 9.3125, 16], "texture": "#0"},
				"west": {"uv": [16, 0, 9.3125, 16], "texture": "#0"},
				"up": {"uv": [16, 0, 9.3125, 16], "texture": "#0"},
				"down": {"uv": [16, 0, 9.3125, 16], "texture": "#0"}
			}
		},
		{
			"name": "hexadecagon",
			"from": [9.32, 7.7525, 7.60615],
			"to": [9.98, 8.231, 8.39385],
			"rotation": {"angle": -45, "axis": "y", "origin": [8, 8, 8]},
			"faces": {
				"north": {"uv": [16, 0, 9.3125, 16], "texture": "#0"},
				"east": {"uv": [16, 0, 9.3125, 16], "texture": "#0"},
				"south": {"uv": [16, 0, 9.3125, 16], "texture": "#0"},
				"west": {"uv": [16, 0, 9.3125, 16], "texture": "#0"},
				"up": {"uv": [16, 0, 9.3125, 16], "texture": "#0"},
				"down": {"uv": [16, 0, 9.3125, 16], "texture": "#0"}
			}
		},
		{
			"name": "hexadecagon",
			"from": [7.60612, 7.7525, 9.31981],
			"to": [8.39381, 8.231, 9.97981],
			"rotation": {"angle": 22.5, "axis": "y", "origin": [8, 8, 8]},
			"faces": {
				"north": {"uv": [16, 0, 9.3125, 16], "texture": "#0"},
				"east": {"uv": [16, 0, 9.3125, 16], "texture": "#0"},
				"south": {"uv": [16, 0, 9.3125, 16], "texture": "#0"},
				"west": {"uv": [16, 0, 9.3125, 16], "texture": "#0"},
				"up": {"uv": [16, 0, 9.3125, 16], "rotation": 90, "texture": "#0"},
				"down": {"uv": [16, 0, 9.3125, 16], "rotation": 270, "texture": "#0"}
			}
		},
		{
			"name": "hexadecagon",
			"from": [7.73778, 7.868, 8.99014],
			"to": [8.26291, 8.1155, 9.32014],
			"faces": {
				"north": {"uv": [12.01563, 16, 16, 0], "texture": "#0"},
				"east": {"uv": [12.01563, 16, 16, 0], "texture": "#0"},
				"south": {"uv": [12.01563, 16, 16, 0], "texture": "#0"},
				"west": {"uv": [12.01563, 16, 16, 0], "texture": "#0"},
				"up": {"uv": [12.01563, 16, 16, 0], "texture": "#0"},
				"down": {"uv": [12.01563, 16, 16, 0], "texture": "#0"}
			}
		},
		{
			"name": "hexadecagon",
			"from": [7.73762, 7.868, 8.99004],
			"to": [8.26275, 8.1155, 9.32004],
			"rotation": {"angle": -22.5, "axis": "y", "origin": [8, 8, 8]},
			"faces": {
				"north": {"uv": [12.01563, 16, 16, 0], "texture": "#0"},
				"east": {"uv": [12.01563, 16, 16, 0], "texture": "#0"},
				"south": {"uv": [12.01563, 16, 16, 0], "texture": "#0"},
				"west": {"uv": [12.01563, 16, 16, 0], "texture": "#0"},
				"up": {"uv": [12.01563, 16, 16, 0], "texture": "#0"},
				"down": {"uv": [12.01563, 16, 16, 0], "texture": "#0"}
			}
		},
		{
			"name": "hexadecagon",
			"from": [7.73744, 7.868, 8.99],
			"to": [8.26256, 8.1155, 9.32],
			"rotation": {"angle": -45, "axis": "y", "origin": [8, 8, 8]},
			"faces": {
				"north": {"uv": [12.01563, 16, 16, 0], "texture": "#0"},
				"east": {"uv": [12.01563, 16, 16, 0], "texture": "#0"},
				"south": {"uv": [12.01563, 16, 16, 0], "texture": "#0"},
				"west": {"uv": [12.01563, 16, 16, 0], "texture": "#0"},
				"up": {"uv": [12.01563, 16, 16, 0], "texture": "#0"},
				"down": {"uv": [12.01563, 16, 16, 0], "texture": "#0"}
			}
		},
		{
			"name": "hexadecagon",
			"from": [6.67996, 7.868, 7.73725],
			"to": [7.00996, 8.1155, 8.26238],
			"rotation": {"angle": 22.5, "axis": "y", "origin": [8, 8, 8]},
			"faces": {
				"north": {"uv": [12.01563, 16, 16, 0], "texture": "#0"},
				"east": {"uv": [12.01563, 16, 16, 0], "texture": "#0"},
				"south": {"uv": [12.01563, 16, 16, 0], "texture": "#0"},
				"west": {"uv": [12.01563, 16, 16, 0], "texture": "#0"},
				"up": {"uv": [12.01563, 16, 16, 0], "rotation": 90, "texture": "#0"},
				"down": {"uv": [12.01563, 16, 16, 0], "rotation": 270, "texture": "#0"}
			}
		},
		{
			"name": "hexadecagon",
			"from": [6.68034, 7.868, 7.73758],
			"to": [7.01034, 8.1155, 8.26271],
			"faces": {
				"north": {"uv": [12.01563, 16, 16, 0], "texture": "#0"},
				"east": {"uv": [12.01563, 16, 16, 0], "texture": "#0"},
				"south": {"uv": [12.01563, 16, 16, 0], "texture": "#0"},
				"west": {"uv": [12.01563, 16, 16, 0], "texture": "#0"},
				"up": {"uv": [12.01563, 16, 16, 0], "rotation": 90, "texture": "#0"},
				"down": {"uv": [12.01563, 16, 16, 0], "rotation": 270, "texture": "#0"}
			}
		},
		{
			"name": "hexadecagon",
			"from": [7.73778, 7.868, 6.68014],
			"to": [8.26291, 8.1155, 7.01014],
			"faces": {
				"north": {"uv": [12.01563, 16, 16, 0], "texture": "#0"},
				"east": {"uv": [12.01563, 16, 16, 0], "texture": "#0"},
				"south": {"uv": [12.01563, 16, 16, 0], "texture": "#0"},
				"west": {"uv": [12.01563, 16, 16, 0], "texture": "#0"},
				"up": {"uv": [12.01563, 16, 16, 0], "texture": "#0"},
				"down": {"uv": [12.01563, 16, 16, 0], "texture": "#0"}
			}
		},
		{
			"name": "hexadecagon",
			"from": [7.73762, 7.868, 6.68004],
			"to": [8.18025, 8.1155, 7.01004],
			"rotation": {"angle": -22.5, "axis": "y", "origin": [8, 8, 8]},
			"faces": {
				"north": {"uv": [12.01563, 16, 16, 0], "texture": "#0"},
				"east": {"uv": [12.01563, 16, 16, 0], "texture": "#0"},
				"south": {"uv": [12.01563, 16, 16, 0], "texture": "#0"},
				"west": {"uv": [12.01563, 16, 16, 0], "texture": "#0"},
				"up": {"uv": [12.01563, 16, 16, 0], "texture": "#0"},
				"down": {"uv": [12.01563, 16, 16, 0], "texture": "#0"}
			}
		},
		{
			"name": "hexadecagon",
			"from": [7.57244, 7.901, 6.68],
			"to": [8.42756, 8.0825, 6.9935],
			"rotation": {"angle": -45, "axis": "y", "origin": [8, 8, 8]},
			"faces": {
				"north": {"uv": [12.01563, 16, 16, 0], "texture": "#0"},
				"east": {"uv": [12.01563, 16, 16, 0], "texture": "#0"},
				"south": {"uv": [12.01563, 16, 16, 0], "texture": "#0"},
				"west": {"uv": [12.01563, 16, 16, 0], "texture": "#0"},
				"up": {"uv": [12.01563, 16, 16, 0], "texture": "#0"},
				"down": {"uv": [12.01563, 16, 16, 0], "texture": "#0"}
			}
		},
		{
			"name": "hexadecagon",
			"from": [8.98996, 7.868, 7.81975],
			"to": [9.31996, 8.1155, 8.26238],
			"rotation": {"angle": 22.5, "axis": "y", "origin": [8, 8, 8]},
			"faces": {
				"north": {"uv": [12.01563, 16, 16, 0], "texture": "#0"},
				"east": {"uv": [12.01563, 16, 16, 0], "texture": "#0"},
				"south": {"uv": [12.01563, 16, 16, 0], "texture": "#0"},
				"west": {"uv": [12.01563, 16, 16, 0], "texture": "#0"},
				"up": {"uv": [12.01563, 16, 16, 0], "rotation": 90, "texture": "#0"},
				"down": {"uv": [12.01563, 16, 16, 0], "rotation": 270, "texture": "#0"}
			}
		},
		{
			"name": "hexadecagon",
			"from": [8.99034, 7.868, 7.73758],
			"to": [9.32034, 8.1155, 8.26271],
			"faces": {
				"north": {"uv": [12.01563, 16, 16, 0], "texture": "#0"},
				"east": {"uv": [12.01563, 16, 16, 0], "texture": "#0"},
				"south": {"uv": [12.01563, 16, 16, 0], "texture": "#0"},
				"west": {"uv": [12.01563, 16, 16, 0], "texture": "#0"},
				"up": {"uv": [12.01563, 16, 16, 0], "rotation": 90, "texture": "#0"},
				"down": {"uv": [12.01563, 16, 16, 0], "rotation": 270, "texture": "#0"}
			}
		},
		{
			"name": "hexadecagon",
			"from": [6.68019, 7.868, 7.73747],
			"to": [7.01019, 8.1155, 8.2626],
			"rotation": {"angle": -22.5, "axis": "y", "origin": [8, 8, 8]},
			"faces": {
				"north": {"uv": [12.01563, 16, 16, 0], "texture": "#0"},
				"east": {"uv": [12.01563, 16, 16, 0], "texture": "#0"},
				"south": {"uv": [12.01563, 16, 16, 0], "texture": "#0"},
				"west": {"uv": [12.01563, 16, 16, 0], "texture": "#0"},
				"up": {"uv": [12.01563, 16, 16, 0], "texture": "#0"},
				"down": {"uv": [12.01563, 16, 16, 0], "texture": "#0"}
			}
		},
		{
			"name": "hexadecagon",
			"from": [6.68, 7.868, 7.73744],
			"to": [7.01, 8.1155, 8.26256],
			"rotation": {"angle": -45, "axis": "y", "origin": [8, 8, 8]},
			"faces": {
				"north": {"uv": [12.01563, 16, 16, 0], "texture": "#0"},
				"east": {"uv": [12.01563, 16, 16, 0], "texture": "#0"},
				"south": {"uv": [12.01563, 16, 16, 0], "texture": "#0"},
				"west": {"uv": [12.01563, 16, 16, 0], "texture": "#0"},
				"up": {"uv": [12.01563, 16, 16, 0], "texture": "#0"},
				"down": {"uv": [12.01563, 16, 16, 0], "texture": "#0"}
			}
		},
		{
			"name": "hexadecagon",
			"from": [7.7374, 7.868, 6.67981],
			"to": [8.26253, 8.1155, 7.00981],
			"rotation": {"angle": 22.5, "axis": "y", "origin": [8, 8, 8]},
			"faces": {
				"north": {"uv": [12.01563, 16, 16, 0], "texture": "#0"},
				"east": {"uv": [12.01563, 16, 16, 0], "texture": "#0"},
				"south": {"uv": [12.01563, 16, 16, 0], "texture": "#0"},
				"west": {"uv": [12.01563, 16, 16, 0], "texture": "#0"},
				"up": {"uv": [12.01563, 16, 16, 0], "rotation": 90, "texture": "#0"},
				"down": {"uv": [12.01563, 16, 16, 0], "rotation": 270, "texture": "#0"}
			}
		},
		{
			"name": "hexadecagon",
			"from": [8.99019, 7.868, 7.73747],
			"to": [9.32019, 8.1155, 8.2626],
			"rotation": {"angle": -22.5, "axis": "y", "origin": [8, 8, 8]},
			"faces": {
				"north": {"uv": [12.01563, 16, 16, 0], "texture": "#0"},
				"east": {"uv": [12.01563, 16, 16, 0], "texture": "#0"},
				"south": {"uv": [12.01563, 16, 16, 0], "texture": "#0"},
				"west": {"uv": [12.01563, 16, 16, 0], "texture": "#0"},
				"up": {"uv": [12.01563, 16, 16, 0], "texture": "#0"},
				"down": {"uv": [12.01563, 16, 16, 0], "texture": "#0"}
			}
		},
		{
			"name": "hexadecagon",
			"from": [8.99, 7.868, 7.73744],
			"to": [9.32, 8.1155, 8.26256],
			"rotation": {"angle": -45, "axis": "y", "origin": [8, 8, 8]},
			"faces": {
				"north": {"uv": [12.01563, 16, 16, 0], "texture": "#0"},
				"east": {"uv": [12.01563, 16, 16, 0], "texture": "#0"},
				"south": {"uv": [12.01563, 16, 16, 0], "texture": "#0"},
				"west": {"uv": [12.01563, 16, 16, 0], "texture": "#0"},
				"up": {"uv": [12.01563, 16, 16, 0], "texture": "#0"},
				"down": {"uv": [12.01563, 16, 16, 0], "texture": "#0"}
			}
		},
		{
			"name": "hexadecagon",
			"from": [7.7374, 7.868, 8.98981],
			"to": [8.26253, 8.1155, 9.31981],
			"rotation": {"angle": 22.5, "axis": "y", "origin": [8, 8, 8]},
			"faces": {
				"north": {"uv": [12.01563, 16, 16, 0], "texture": "#0"},
				"east": {"uv": [12.01563, 16, 16, 0], "texture": "#0"},
				"south": {"uv": [12.01563, 16, 16, 0], "texture": "#0"},
				"west": {"uv": [12.01563, 16, 16, 0], "texture": "#0"},
				"up": {"uv": [12.01563, 16, 16, 0], "rotation": 90, "texture": "#0"},
				"down": {"uv": [12.01563, 16, 16, 0], "rotation": 270, "texture": "#0"}
			}
		},
		{
			"name": "hexadecagon",
			"from": [7.68695, 7.736, 9.49128],
			"to": [8.34336, 8.2475, 9.65628],
			"faces": {
				"north": {"uv": [0.5, 0, 0, 0.5], "texture": "#1"},
				"east": {"uv": [0.5, 0, 0, 0.5], "texture": "#1"},
				"south": {"uv": [0.5, 0, 0, 0.5], "texture": "#1"},
				"west": {"uv": [0.5, 0, 0, 0.5], "texture": "#1"},
				"up": {"uv": [12, 16, 16, 0], "texture": "#1"},
				"down": {"uv": [0, 0.5, 0.5, 0], "texture": "#1"}
			}
		},
		{
			"name": "hexadecagon",
			"from": [7.68, 7.736, 9.48663],
			"to": [8.33641, 8.2475, 9.65163],
			"rotation": {"angle": -22.5, "axis": "y", "origin": [8, 8, 8]},
			"faces": {
				"north": {"uv": [0.5, 0, 0, 0.5], "texture": "#1"},
				"east": {"uv": [0.5, 0, 0, 0.5], "texture": "#1"},
				"south": {"uv": [0.5, 0, 0, 0.5], "texture": "#1"},
				"west": {"uv": [0.5, 0, 0, 0.5], "texture": "#1"},
				"up": {"uv": [12, 16, 16, 0], "texture": "#1"},
				"down": {"uv": [0, 0.5, 0.5, 0], "texture": "#1"}
			}
		},
		{
			"name": "hexadecagon",
			"from": [7.6718, 7.736, 9.485],
			"to": [8.3282, 8.2475, 9.65],
			"rotation": {"angle": -45, "axis": "y", "origin": [8, 8, 8]},
			"faces": {
				"north": {"uv": [0.5, 0, 0, 0.5], "texture": "#1"},
				"east": {"uv": [0.5, 0, 0, 0.5], "texture": "#1"},
				"south": {"uv": [0.5, 0, 0, 0.5], "texture": "#1"},
				"west": {"uv": [0.5, 0, 0, 0.5], "texture": "#1"},
				"up": {"uv": [12, 16, 16, 0], "texture": "#1"},
				"down": {"uv": [0, 0.5, 0.5, 0], "texture": "#1"}
			}
		},
		{
			"name": "hexadecagon",
			"from": [6.34837, 7.736, 7.66359],
			"to": [6.51337, 8.2475, 8.32],
			"rotation": {"angle": 22.5, "axis": "y", "origin": [8, 8, 8]},
			"faces": {
				"north": {"uv": [0.5, 0, 0, 0.5], "texture": "#1"},
				"east": {"uv": [0.5, 0, 0, 0.5], "texture": "#1"},
				"south": {"uv": [0.5, 0, 0, 0.5], "texture": "#1"},
				"west": {"uv": [0.5, 0, 0, 0.5], "texture": "#1"},
				"up": {"uv": [12, 16, 16, 0], "rotation": 90, "texture": "#1"},
				"down": {"uv": [0, 0.5, 0.5, 0], "rotation": 270, "texture": "#1"}
			}
		},
		{
			"name": "hexadecagon",
			"from": [6.36515, 7.736, 7.67807],
			"to": [6.53015, 8.2475, 8.33448],
			"faces": {
				"north": {"uv": [0.5, 0, 0, 0.5], "texture": "#1"},
				"east": {"uv": [0.5, 0, 0, 0.5], "texture": "#1"},
				"south": {"uv": [0.5, 0, 0, 0.5], "texture": "#1"},
				"west": {"uv": [0.5, 0, 0, 0.5], "texture": "#1"},
				"up": {"uv": [12, 16, 16, 0], "rotation": 90, "texture": "#1"},
				"down": {"uv": [0, 0.5, 0.5, 0], "rotation": 270, "texture": "#1"}
			}
		},
		{
			"name": "hexadecagon",
			"from": [7.68695, 7.736, 6.35628],
			"to": [8.34336, 8.2475, 6.52128],
			"faces": {
				"north": {"uv": [0.5, 0, 0, 0.5], "texture": "#1"},
				"east": {"uv": [0.5, 0, 0, 0.5], "texture": "#1"},
				"south": {"uv": [0.5, 0, 0, 0.5], "texture": "#1"},
				"west": {"uv": [0.5, 0, 0, 0.5], "texture": "#1"},
				"up": {"uv": [12, 16, 16, 0], "texture": "#1"},
				"down": {"uv": [0, 0.5, 0.5, 0], "texture": "#1"}
			}
		},
		{
			"name": "hexadecagon",
			"from": [7.68, 7.736, 6.35163],
			"to": [8.17141, 8.2475, 6.51663],
			"rotation": {"angle": -22.5, "axis": "y", "origin": [8, 8, 8]},
			"faces": {
				"north": {"uv": [0.5, 0, 0, 0.5], "texture": "#1"},
				"east": {"uv": [0.5, 0, 0, 0.5], "texture": "#1"},
				"south": {"uv": [0.5, 0, 0, 0.5], "texture": "#1"},
				"west": {"uv": [0.5, 0, 0, 0.5], "texture": "#1"},
				"up": {"uv": [12, 16, 16, 0], "texture": "#1"},
				"down": {"uv": [0, 0.5, 0.5, 0], "texture": "#1"}
			}
		},
		{
			"name": "hexadecagon",
			"from": [9.48337, 7.736, 7.82859],
			"to": [9.64837, 8.2475, 8.32],
			"rotation": {"angle": 22.5, "axis": "y", "origin": [8, 8, 8]},
			"faces": {
				"north": {"uv": [0.5, 0, 0, 0.5], "texture": "#1"},
				"east": {"uv": [0.5, 0, 0, 0.5], "texture": "#1"},
				"south": {"uv": [0.5, 0, 0, 0.5], "texture": "#1"},
				"west": {"uv": [0.5, 0, 0, 0.5], "texture": "#1"},
				"up": {"uv": [12, 16, 16, 0], "rotation": 90, "texture": "#1"},
				"down": {"uv": [0, 0.5, 0.5, 0], "rotation": 270, "texture": "#1"}
			}
		},
		{
			"name": "hexadecagon",
			"from": [9.50015, 7.736, 7.67807],
			"to": [9.66515, 8.2475, 8.33448],
			"faces": {
				"north": {"uv": [0.5, 0, 0, 0.5], "texture": "#1"},
				"east": {"uv": [0.5, 0, 0, 0.5], "texture": "#1"},
				"south": {"uv": [0.5, 0, 0, 0.5], "texture": "#1"},
				"west": {"uv": [0.5, 0, 0, 0.5], "texture": "#1"},
				"up": {"uv": [12, 16, 16, 0], "rotation": 90, "texture": "#1"},
				"down": {"uv": [0, 0.5, 0.5, 0], "rotation": 270, "texture": "#1"}
			}
		},
		{
			"name": "hexadecagon",
			"from": [6.3582, 7.736, 7.67343],
			"to": [6.5232, 8.2475, 8.32984],
			"rotation": {"angle": -22.5, "axis": "y", "origin": [8, 8, 8]},
			"faces": {
				"north": {"uv": [0.5, 0, 0, 0.5], "texture": "#1"},
				"east": {"uv": [0.5, 0, 0, 0.5], "texture": "#1"},
				"south": {"uv": [0.5, 0, 0, 0.5], "texture": "#1"},
				"west": {"uv": [0.5, 0, 0, 0.5], "texture": "#1"},
				"up": {"uv": [12, 16, 16, 0], "texture": "#1"},
				"down": {"uv": [0, 0.5, 0.5, 0], "texture": "#1"}
			}
		},
		{
			"name": "hexadecagon",
			"from": [6.35, 7.736, 7.6718],
			"to": [6.515, 8.2475, 8.3282],
			"rotation": {"angle": -45, "axis": "y", "origin": [8, 8, 8]},
			"faces": {
				"north": {"uv": [0.5, 0, 0, 0.5], "texture": "#1"},
				"east": {"uv": [0.5, 0, 0, 0.5], "texture": "#1"},
				"south": {"uv": [0.5, 0, 0, 0.5], "texture": "#1"},
				"west": {"uv": [0.5, 0, 0, 0.5], "texture": "#1"},
				"up": {"uv": [12, 16, 16, 0], "texture": "#1"},
				"down": {"uv": [0, 0.5, 0.5, 0], "texture": "#1"}
			}
		},
		{
			"name": "hexadecagon",
			"from": [7.67016, 7.736, 6.3418],
			"to": [8.32657, 8.2475, 6.5068],
			"rotation": {"angle": 22.5, "axis": "y", "origin": [8, 8, 8]},
			"faces": {
				"north": {"uv": [0.5, 0, 0, 0.5], "texture": "#1"},
				"east": {"uv": [0.5, 0, 0, 0.5], "texture": "#1"},
				"south": {"uv": [0.5, 0, 0, 0.5], "texture": "#1"},
				"west": {"uv": [0.5, 0, 0, 0.5], "texture": "#1"},
				"up": {"uv": [12, 16, 16, 0], "rotation": 90, "texture": "#1"},
				"down": {"uv": [0, 0.5, 0.5, 0], "rotation": 270, "texture": "#1"}
			}
		},
		{
			"name": "hexadecagon",
			"from": [9.4932, 7.736, 7.67343],
			"to": [9.6582, 8.2475, 8.32984],
			"rotation": {"angle": -22.5, "axis": "y", "origin": [8, 8, 8]},
			"faces": {
				"north": {"uv": [0.5, 0, 0, 0.5], "texture": "#1"},
				"east": {"uv": [0.5, 0, 0, 0.5], "texture": "#1"},
				"south": {"uv": [0.5, 0, 0, 0.5], "texture": "#1"},
				"west": {"uv": [0.5, 0, 0, 0.5], "texture": "#1"},
				"up": {"uv": [12, 16, 16, 0], "texture": "#1"},
				"down": {"uv": [0, 0.5, 0.5, 0], "texture": "#1"}
			}
		},
		{
			"name": "hexadecagon",
			"from": [9.485, 7.736, 7.6718],
			"to": [9.65, 8.2475, 8.3282],
			"rotation": {"angle": -45, "axis": "y", "origin": [8, 8, 8]},
			"faces": {
				"north": {"uv": [0.5, 0, 0, 0.5], "texture": "#1"},
				"east": {"uv": [0.5, 0, 0, 0.5], "texture": "#1"},
				"south": {"uv": [0.5, 0, 0, 0.5], "texture": "#1"},
				"west": {"uv": [0.5, 0, 0, 0.5], "texture": "#1"},
				"up": {"uv": [12, 16, 16, 0], "texture": "#1"},
				"down": {"uv": [0, 0.5, 0.5, 0], "texture": "#1"}
			}
		},
		{
			"name": "hexadecagon",
			"from": [7.67016, 7.736, 9.4768],
			"to": [8.32657, 8.2475, 9.6418],
			"rotation": {"angle": 22.5, "axis": "y", "origin": [8, 8, 8]},
			"faces": {
				"north": {"uv": [0.5, 0, 0, 0.5], "texture": "#1"},
				"east": {"uv": [0.5, 0, 0, 0.5], "texture": "#1"},
				"south": {"uv": [0.5, 0, 0, 0.5], "texture": "#1"},
				"west": {"uv": [0.5, 0, 0, 0.5], "texture": "#1"},
				"up": {"uv": [12, 16, 16, 0], "rotation": 90, "texture": "#1"},
				"down": {"uv": [0, 0.5, 0.5, 0], "rotation": 270, "texture": "#1"}
			}
		},
		{
			"from": [9.08625, 7.7855, 7.9343],
			"to": [9.20175, 8.198, 8.06343],
			"faces": {
				"north": {"uv": [16, 0, 12.07813, 16], "texture": "#0"},
				"east": {"uv": [16, 0, 12.07813, 16], "texture": "#0"},
				"south": {"uv": [16, 0, 12.07813, 16], "texture": "#0"},
				"west": {"uv": [16, 0, 12.07813, 16], "texture": "#0"},
				"up": {"uv": [16, 0, 12.07813, 16], "rotation": 90, "texture": "#0"},
				"down": {"uv": [16, 0, 12.07813, 16], "rotation": 270, "texture": "#0"}
			}
		},
		{
			"from": [7.93269, 7.7855, 6.79436],
			"to": [8.06181, 8.198, 6.90986],
			"faces": {
				"north": {"uv": [16, 0, 12.07813, 16], "texture": "#0"},
				"east": {"uv": [16, 0, 12.07813, 16], "texture": "#0"},
				"south": {"uv": [16, 0, 12.07813, 16], "texture": "#0"},
				"west": {"uv": [16, 0, 12.07813, 16], "texture": "#0"},
				"up": {"uv": [16, 0, 12.07813, 16], "texture": "#0"},
				"down": {"uv": [16, 0, 12.07813, 16], "texture": "#0"}
			}
		},
		{
			"from": [6.80925, 7.7855, 7.9343],
			"to": [6.92475, 8.198, 8.06343],
			"faces": {
				"north": {"uv": [16, 0, 12.07813, 16], "texture": "#0"},
				"east": {"uv": [16, 0, 12.07813, 16], "texture": "#0"},
				"south": {"uv": [16, 0, 12.07813, 16], "texture": "#0"},
				"west": {"uv": [16, 0, 12.07813, 16], "texture": "#0"},
				"up": {"uv": [16, 0, 12.07813, 16], "rotation": 90, "texture": "#0"},
				"down": {"uv": [16, 0, 12.07813, 16], "rotation": 270, "texture": "#0"}
			}
		},
		{
			"from": [7.93269, 7.7855, 9.07136],
			"to": [8.06181, 8.198, 9.18686],
			"faces": {
				"north": {"uv": [16, 0, 12.07813, 16], "texture": "#0"},
				"east": {"uv": [16, 0, 12.07813, 16], "texture": "#0"},
				"south": {"uv": [16, 0, 12.07813, 16], "texture": "#0"},
				"west": {"uv": [16, 0, 12.07813, 16], "texture": "#0"},
				"up": {"uv": [16, 0, 12.07813, 16], "texture": "#0"},
				"down": {"uv": [16, 0, 12.07813, 16], "texture": "#0"}
			}
		},
		{
			"from": [9.11925, 7.769, 7.9673],
			"to": [9.16875, 8.2145, 8.03043],
			"faces": {
				"north": {"uv": [16, 0.0625, 12.25, 16], "texture": "#1"},
				"east": {"uv": [16, 0.0625, 12.25, 16], "texture": "#1"},
				"south": {"uv": [16, 0.0625, 12.25, 16], "texture": "#1"},
				"west": {"uv": [16, 0.0625, 12.25, 16], "texture": "#1"},
				"up": {"uv": [16, 0.0625, 12.25, 16], "rotation": 90, "texture": "#1"},
				"down": {"uv": [16, 0.0625, 12.25, 16], "rotation": 270, "texture": "#1"}
			}
		},
		{
			"from": [7.96569, 7.769, 6.82736],
			"to": [8.02881, 8.2145, 6.87686],
			"faces": {
				"north": {"uv": [16, 0.0625, 12.25, 16], "texture": "#1"},
				"east": {"uv": [16, 0.0625, 12.25, 16], "texture": "#1"},
				"south": {"uv": [16, 0.0625, 12.25, 16], "texture": "#1"},
				"west": {"uv": [16, 0.0625, 12.25, 16], "texture": "#1"},
				"up": {"uv": [16, 0.0625, 12.25, 16], "texture": "#1"},
				"down": {"uv": [16, 0.0625, 12.25, 16], "texture": "#1"}
			}
		},
		{
			"from": [6.84225, 7.769, 7.9673],
			"to": [6.89175, 8.2145, 8.03043],
			"faces": {
				"north": {"uv": [16, 0.0625, 12.25, 16], "texture": "#1"},
				"east": {"uv": [16, 0.0625, 12.25, 16], "texture": "#1"},
				"south": {"uv": [16, 0.0625, 12.25, 16], "texture": "#1"},
				"west": {"uv": [16, 0.0625, 12.25, 16], "texture": "#1"},
				"up": {"uv": [16, 0.0625, 12.25, 16], "rotation": 90, "texture": "#1"},
				"down": {"uv": [16, 0.0625, 12.25, 16], "rotation": 270, "texture": "#1"}
			}
		},
		{
			"from": [7.96569, 7.769, 9.10436],
			"to": [8.02881, 8.2145, 9.15386],
			"faces": {
				"north": {"uv": [16, 0.0625, 12.25, 16], "texture": "#1"},
				"east": {"uv": [16, 0.0625, 12.25, 16], "texture": "#1"},
				"south": {"uv": [16, 0.0625, 12.25, 16], "texture": "#1"},
				"west": {"uv": [16, 0.0625, 12.25, 16], "texture": "#1"},
				"up": {"uv": [16, 0.0625, 12.25, 16], "texture": "#1"},
				"down": {"uv": [16, 0.0625, 12.25, 16], "texture": "#1"}
			}
		},
		{
			"name": "hexadecagon",
			"from": [6.88097, 7.8515, 5.90945],
			"to": [6.99144, 8.132, 6.22295],
			"rotation": {"angle": -45, "axis": "y", "origin": [8, 8, 8]},
			"faces": {
				"north": {"uv": [9.92188, 0, 16, 15.98438], "texture": "#1"},
				"east": {"uv": [9.92188, 0, 16, 15.98438], "texture": "#1"},
				"south": {"uv": [9.92188, 0, 16, 15.98438], "texture": "#1"},
				"west": {"uv": [9.92188, 0, 16, 15.98438], "texture": "#1"},
				"up": {"uv": [9.92188, 0, 16, 15.98438], "texture": "#1"},
				"down": {"uv": [9.92188, 0, 16, 15.98438], "texture": "#1"}
			}
		},
		{
			"name": "hexadecagon",
			"from": [9.00856, 7.8515, 5.90945],
			"to": [9.11903, 8.132, 6.22295],
			"rotation": {"angle": -45, "axis": "y", "origin": [8, 8, 8]},
			"faces": {
				"north": {"uv": [9.92188, 0, 16, 15.98438], "texture": "#1"},
				"east": {"uv": [9.92188, 0, 16, 15.98438], "texture": "#1"},
				"south": {"uv": [9.92188, 0, 16, 15.98438], "texture": "#1"},
				"west": {"uv": [9.92188, 0, 16, 15.98438], "texture": "#1"},
				"up": {"uv": [9.92188, 0, 16, 15.98438], "texture": "#1"},
				"down": {"uv": [9.92188, 0, 16, 15.98438], "texture": "#1"}
			}
		},
		{
			"name": "hexadecagon",
			"from": [9.00856, 7.8515, 9.77705],
			"to": [9.11903, 8.132, 10.09055],
			"rotation": {"angle": -45, "axis": "y", "origin": [8, 8, 8]},
			"faces": {
				"north": {"uv": [9.92188, 0, 16, 15.98438], "texture": "#1"},
				"east": {"uv": [9.92188, 0, 16, 15.98438], "texture": "#1"},
				"south": {"uv": [9.92188, 0, 16, 15.98438], "texture": "#1"},
				"west": {"uv": [9.92188, 0, 16, 15.98438], "texture": "#1"},
				"up": {"uv": [9.92188, 0, 16, 15.98438], "texture": "#1"},
				"down": {"uv": [9.92188, 0, 16, 15.98438], "texture": "#1"}
			}
		},
		{
			"name": "hexadecagon",
			"from": [6.88097, 7.8515, 9.77705],
			"to": [6.99144, 8.132, 10.09055],
			"rotation": {"angle": -45, "axis": "y", "origin": [8, 8, 8]},
			"faces": {
				"north": {"uv": [9.92188, 0, 16, 15.98438], "texture": "#1"},
				"east": {"uv": [9.92188, 0, 16, 15.98438], "texture": "#1"},
				"south": {"uv": [9.92188, 0, 16, 15.98438], "texture": "#1"},
				"west": {"uv": [9.92188, 0, 16, 15.98438], "texture": "#1"},
				"up": {"uv": [9.92188, 0, 16, 15.98438], "texture": "#1"},
				"down": {"uv": [9.92188, 0, 16, 15.98438], "texture": "#1"}
			}
		}
	],
	"display": {
		"thirdperson_righthand": {
			"rotation": [0, 0, 90],
			"translation": [0, -2, -1.25],
			"scale": [0.56, 0.56, 0.56]
		},
		"thirdperson_lefthand": {
			"rotation": [0, 0, 90],
			"translation": [0, -2, -1.25],
			"scale": [0.56, 0.56, 0.56]
		},
		"firstperson_righthand": {
			"rotation": [0, 0, -109],
			"translation": [0, 2.5, 0]
		},
		"firstperson_lefthand": {
			"rotation": [0, 0, -109],
			"translation": [0, 2.5, 0]
		},
		"ground": {
			"scale": [0.56, 0.56, 0.56]
		},
		"gui": {
			"rotation": [90, -180, 0]
		},
		"head": {
			"rotation": [45, 45, 0],
			"translation": [0, -13.5, 12.25],
			"scale": [3, 3, 3]
		},
		"fixed": {
			"rotation": [90, -180, 0],
			"translation": [0, 0, -0.75]
		}
	},
	"groups": [
		{
			"name": "WingChute",
			"origin": [8, 8, 8],
			"children": [
				{
					"name": "Wings",
					"origin": [10, 8, 6],
					"children": [
						{
							"name": "TopLeft",
							"origin": [10, 8, 6],
							"children": [0, 1]
						},
						{
							"name": "TopRight",
							"origin": [10, 8, 6],
							"children": [2, 3]
						},
						{
							"name": "BackLeft",
							"origin": [10, 8, 6],
							"children": [4, 5]
						},
						{
							"name": "BackRight",
							"origin": [10, 8, 6],
							"children": [6, 7]
						}
					]
				},
				{
					"name": "Pack",
					"origin": [8, 8, 8],
					"children": [
						{
							"name": "Accent",
							"origin": [8, 8, 8],
							"children": [8, 9, 10, 11, 12, 13, 14, 15, 16, 17, 18, 19, 20, 21, 22, 23]
						},
						{
							"name": "Body",
							"origin": [8, 8, 8],
							"children": [24, 25, 26, 27, 28, 29, 30, 31, 32, 33, 34, 35, 36, 37, 38, 39]
						},
						{
							"name": "disc_back",
							"origin": [8, 8, 8],
							"children": [
								{
									"name": "hexadecagon",
									"origin": [8, 8, 8],
									"children": [40, 41, 42, 43, 44, 45, 46, 47, 48, 49, 50, 51, 52, 53, 54, 55]
								},
								{
									"name": "hexadecagon",
									"origin": [8, 8, 8],
									"children": [56, 57, 58, 59, 60, 61, 62, 63, 64, 65, 66, 67, 68, 69, 70, 71]
								},
								{
									"name": "hexadecagon",
									"origin": [8, 8, 8],
									"children": [72, 73, 74, 75, 76, 77, 78, 79, 80, 81, 82, 83, 84, 85, 86, 87]
								},
								{
									"name": "hexadecagon",
									"origin": [8, 8, 8],
									"children": [88, 89, 90, 91, 92, 93, 94, 95, 96, 97, 98, 99, 100, 101, 102]
								},
								{
									"name": "group",
									"origin": [8, 8.5, 8],
									"children": [
										{
											"name": "group",
											"origin": [8, 8.5, 8],
											"children": [103, 104, 105, 106]
										},
										{
											"name": "group",
											"origin": [8, 8.5, 8],
											"children": [107, 108, 109, 110]
										}
									]
								},
								{
									"name": "group",
									"origin": [8, 8.25, 8],
									"children": [111, 112, 113, 114]
								}
							]
						}
					]
				}
			]
		}
	]
}