{
	"credit": "Made with Blockbench",
	"ambientocclusion": false,
	"texture_size": [1024, 1024],
	"textures": {
		"0": "wingchutes/base_white",
		"1": "wingchutes/glow_orange"
	},
	"elements": [
		{
			"name": "hexadecagon",
			"from": [6.95572, 7.75, 2.75],
			"to": [9.04428, 8.25, 3.25],
			"faces": {
				"north": {"uv": [8, 0, 16, 16], "texture": "#1"},
				"east": {"uv": [8, 0, 16, 16], "texture": "#1"},
				"south": {"uv": [8, 0, 16, 16], "texture": "#1"},
				"west": {"uv": [8, 0, 16, 16], "texture": "#1"},
				"up": {"uv": [12, 0, 16, 16], "texture": "#1"},
				"down": {"uv": [8, 0, 16, 16], "texture": "#1"}
			}
		},
		{
			"name": "hexadecagon",
			"from": [6.95572, 7.75, 2.75],
			"to": [9.04428, 8.25, 3.25],
			"rotation": {"angle": 22.5, "axis": "y", "origin": [8, 8, 8]},
			"faces": {
				"north": {"uv": [8, 0, 16, 16], "texture": "#1"},
				"east": {"uv": [8, 0, 16, 16], "texture": "#1"},
				"south": {"uv": [8, 0, 16, 16], "texture": "#1"},
				"west": {"uv": [8, 0, 16, 16], "texture": "#1"},
				"up": {"uv": [12, 0, 16, 16], "texture": "#1"},
				"down": {"uv": [8, 0, 16, 16], "texture": "#1"}
			}
		},
		{
			"name": "hexadecagon",
			"from": [6.95572, 7.75, 2.75],
			"to": [9.04428, 8.25, 3.25],
			"rotation": {"angle": 45, "axis": "y", "origin": [8, 8, 8]},
			"faces": {
				"north": {"uv": [8, 0, 16, 16], "texture": "#1"},
				"east": {"uv": [8, 0, 16, 16], "texture": "#1"},
				"south": {"uv": [8, 0, 16, 16], "texture": "#1"},
				"west": {"uv": [8, 0, 16, 16], "texture": "#1"},
				"up": {"uv": [12, 0, 16, 16], "texture": "#1"},
				"down": {"uv": [8, 0, 16, 16], "texture": "#1"}
			}
		},
		{
			"name": "hexadecagon",
			"from": [2.75, 7.75, 6.95572],
			"to": [3.25, 8.25, 9.04428],
			"rotation": {"angle": -22.5, "axis": "y", "origin": [8, 8, 8]},
			"faces": {
				"north": {"uv": [8, 0, 16, 16], "texture": "#1"},
				"east": {"uv": [8, 0, 16, 16], "texture": "#1"},
				"south": {"uv": [8, 0, 16, 16], "texture": "#1"},
				"west": {"uv": [8, 0, 16, 16], "texture": "#1"},
				"up": {"uv": [12, 0, 16, 16], "rotation": 270, "texture": "#1"},
				"down": {"uv": [8, 0, 16, 16], "rotation": 90, "texture": "#1"}
			}
		},
		{
			"name": "hexadecagon",
			"from": [2.75, 7.75, 6.95572],
			"to": [3.25, 8.25, 9.04428],
			"faces": {
				"north": {"uv": [8, 0, 16, 16], "texture": "#1"},
				"east": {"uv": [8, 0, 16, 16], "texture": "#1"},
				"south": {"uv": [8, 0, 16, 16], "texture": "#1"},
				"west": {"uv": [8, 0, 16, 16], "texture": "#1"},
				"up": {"uv": [12, 0, 16, 16], "rotation": 270, "texture": "#1"},
				"down": {"uv": [8, 0, 16, 16], "rotation": 90, "texture": "#1"}
			}
		},
		{
			"name": "hexadecagon",
			"from": [6.95572, 7.75, 12.75],
			"to": [9.04428, 8.25, 13.25],
			"faces": {
				"north": {"uv": [8, 0, 16, 16], "texture": "#1"},
				"east": {"uv": [8, 0, 16, 16], "texture": "#1"},
				"south": {"uv": [8, 0, 16, 16], "texture": "#1"},
				"west": {"uv": [8, 0, 16, 16], "texture": "#1"},
				"up": {"uv": [12, 0, 16, 16], "texture": "#1"},
				"down": {"uv": [8, 0, 16, 16], "texture": "#1"}
			}
		},
		{
			"name": "hexadecagon",
			"from": [6.95572, 7.75, 12.75],
			"to": [9.04428, 8.25, 13.25],
			"rotation": {"angle": 22.5, "axis": "y", "origin": [8, 8, 8]},
			"faces": {
				"north": {"uv": [8, 0, 16, 16], "texture": "#1"},
				"east": {"uv": [8, 0, 16, 16], "texture": "#1"},
				"south": {"uv": [8, 0, 16, 16], "texture": "#1"},
				"west": {"uv": [8, 0, 16, 16], "texture": "#1"},
				"up": {"uv": [12, 0, 16, 16], "texture": "#1"},
				"down": {"uv": [8, 0, 16, 16], "texture": "#1"}
			}
		},
		{
			"name": "hexadecagon",
			"from": [6.95572, 7.75, 12.75],
			"to": [9.04428, 8.25, 13.25],
			"rotation": {"angle": 45, "axis": "y", "origin": [8, 8, 8]},
			"faces": {
				"north": {"uv": [8, 0, 16, 16], "texture": "#1"},
				"east": {"uv": [8, 0, 16, 16], "texture": "#1"},
				"south": {"uv": [8, 0, 16, 16], "texture": "#1"},
				"west": {"uv": [8, 0, 16, 16], "texture": "#1"},
				"up": {"uv": [12, 0, 16, 16], "texture": "#1"},
				"down": {"uv": [8, 0, 16, 16], "texture": "#1"}
			}
		},
		{
			"name": "hexadecagon",
			"from": [12.75, 7.75, 6.95572],
			"to": [13.25, 8.25, 9.04428],
			"rotation": {"angle": -22.5, "axis": "y", "origin": [8, 8, 8]},
			"faces": {
				"north": {"uv": [8, 0, 16, 16], "texture": "#1"},
				"east": {"uv": [8, 0, 16, 16], "texture": "#1"},
				"south": {"uv": [8, 0, 16, 16], "texture": "#1"},
				"west": {"uv": [8, 0, 16, 16], "texture": "#1"},
				"up": {"uv": [12, 0, 16, 16], "rotation": 270, "texture": "#1"},
				"down": {"uv": [8, 0, 16, 16], "rotation": 90, "texture": "#1"}
			}
		},
		{
			"name": "hexadecagon",
			"from": [12.75, 7.75, 6.95572],
			"to": [13.25, 8.25, 9.04428],
			"faces": {
				"north": {"uv": [8, 0, 16, 16], "texture": "#1"},
				"east": {"uv": [8, 0, 16, 16], "texture": "#1"},
				"south": {"uv": [8, 0, 16, 16], "texture": "#1"},
				"west": {"uv": [8, 0, 16, 16], "texture": "#1"},
				"up": {"uv": [12, 0, 16, 16], "rotation": 270, "texture": "#1"},
				"down": {"uv": [8, 0, 16, 16], "rotation": 90, "texture": "#1"}
			}
		},
		{
			"name": "hexadecagon",
			"from": [2.75, 7.75, 6.95572],
			"to": [3.25, 8.25, 9.04428],
			"rotation": {"angle": 22.5, "axis": "y", "origin": [8, 8, 8]},
			"faces": {
				"north": {"uv": [8, 0, 16, 16], "texture": "#1"},
				"east": {"uv": [8, 0, 16, 16], "texture": "#1"},
				"south": {"uv": [8, 0, 16, 16], "texture": "#1"},
				"west": {"uv": [8, 0, 16, 16], "texture": "#1"},
				"up": {"uv": [12, 0, 16, 16], "texture": "#1"},
				"down": {"uv": [8, 0, 16, 16], "texture": "#1"}
			}
		},
		{
			"name": "hexadecagon",
			"from": [2.75, 7.75, 6.95572],
			"to": [3.25, 8.25, 9.04428],
			"rotation": {"angle": 45, "axis": "y", "origin": [8, 8, 8]},
			"faces": {
				"north": {"uv": [8, 0, 16, 16], "texture": "#1"},
				"east": {"uv": [8, 0, 16, 16], "texture": "#1"},
				"south": {"uv": [8, 0, 16, 16], "texture": "#1"},
				"west": {"uv": [8, 0, 16, 16], "texture": "#1"},
				"up": {"uv": [12, 0, 16, 16], "texture": "#1"},
				"down": {"uv": [8, 0, 16, 16], "texture": "#1"}
			}
		},
		{
			"name": "hexadecagon",
			"from": [6.95572, 7.75, 12.75],
			"to": [9.04428, 8.25, 13.25],
			"rotation": {"angle": -22.5, "axis": "y", "origin": [8, 8, 8]},
			"faces": {
				"north": {"uv": [8, 0, 16, 16], "texture": "#1"},
				"east": {"uv": [8, 0, 16, 16], "texture": "#1"},
				"south": {"uv": [8, 0, 16, 16], "texture": "#1"},
				"west": {"uv": [8, 0, 16, 16], "texture": "#1"},
				"up": {"uv": [12, 0, 16, 16], "rotation": 270, "texture": "#1"},
				"down": {"uv": [8, 0, 16, 16], "rotation": 90, "texture": "#1"}
			}
		},
		{
			"name": "hexadecagon",
			"from": [12.75, 7.75, 6.95572],
			"to": [13.25, 8.25, 9.04428],
			"rotation": {"angle": 22.5, "axis": "y", "origin": [8, 8, 8]},
			"faces": {
				"north": {"uv": [8, 0, 16, 16], "texture": "#1"},
				"east": {"uv": [8, 0, 16, 16], "texture": "#1"},
				"south": {"uv": [8, 0, 16, 16], "texture": "#1"},
				"west": {"uv": [8, 0, 16, 16], "texture": "#1"},
				"up": {"uv": [12, 0, 16, 16], "texture": "#1"},
				"down": {"uv": [8, 0, 16, 16], "texture": "#1"}
			}
		},
		{
			"name": "hexadecagon",
			"from": [12.75, 7.75, 6.95572],
			"to": [13.25, 8.25, 9.04428],
			"rotation": {"angle": 45, "axis": "y", "origin": [8, 8, 8]},
			"faces": {
				"north": {"uv": [8, 0, 16, 16], "texture": "#1"},
				"east": {"uv": [8, 0, 16, 16], "texture": "#1"},
				"south": {"uv": [8, 0, 16, 16], "texture": "#1"},
				"west": {"uv": [8, 0, 16, 16], "texture": "#1"},
				"up": {"uv": [12, 0, 16, 16], "texture": "#1"},
				"down": {"uv": [8, 0, 16, 16], "texture": "#1"}
			}
		},
		{
			"name": "hexadecagon",
			"from": [6.95572, 7.75, 2.75],
			"to": [9.04428, 8.25, 3.25],
			"rotation": {"angle": -22.5, "axis": "y", "origin": [8, 8, 8]},
			"faces": {
				"north": {"uv": [8, 0, 16, 16], "texture": "#1"},
				"east": {"uv": [8, 0, 16, 16], "texture": "#1"},
				"south": {"uv": [8, 0, 16, 16], "texture": "#1"},
				"west": {"uv": [8, 0, 16, 16], "texture": "#1"},
				"up": {"uv": [12, 0, 16, 16], "rotation": 270, "texture": "#1"},
				"down": {"uv": [8, 0, 16, 16], "rotation": 90, "texture": "#1"}
			}
		},
		{
			"name": "hexadecagon",
			"from": [6.80652, 7.8, 12],
			"to": [9.19348, 8.2, 14],
			"rotation": {"angle": 45, "axis": "y", "origin": [8, 8, 8]},
			"faces": {
				"north": {"uv": [8, 16, 16, 0], "texture": "#0"},
				"east": {"uv": [8, 16, 16, 0], "texture": "#0"},
				"south": {"uv": [8, 16, 16, 0], "texture": "#0"},
				"west": {"uv": [8, 16, 16, 0], "texture": "#0"},
				"up": {"uv": [12, 16, 16, 0], "texture": "#0"},
				"down": {"uv": [8, 16, 16, 0], "texture": "#0"}
			}
		},
		{
			"name": "hexadecagon",
			"from": [6.80652, 7.8, 12],
			"to": [9.19348, 8.2, 14],
			"rotation": {"angle": 22.5, "axis": "y", "origin": [8, 8, 8]},
			"faces": {
				"north": {"uv": [8, 16, 16, 0], "texture": "#0"},
				"east": {"uv": [8, 16, 16, 0], "texture": "#0"},
				"south": {"uv": [8, 16, 16, 0], "texture": "#0"},
				"west": {"uv": [8, 16, 16, 0], "texture": "#0"},
				"up": {"uv": [12, 16, 16, 0], "texture": "#0"},
				"down": {"uv": [8, 16, 16, 0], "texture": "#0"}
			}
		},
		{
			"name": "hexadecagon",
			"from": [5.50652, 7.8, 12],
			"to": [10.49348, 8.2, 17.7],
			"faces": {
				"north": {"uv": [8, 16, 16, 0], "texture": "#0"},
				"east": {"uv": [8, 16, 16, 0], "texture": "#0"},
				"south": {"uv": [8, 16, 16, 0], "texture": "#0"},
				"west": {"uv": [8, 16, 16, 0], "texture": "#0"},
				"up": {"uv": [12, 16, 16, 0], "texture": "#0"},
				"down": {"uv": [8, 16, 16, 0], "texture": "#0"}
			}
		},
		{
			"name": "hexadecagon",
			"from": [6.80652, 7.8, 12],
			"to": [9.19348, 8.2, 14],
			"rotation": {"angle": -22.5, "axis": "y", "origin": [8, 8, 8]},
			"faces": {
				"north": {"uv": [8, 16, 16, 0], "texture": "#0"},
				"east": {"uv": [8, 16, 16, 0], "texture": "#0"},
				"south": {"uv": [8, 16, 16, 0], "texture": "#0"},
				"west": {"uv": [8, 16, 16, 0], "texture": "#0"},
				"up": {"uv": [12, 16, 16, 0], "texture": "#0"},
				"down": {"uv": [8, 16, 16, 0], "texture": "#0"}
			}
		},
		{
			"name": "hexadecagon",
			"from": [2, 7.8, 6.80652],
			"to": [4, 8.2, 9.19348],
			"rotation": {"angle": 45, "axis": "y", "origin": [8, 8, 8]},
			"faces": {
				"north": {"uv": [8, 16, 16, 0], "texture": "#0"},
				"east": {"uv": [8, 16, 16, 0], "texture": "#0"},
				"south": {"uv": [8, 16, 16, 0], "texture": "#0"},
				"west": {"uv": [8, 16, 16, 0], "texture": "#0"},
				"up": {"uv": [12, 16, 16, 0], "rotation": 90, "texture": "#0"},
				"down": {"uv": [8, 16, 16, 0], "rotation": 270, "texture": "#0"}
			}
		},
		{
			"name": "hexadecagon",
			"from": [6.80652, 7.8, 2],
			"to": [9.19348, 8.2, 4],
			"rotation": {"angle": 45, "axis": "y", "origin": [8, 8, 8]},
			"faces": {
				"north": {"uv": [8, 16, 16, 0], "texture": "#0"},
				"east": {"uv": [8, 16, 16, 0], "texture": "#0"},
				"south": {"uv": [8, 16, 16, 0], "texture": "#0"},
				"west": {"uv": [8, 16, 16, 0], "texture": "#0"},
				"up": {"uv": [12, 16, 16, 0], "texture": "#0"},
				"down": {"uv": [8, 16, 16, 0], "texture": "#0"}
			}
		},
		{
			"name": "hexadecagon",
			"from": [6.80652, 7.8, 2],
			"to": [9.19348, 8.2, 4],
			"rotation": {"angle": 22.5, "axis": "y", "origin": [8, 8, 8]},
			"faces": {
				"north": {"uv": [8, 16, 16, 0], "texture": "#0"},
				"east": {"uv": [8, 16, 16, 0], "texture": "#0"},
				"south": {"uv": [8, 16, 16, 0], "texture": "#0"},
				"west": {"uv": [8, 16, 16, 0], "texture": "#0"},
				"up": {"uv": [12, 16, 16, 0], "texture": "#0"},
				"down": {"uv": [8, 16, 16, 0], "texture": "#0"}
			}
		},
		{
			"name": "hexadecagon",
			"from": [6.80652, 7.8, 2],
			"to": [9.19348, 8.2, 4],
			"faces": {
				"north": {"uv": [8, 16, 16, 0], "texture": "#0"},
				"east": {"uv": [8, 16, 16, 0], "texture": "#0"},
				"south": {"uv": [8, 16, 16, 0], "texture": "#0"},
				"west": {"uv": [8, 16, 16, 0], "texture": "#0"},
				"up": {"uv": [12, 16, 16, 0], "texture": "#0"},
				"down": {"uv": [8, 16, 16, 0], "texture": "#0"}
			}
		},
		{
			"name": "hexadecagon",
			"from": [6.80652, 7.8, 2],
			"to": [9.19348, 8.2, 4],
			"rotation": {"angle": -22.5, "axis": "y", "origin": [8, 8, 8]},
			"faces": {
				"north": {"uv": [8, 16, 16, 0], "texture": "#0"},
				"east": {"uv": [8, 16, 16, 0], "texture": "#0"},
				"south": {"uv": [8, 16, 16, 0], "texture": "#0"},
				"west": {"uv": [8, 16, 16, 0], "texture": "#0"},
				"up": {"uv": [12, 16, 16, 0], "texture": "#0"},
				"down": {"uv": [8, 16, 16, 0], "texture": "#0"}
			}
		},
		{
			"name": "hexadecagon",
			"from": [12, 7.8, 6.80652],
			"to": [14, 8.2, 9.19348],
			"rotation": {"angle": 45, "axis": "y", "origin": [8, 8, 8]},
			"faces": {
				"north": {"uv": [8, 16, 16, 0], "texture": "#0"},
				"east": {"uv": [8, 16, 16, 0], "texture": "#0"},
				"south": {"uv": [8, 16, 16, 0], "texture": "#0"},
				"west": {"uv": [8, 16, 16, 0], "texture": "#0"},
				"up": {"uv": [12, 16, 16, 0], "rotation": 90, "texture": "#0"},
				"down": {"uv": [8, 16, 16, 0], "rotation": 270, "texture": "#0"}
			}
		},
		{
			"name": "hexadecagon",
			"from": [2, 7.8, 6.80652],
			"to": [4, 8.2, 15.99348],
			"rotation": {"angle": 22.5, "axis": "y", "origin": [8, 8, 8]},
			"faces": {
				"north": {"uv": [8, 16, 16, 0], "texture": "#0"},
				"east": {"uv": [8, 16, 16, 0], "texture": "#0"},
				"south": {"uv": [8, 16, 16, 0], "texture": "#0"},
				"west": {"uv": [8, 16, 16, 0], "texture": "#0"},
				"up": {"uv": [12, 16, 16, 0], "texture": "#0"},
				"down": {"uv": [8, 16, 16, 0], "texture": "#0"}
			}
		},
		{
			"name": "hexadecagon",
			"from": [2, 7.8, 6.80652],
			"to": [4, 8.2, 9.19348],
			"faces": {
				"north": {"uv": [8, 16, 16, 0], "texture": "#0"},
				"east": {"uv": [8, 16, 16, 0], "texture": "#0"},
				"south": {"uv": [8, 16, 16, 0], "texture": "#0"},
				"west": {"uv": [8, 16, 16, 0], "texture": "#0"},
				"up": {"uv": [12, 16, 16, 0], "texture": "#0"},
				"down": {"uv": [8, 16, 16, 0], "texture": "#0"}
			}
		},
		{
			"name": "hexadecagon",
			"from": [2, 7.8, 6.80652],
			"to": [4, 8.2, 9.19348],
			"rotation": {"angle": -22.5, "axis": "y", "origin": [8, 8, 8]},
			"faces": {
				"north": {"uv": [8, 16, 16, 0], "texture": "#0"},
				"east": {"uv": [8, 16, 16, 0], "texture": "#0"},
				"south": {"uv": [8, 16, 16, 0], "texture": "#0"},
				"west": {"uv": [8, 16, 16, 0], "texture": "#0"},
				"up": {"uv": [12, 16, 16, 0], "texture": "#0"},
				"down": {"uv": [8, 16, 16, 0], "texture": "#0"}
			}
		},
		{
			"name": "hexadecagon",
			"from": [12, 7.8, 6.80652],
			"to": [14, 8.2, 9.19348],
			"rotation": {"angle": 22.5, "axis": "y", "origin": [8, 8, 8]},
			"faces": {
				"north": {"uv": [8, 16, 16, 0], "texture": "#0"},
				"east": {"uv": [8, 16, 16, 0], "texture": "#0"},
				"south": {"uv": [8, 16, 16, 0], "texture": "#0"},
				"west": {"uv": [8, 16, 16, 0], "texture": "#0"},
				"up": {"uv": [12, 16, 16, 0], "texture": "#0"},
				"down": {"uv": [8, 16, 16, 0], "texture": "#0"}
			}
		},
		{
			"name": "hexadecagon",
			"from": [12, 7.8, 6.80652],
			"to": [14, 8.2, 9.19348],
			"faces": {
				"north": {"uv": [8, 16, 16, 0], "texture": "#0"},
				"east": {"uv": [8, 16, 16, 0], "texture": "#0"},
				"south": {"uv": [8, 16, 16, 0], "texture": "#0"},
				"west": {"uv": [8, 16, 16, 0], "texture": "#0"},
				"up": {"uv": [12, 16, 16, 0], "texture": "#0"},
				"down": {"uv": [8, 16, 16, 0], "texture": "#0"}
			}
		},
		{
			"name": "hexadecagon",
			"from": [12, 7.8, 6.80652],
			"to": [14, 8.2, 15.99348],
			"rotation": {"angle": -22.5, "axis": "y", "origin": [8, 8, 8]},
			"faces": {
				"north": {"uv": [8, 16, 16, 0], "texture": "#0"},
				"east": {"uv": [8, 16, 16, 0], "texture": "#0"},
				"south": {"uv": [8, 16, 16, 0], "texture": "#0"},
				"west": {"uv": [8, 16, 16, 0], "texture": "#0"},
				"up": {"uv": [12, 16, 16, 0], "texture": "#0"},
				"down": {"uv": [8, 16, 16, 0], "texture": "#0"}
			}
		},
		{
			"name": "hexadecagon",
			"from": [7.0817, 7.736, 11.96028],
			"to": [8.91966, 8.231, 12.62028],
			"rotation": {"angle": 45, "axis": "y", "origin": [8, 8, 8]},
			"faces": {
				"north": {"uv": [16, 0, 9.3125, 16], "texture": "#0"},
				"east": {"uv": [16, 0, 9.3125, 16], "texture": "#0"},
				"south": {"uv": [16, 0, 9.3125, 16], "texture": "#0"},
				"west": {"uv": [16, 0, 9.3125, 16], "texture": "#0"},
				"up": {"uv": [16, 0, 9.3125, 16], "texture": "#0"},
				"down": {"uv": [16, 0, 9.3125, 16], "texture": "#0"}
			}
		},
		{
			"name": "hexadecagon",
			"from": [7.0814, 7.736, 11.96008],
			"to": [8.91934, 8.231, 12.62008],
			"rotation": {"angle": 22.5, "axis": "y", "origin": [8, 8, 8]},
			"faces": {
				"north": {"uv": [16, 0, 9.3125, 16], "texture": "#0"},
				"east": {"uv": [16, 0, 9.3125, 16], "texture": "#0"},
				"south": {"uv": [16, 0, 9.3125, 16], "texture": "#0"},
				"west": {"uv": [16, 0, 9.3125, 16], "texture": "#0"},
				"up": {"uv": [16, 0, 9.3125, 16], "texture": "#0"},
				"down": {"uv": [16, 0, 9.3125, 16], "texture": "#0"}
			}
		},
		{
			"name": "hexadecagon",
			"from": [7.08102, 7.736, 11.96],
			"to": [8.91898, 8.231, 12.62],
			"faces": {
				"north": {"uv": [16, 0, 9.3125, 16], "texture": "#0"},
				"east": {"uv": [16, 0, 9.3125, 16], "texture": "#0"},
				"south": {"uv": [16, 0, 9.3125, 16], "texture": "#0"},
				"west": {"uv": [16, 0, 9.3125, 16], "texture": "#0"},
				"up": {"uv": [16, 0, 9.3125, 16], "texture": "#0"},
				"down": {"uv": [16, 0, 9.3125, 16], "texture": "#0"}
			}
		},
		{
			"name": "hexadecagon",
			"from": [7.08066, 7.736, 11.96008],
			"to": [8.9186, 8.231, 12.62008],
			"rotation": {"angle": -22.5, "axis": "y", "origin": [8, 8, 8]},
			"faces": {
				"north": {"uv": [16, 0, 9.3125, 16], "texture": "#0"},
				"east": {"uv": [16, 0, 9.3125, 16], "texture": "#0"},
				"south": {"uv": [16, 0, 9.3125, 16], "texture": "#0"},
				"west": {"uv": [16, 0, 9.3125, 16], "texture": "#0"},
				"up": {"uv": [16, 0, 9.3125, 16], "texture": "#0"},
				"down": {"uv": [16, 0, 9.3125, 16], "texture": "#0"}
			}
		},
		{
			"name": "hexadecagon",
			"from": [3.38068, 7.736, 7.0813],
			"to": [4.04068, 8.231, 8.91926],
			"rotation": {"angle": 45, "axis": "y", "origin": [8, 8, 8]},
			"faces": {
				"north": {"uv": [16, 0, 9.3125, 16], "texture": "#0"},
				"east": {"uv": [16, 0, 9.3125, 16], "texture": "#0"},
				"south": {"uv": [16, 0, 9.3125, 16], "texture": "#0"},
				"west": {"uv": [16, 0, 9.3125, 16], "texture": "#0"},
				"up": {"uv": [16, 0, 9.3125, 16], "rotation": 90, "texture": "#0"},
				"down": {"uv": [16, 0, 9.3125, 16], "rotation": 270, "texture": "#0"}
			}
		},
		{
			"name": "hexadecagon",
			"from": [7.0817, 7.736, 3.38028],
			"to": [8.91966, 8.231, 4.04028],
			"rotation": {"angle": 45, "axis": "y", "origin": [8, 8, 8]},
			"faces": {
				"north": {"uv": [16, 0, 9.3125, 16], "texture": "#0"},
				"east": {"uv": [16, 0, 9.3125, 16], "texture": "#0"},
				"south": {"uv": [16, 0, 9.3125, 16], "texture": "#0"},
				"west": {"uv": [16, 0, 9.3125, 16], "texture": "#0"},
				"up": {"uv": [16, 0, 9.3125, 16], "texture": "#0"},
				"down": {"uv": [16, 0, 9.3125, 16], "texture": "#0"}
			}
		},
		{
			"name": "hexadecagon",
			"from": [7.0814, 7.736, 3.38008],
			"to": [8.91934, 8.231, 4.04008],
			"rotation": {"angle": 22.5, "axis": "y", "origin": [8, 8, 8]},
			"faces": {
				"north": {"uv": [16, 0, 9.3125, 16], "texture": "#0"},
				"east": {"uv": [16, 0, 9.3125, 16], "texture": "#0"},
				"south": {"uv": [16, 0, 9.3125, 16], "texture": "#0"},
				"west": {"uv": [16, 0, 9.3125, 16], "texture": "#0"},
				"up": {"uv": [16, 0, 9.3125, 16], "texture": "#0"},
				"down": {"uv": [16, 0, 9.3125, 16], "texture": "#0"}
			}
		},
		{
			"name": "hexadecagon",
			"from": [7.08102, 7.736, 3.38],
			"to": [8.91898, 8.231, 4.04],
			"faces": {
				"north": {"uv": [16, 0, 9.3125, 16], "texture": "#0"},
				"east": {"uv": [16, 0, 9.3125, 16], "texture": "#0"},
				"south": {"uv": [16, 0, 9.3125, 16], "texture": "#0"},
				"west": {"uv": [16, 0, 9.3125, 16], "texture": "#0"},
				"up": {"uv": [16, 0, 9.3125, 16], "texture": "#0"},
				"down": {"uv": [16, 0, 9.3125, 16], "texture": "#0"}
			}
		},
		{
			"name": "hexadecagon",
			"from": [7.08066, 7.736, 3.38008],
			"to": [8.9186, 8.231, 4.04008],
			"rotation": {"angle": -22.5, "axis": "y", "origin": [8, 8, 8]},
			"faces": {
				"north": {"uv": [16, 0, 9.3125, 16], "texture": "#0"},
				"east": {"uv": [16, 0, 9.3125, 16], "texture": "#0"},
				"south": {"uv": [16, 0, 9.3125, 16], "texture": "#0"},
				"west": {"uv": [16, 0, 9.3125, 16], "texture": "#0"},
				"up": {"uv": [16, 0, 9.3125, 16], "texture": "#0"},
				"down": {"uv": [16, 0, 9.3125, 16], "texture": "#0"}
			}
		},
		{
			"name": "hexadecagon",
			"from": [11.96068, 7.736, 7.0813],
			"to": [12.62068, 8.231, 8.91926],
			"rotation": {"angle": 45, "axis": "y", "origin": [8, 8, 8]},
			"faces": {
				"north": {"uv": [16, 0, 9.3125, 16], "texture": "#0"},
				"east": {"uv": [16, 0, 9.3125, 16], "texture": "#0"},
				"south": {"uv": [16, 0, 9.3125, 16], "texture": "#0"},
				"west": {"uv": [16, 0, 9.3125, 16], "texture": "#0"},
				"up": {"uv": [16, 0, 9.3125, 16], "rotation": 90, "texture": "#0"},
				"down": {"uv": [16, 0, 9.3125, 16], "rotation": 270, "texture": "#0"}
			}
		},
		{
			"name": "hexadecagon",
			"from": [3.38038, 7.736, 7.0811],
			"to": [4.04038, 8.231, 8.91906],
			"rotation": {"angle": 22.5, "axis": "y", "origin": [8, 8, 8]},
			"faces": {
				"north": {"uv": [16, 0, 9.3125, 16], "texture": "#0"},
				"east": {"uv": [16, 0, 9.3125, 16], "texture": "#0"},
				"south": {"uv": [16, 0, 9.3125, 16], "texture": "#0"},
				"west": {"uv": [16, 0, 9.3125, 16], "texture": "#0"},
				"up": {"uv": [16, 0, 9.3125, 16], "texture": "#0"},
				"down": {"uv": [16, 0, 9.3125, 16], "texture": "#0"}
			}
		},
		{
			"name": "hexadecagon",
			"from": [3.38, 7.736, 7.08102],
			"to": [4.04, 8.231, 8.91898],
			"faces": {
				"north": {"uv": [16, 0, 9.3125, 16], "texture": "#0"},
				"east": {"uv": [16, 0, 9.3125, 16], "texture": "#0"},
				"south": {"uv": [16, 0, 9.3125, 16], "texture": "#0"},
				"west": {"uv": [16, 0, 9.3125, 16], "texture": "#0"},
				"up": {"uv": [16, 0, 9.3125, 16], "texture": "#0"},
				"down": {"uv": [16, 0, 9.3125, 16], "texture": "#0"}
			}
		},
		{
			"name": "hexadecagon",
			"from": [3.37962, 7.736, 7.0811],
			"to": [4.03962, 8.231, 8.91906],
			"rotation": {"angle": -22.5, "axis": "y", "origin": [8, 8, 8]},
			"faces": {
				"north": {"uv": [16, 0, 9.3125, 16], "texture": "#0"},
				"east": {"uv": [16, 0, 9.3125, 16], "texture": "#0"},
				"south": {"uv": [16, 0, 9.3125, 16], "texture": "#0"},
				"west": {"uv": [16, 0, 9.3125, 16], "texture": "#0"},
				"up": {"uv": [16, 0, 9.3125, 16], "texture": "#0"},
				"down": {"uv": [16, 0, 9.3125, 16], "texture": "#0"}
			}
		},
		{
			"name": "hexadecagon",
			"from": [11.96038, 7.736, 7.0811],
			"to": [12.62038, 8.231, 8.91906],
			"rotation": {"angle": 22.5, "axis": "y", "origin": [8, 8, 8]},
			"faces": {
				"north": {"uv": [16, 0, 9.3125, 16], "texture": "#0"},
				"east": {"uv": [16, 0, 9.3125, 16], "texture": "#0"},
				"south": {"uv": [16, 0, 9.3125, 16], "texture": "#0"},
				"west": {"uv": [16, 0, 9.3125, 16], "texture": "#0"},
				"up": {"uv": [16, 0, 9.3125, 16], "texture": "#0"},
				"down": {"uv": [16, 0, 9.3125, 16], "texture": "#0"}
			}
		},
		{
			"name": "hexadecagon",
			"from": [11.96, 7.736, 7.08102],
			"to": [12.62, 8.231, 8.91898],
			"faces": {
				"north": {"uv": [16, 0, 9.3125, 16], "texture": "#0"},
				"east": {"uv": [16, 0, 9.3125, 16], "texture": "#0"},
				"south": {"uv": [16, 0, 9.3125, 16], "texture": "#0"},
				"west": {"uv": [16, 0, 9.3125, 16], "texture": "#0"},
				"up": {"uv": [16, 0, 9.3125, 16], "texture": "#0"},
				"down": {"uv": [16, 0, 9.3125, 16], "texture": "#0"}
			}
		},
		{
			"name": "hexadecagon",
			"from": [11.95962, 7.736, 7.0811],
			"to": [12.61962, 8.231, 8.91906],
			"rotation": {"angle": -22.5, "axis": "y", "origin": [8, 8, 8]},
			"faces": {
				"north": {"uv": [16, 0, 9.3125, 16], "texture": "#0"},
				"east": {"uv": [16, 0, 9.3125, 16], "texture": "#0"},
				"south": {"uv": [16, 0, 9.3125, 16], "texture": "#0"},
				"west": {"uv": [16, 0, 9.3125, 16], "texture": "#0"},
				"up": {"uv": [16, 0, 9.3125, 16], "texture": "#0"},
				"down": {"uv": [16, 0, 9.3125, 16], "texture": "#0"}
			}
		},
		{
			"name": "hexadecagon",
			"from": [7.213, 7.505, 10.64028],
			"to": [8.78838, 8.462, 11.96028],
			"rotation": {"angle": 45, "axis": "y", "origin": [8, 8, 8]},
			"faces": {
				"north": {"uv": [16, 0, 9.3125, 16], "texture": "#0"},
				"east": {"uv": [16, 0, 9.3125, 16], "texture": "#0"},
				"south": {"uv": [16, 0, 9.3125, 16], "texture": "#0"},
				"west": {"uv": [16, 0, 9.3125, 16], "texture": "#0"},
				"up": {"uv": [16, 0, 9.3125, 16], "texture": "#0"},
				"down": {"uv": [16, 0, 9.3125, 16], "texture": "#0"}
			}
		},
		{
			"name": "hexadecagon",
			"from": [7.21268, 7.505, 10.64008],
			"to": [8.78806, 8.462, 11.96008],
			"rotation": {"angle": 22.5, "axis": "y", "origin": [8, 8, 8]},
			"faces": {
				"north": {"uv": [16, 0, 9.3125, 16], "texture": "#0"},
				"east": {"uv": [16, 0, 9.3125, 16], "texture": "#0"},
				"south": {"uv": [16, 0, 9.3125, 16], "texture": "#0"},
				"west": {"uv": [16, 0, 9.3125, 16], "texture": "#0"},
				"up": {"uv": [16, 0, 9.3125, 16], "texture": "#0"},
				"down": {"uv": [16, 0, 9.3125, 16], "texture": "#0"}
			}
		},
		{
			"name": "hexadecagon",
			"from": [7.2123, 7.505, 10.64],
			"to": [8.7877, 8.462, 11.96],
			"faces": {
				"north": {"uv": [16, 0, 9.3125, 16], "texture": "#0"},
				"east": {"uv": [16, 0, 9.3125, 16], "texture": "#0"},
				"south": {"uv": [16, 0, 9.3125, 16], "texture": "#0"},
				"west": {"uv": [16, 0, 9.3125, 16], "texture": "#0"},
				"up": {"uv": [16, 0, 9.3125, 16], "texture": "#0"},
				"down": {"uv": [16, 0, 9.3125, 16], "texture": "#0"}
			}
		},
		{
			"name": "hexadecagon",
			"from": [7.21194, 7.505, 10.64008],
			"to": [8.78732, 8.462, 11.96008],
			"rotation": {"angle": -22.5, "axis": "y", "origin": [8, 8, 8]},
			"faces": {
				"north": {"uv": [16, 0, 9.3125, 16], "texture": "#0"},
				"east": {"uv": [16, 0, 9.3125, 16], "texture": "#0"},
				"south": {"uv": [16, 0, 9.3125, 16], "texture": "#0"},
				"west": {"uv": [16, 0, 9.3125, 16], "texture": "#0"},
				"up": {"uv": [16, 0, 9.3125, 16], "texture": "#0"},
				"down": {"uv": [16, 0, 9.3125, 16], "texture": "#0"}
			}
		},
		{
			"name": "hexadecagon",
			"from": [4.04068, 7.505, 7.2126],
			"to": [5.36068, 8.462, 8.78798],
			"rotation": {"angle": 45, "axis": "y", "origin": [8, 8, 8]},
			"faces": {
				"north": {"uv": [16, 0, 9.3125, 16], "texture": "#0"},
				"east": {"uv": [16, 0, 9.3125, 16], "texture": "#0"},
				"south": {"uv": [16, 0, 9.3125, 16], "texture": "#0"},
				"west": {"uv": [16, 0, 9.3125, 16], "texture": "#0"},
				"up": {"uv": [16, 0, 9.3125, 16], "rotation": 90, "texture": "#0"},
				"down": {"uv": [16, 0, 9.3125, 16], "rotation": 270, "texture": "#0"}
			}
		},
		{
			"name": "hexadecagon",
			"from": [7.213, 7.505, 4.04028],
			"to": [8.78838, 8.462, 5.36028],
			"rotation": {"angle": 45, "axis": "y", "origin": [8, 8, 8]},
			"faces": {
				"north": {"uv": [16, 0, 9.3125, 16], "texture": "#0"},
				"east": {"uv": [16, 0, 9.3125, 16], "texture": "#0"},
				"south": {"uv": [16, 0, 9.3125, 16], "texture": "#0"},
				"west": {"uv": [16, 0, 9.3125, 16], "texture": "#0"},
				"up": {"uv": [16, 0, 9.3125, 16], "texture": "#0"},
				"down": {"uv": [16, 0, 9.3125, 16], "texture": "#0"}
			}
		},
		{
			"name": "hexadecagon",
			"from": [7.21268, 7.505, 4.04008],
			"to": [8.78806, 8.462, 5.36008],
			"rotation": {"angle": 22.5, "axis": "y", "origin": [8, 8, 8]},
			"faces": {
				"north": {"uv": [16, 0, 9.3125, 16], "texture": "#0"},
				"east": {"uv": [16, 0, 9.3125, 16], "texture": "#0"},
				"south": {"uv": [16, 0, 9.3125, 16], "texture": "#0"},
				"west": {"uv": [16, 0, 9.3125, 16], "texture": "#0"},
				"up": {"uv": [16, 0, 9.3125, 16], "texture": "#0"},
				"down": {"uv": [16, 0, 9.3125, 16], "texture": "#0"}
			}
		},
		{
			"name": "hexadecagon",
			"from": [7.2123, 7.505, 4.04],
			"to": [8.7877, 8.462, 5.36],
			"faces": {
				"north": {"uv": [16, 0, 9.3125, 16], "texture": "#0"},
				"east": {"uv": [16, 0, 9.3125, 16], "texture": "#0"},
				"south": {"uv": [16, 0, 9.3125, 16], "texture": "#0"},
				"west": {"uv": [16, 0, 9.3125, 16], "texture": "#0"},
				"up": {"uv": [16, 0, 9.3125, 16], "texture": "#0"},
				"down": {"uv": [16, 0, 9.3125, 16], "texture": "#0"}
			}
		},
		{
			"name": "hexadecagon",
			"from": [7.21194, 7.505, 4.04008],
			"to": [8.78732, 8.462, 5.36008],
			"rotation": {"angle": -22.5, "axis": "y", "origin": [8, 8, 8]},
			"faces": {
				"north": {"uv": [16, 0, 9.3125, 16], "texture": "#0"},
				"east": {"uv": [16, 0, 9.3125, 16], "texture": "#0"},
				"south": {"uv": [16, 0, 9.3125, 16], "texture": "#0"},
				"west": {"uv": [16, 0, 9.3125, 16], "texture": "#0"},
				"up": {"uv": [16, 0, 9.3125, 16], "texture": "#0"},
				"down": {"uv": [16, 0, 9.3125, 16], "texture": "#0"}
			}
		},
		{
			"name": "hexadecagon",
			"from": [10.64068, 7.505, 7.2126],
			"to": [11.96068, 8.462, 8.78798],
			"rotation": {"angle": 45, "axis": "y", "origin": [8, 8, 8]},
			"faces": {
				"north": {"uv": [16, 0, 9.3125, 16], "texture": "#0"},
				"east": {"uv": [16, 0, 9.3125, 16], "texture": "#0"},
				"south": {"uv": [16, 0, 9.3125, 16], "texture": "#0"},
				"west": {"uv": [16, 0, 9.3125, 16], "texture": "#0"},
				"up": {"uv": [16, 0, 9.3125, 16], "rotation": 90, "texture": "#0"},
				"down": {"uv": [16, 0, 9.3125, 16], "rotation": 270, "texture": "#0"}
			}
		},
		{
			"name": "hexadecagon",
			"from": [4.04038, 7.505, 7.21238],
			"to": [5.36038, 8.462, 8.78776],
			"rotation": {"angle": 22.5, "axis": "y", "origin": [8, 8, 8]},
			"faces": {
				"north": {"uv": [16, 0, 9.3125, 16], "texture": "#0"},
				"east": {"uv": [16, 0, 9.3125, 16], "texture": "#0"},
				"south": {"uv": [16, 0, 9.3125, 16], "texture": "#0"},
				"west": {"uv": [16, 0, 9.3125, 16], "texture": "#0"},
				"up": {"uv": [16, 0, 9.3125, 16], "texture": "#0"},
				"down": {"uv": [16, 0, 9.3125, 16], "texture": "#0"}
			}
		},
		{
			"name": "hexadecagon",
			"from": [4.04, 7.505, 7.2123],
			"to": [5.36, 8.462, 8.7877],
			"faces": {
				"north": {"uv": [16, 0, 9.3125, 16], "texture": "#0"},
				"east": {"uv": [16, 0, 9.3125, 16], "texture": "#0"},
				"south": {"uv": [16, 0, 9.3125, 16], "texture": "#0"},
				"west": {"uv": [16, 0, 9.3125, 16], "texture": "#0"},
				"up": {"uv": [16, 0, 9.3125, 16], "texture": "#0"},
				"down": {"uv": [16, 0, 9.3125, 16], "texture": "#0"}
			}
		},
		{
			"name": "hexadecagon",
			"from": [4.03962, 7.505, 7.21238],
			"to": [5.35962, 8.462, 8.78776],
			"rotation": {"angle": -22.5, "axis": "y", "origin": [8, 8, 8]},
			"faces": {
				"north": {"uv": [16, 0, 9.3125, 16], "texture": "#0"},
				"east": {"uv": [16, 0, 9.3125, 16], "texture": "#0"},
				"south": {"uv": [16, 0, 9.3125, 16], "texture": "#0"},
				"west": {"uv": [16, 0, 9.3125, 16], "texture": "#0"},
				"up": {"uv": [16, 0, 9.3125, 16], "texture": "#0"},
				"down": {"uv": [16, 0, 9.3125, 16], "texture": "#0"}
			}
		},
		{
			"name": "hexadecagon",
			"from": [10.64038, 7.505, 7.21238],
			"to": [11.96038, 8.462, 8.78776],
			"rotation": {"angle": 22.5, "axis": "y", "origin": [8, 8, 8]},
			"faces": {
				"north": {"uv": [16, 0, 9.3125, 16], "texture": "#0"},
				"east": {"uv": [16, 0, 9.3125, 16], "texture": "#0"},
				"south": {"uv": [16, 0, 9.3125, 16], "texture": "#0"},
				"west": {"uv": [16, 0, 9.3125, 16], "texture": "#0"},
				"up": {"uv": [16, 0, 9.3125, 16], "texture": "#0"},
				"down": {"uv": [16, 0, 9.3125, 16], "texture": "#0"}
			}
		},
		{
			"name": "hexadecagon",
			"from": [10.64, 7.505, 7.2123],
			"to": [11.96, 8.462, 8.7877],
			"faces": {
				"north": {"uv": [16, 0, 9.3125, 16], "texture": "#0"},
				"east": {"uv": [16, 0, 9.3125, 16], "texture": "#0"},
				"south": {"uv": [16, 0, 9.3125, 16], "texture": "#0"},
				"west": {"uv": [16, 0, 9.3125, 16], "texture": "#0"},
				"up": {"uv": [16, 0, 9.3125, 16], "texture": "#0"},
				"down": {"uv": [16, 0, 9.3125, 16], "texture": "#0"}
			}
		},
		{
			"name": "hexadecagon",
			"from": [10.63962, 7.505, 7.21238],
			"to": [11.95962, 8.462, 8.78776],
			"rotation": {"angle": -22.5, "axis": "y", "origin": [8, 8, 8]},
			"faces": {
				"north": {"uv": [16, 0, 9.3125, 16], "texture": "#0"},
				"east": {"uv": [16, 0, 9.3125, 16], "texture": "#0"},
				"south": {"uv": [16, 0, 9.3125, 16], "texture": "#0"},
				"west": {"uv": [16, 0, 9.3125, 16], "texture": "#0"},
				"up": {"uv": [16, 0, 9.3125, 16], "texture": "#0"},
				"down": {"uv": [16, 0, 9.3125, 16], "texture": "#0"}
			}
		},
		{
			"name": "hexadecagon",
			"from": [7.47556, 7.736, 9.98028],
			"to": [8.52582, 8.231, 10.64028],
			"rotation": {"angle": 45, "axis": "y", "origin": [8, 8, 8]},
			"faces": {
				"north": {"uv": [12.01563, 16, 16, 0], "texture": "#0"},
				"east": {"uv": [12.01563, 16, 16, 0], "texture": "#0"},
				"south": {"uv": [12.01563, 16, 16, 0], "texture": "#0"},
				"west": {"uv": [12.01563, 16, 16, 0], "texture": "#0"},
				"up": {"uv": [12.01563, 16, 16, 0], "texture": "#0"},
				"down": {"uv": [12.01563, 16, 16, 0], "texture": "#0"}
			}
		},
		{
			"name": "hexadecagon",
			"from": [7.47524, 7.736, 9.98008],
			"to": [8.5255, 8.231, 10.64008],
			"rotation": {"angle": 22.5, "axis": "y", "origin": [8, 8, 8]},
			"faces": {
				"north": {"uv": [12.01563, 16, 16, 0], "texture": "#0"},
				"east": {"uv": [12.01563, 16, 16, 0], "texture": "#0"},
				"south": {"uv": [12.01563, 16, 16, 0], "texture": "#0"},
				"west": {"uv": [12.01563, 16, 16, 0], "texture": "#0"},
				"up": {"uv": [12.01563, 16, 16, 0], "texture": "#0"},
				"down": {"uv": [12.01563, 16, 16, 0], "texture": "#0"}
			}
		},
		{
			"name": "hexadecagon",
			"from": [7.47488, 7.736, 9.98],
			"to": [8.52512, 8.231, 10.64],
			"faces": {
				"north": {"uv": [12.01563, 16, 16, 0], "texture": "#0"},
				"east": {"uv": [12.01563, 16, 16, 0], "texture": "#0"},
				"south": {"uv": [12.01563, 16, 16, 0], "texture": "#0"},
				"west": {"uv": [12.01563, 16, 16, 0], "texture": "#0"},
				"up": {"uv": [12.01563, 16, 16, 0], "texture": "#0"},
				"down": {"uv": [12.01563, 16, 16, 0], "texture": "#0"}
			}
		},
		{
			"name": "hexadecagon",
			"from": [7.4745, 7.736, 9.98008],
			"to": [8.52476, 8.231, 10.64008],
			"rotation": {"angle": -22.5, "axis": "y", "origin": [8, 8, 8]},
			"faces": {
				"north": {"uv": [12.01563, 16, 16, 0], "texture": "#0"},
				"east": {"uv": [12.01563, 16, 16, 0], "texture": "#0"},
				"south": {"uv": [12.01563, 16, 16, 0], "texture": "#0"},
				"west": {"uv": [12.01563, 16, 16, 0], "texture": "#0"},
				"up": {"uv": [12.01563, 16, 16, 0], "texture": "#0"},
				"down": {"uv": [12.01563, 16, 16, 0], "texture": "#0"}
			}
		},
		{
			"name": "hexadecagon",
			"from": [5.36068, 7.736, 7.47516],
			"to": [6.02068, 8.231, 8.52542],
			"rotation": {"angle": 45, "axis": "y", "origin": [8, 8, 8]},
			"faces": {
				"north": {"uv": [12.01563, 16, 16, 0], "texture": "#0"},
				"east": {"uv": [12.01563, 16, 16, 0], "texture": "#0"},
				"south": {"uv": [12.01563, 16, 16, 0], "texture": "#0"},
				"west": {"uv": [12.01563, 16, 16, 0], "texture": "#0"},
				"up": {"uv": [12.01563, 16, 16, 0], "rotation": 90, "texture": "#0"},
				"down": {"uv": [12.01563, 16, 16, 0], "rotation": 270, "texture": "#0"}
			}
		},
		{
			"name": "hexadecagon",
			"from": [7.47556, 7.736, 5.36028],
			"to": [8.52582, 8.231, 6.02028],
			"rotation": {"angle": 45, "axis": "y", "origin": [8, 8, 8]},
			"faces": {
				"north": {"uv": [12.01563, 16, 16, 0], "texture": "#0"},
				"east": {"uv": [12.01563, 16, 16, 0], "texture": "#0"},
				"south": {"uv": [12.01563, 16, 16, 0], "texture": "#0"},
				"west": {"uv": [12.01563, 16, 16, 0], "texture": "#0"},
				"up": {"uv": [12.01563, 16, 16, 0], "texture": "#0"},
				"down": {"uv": [12.01563, 16, 16, 0], "texture": "#0"}
			}
		},
		{
			"name": "hexadecagon",
			"from": [7.47524, 7.736, 5.36008],
			"to": [8.3605, 8.231, 6.02008],
			"rotation": {"angle": 22.5, "axis": "y", "origin": [8, 8, 8]},
			"faces": {
				"north": {"uv": [12.01563, 16, 16, 0], "texture": "#0"},
				"east": {"uv": [12.01563, 16, 16, 0], "texture": "#0"},
				"south": {"uv": [12.01563, 16, 16, 0], "texture": "#0"},
				"west": {"uv": [12.01563, 16, 16, 0], "texture": "#0"},
				"up": {"uv": [12.01563, 16, 16, 0], "texture": "#0"},
				"down": {"uv": [12.01563, 16, 16, 0], "texture": "#0"}
			}
		},
		{
			"name": "hexadecagon",
			"from": [7.14488, 7.802, 5.36],
			"to": [8.85512, 8.165, 5.987],
			"faces": {
				"north": {"uv": [12.01563, 16, 16, 0], "texture": "#0"},
				"east": {"uv": [12.01563, 16, 16, 0], "texture": "#0"},
				"south": {"uv": [12.01563, 16, 16, 0], "texture": "#0"},
				"west": {"uv": [12.01563, 16, 16, 0], "texture": "#0"},
				"up": {"uv": [12.01563, 16, 16, 0], "texture": "#0"},
				"down": {"uv": [12.01563, 16, 16, 0], "texture": "#0"}
			}
		},
		{
			"name": "hexadecagon",
			"from": [7.6395, 7.736, 5.36008],
			"to": [8.52476, 8.231, 6.02008],
			"rotation": {"angle": -22.5, "axis": "y", "origin": [8, 8, 8]},
			"faces": {
				"north": {"uv": [12.01563, 16, 16, 0], "texture": "#0"},
				"east": {"uv": [12.01563, 16, 16, 0], "texture": "#0"},
				"south": {"uv": [12.01563, 16, 16, 0], "texture": "#0"},
				"west": {"uv": [12.01563, 16, 16, 0], "texture": "#0"},
				"up": {"uv": [12.01563, 16, 16, 0], "texture": "#0"},
				"down": {"uv": [12.01563, 16, 16, 0], "texture": "#0"}
			}
		},
		{
			"name": "hexadecagon",
			"from": [9.98068, 7.736, 7.47516],
			"to": [10.64068, 8.231, 8.52542],
			"rotation": {"angle": 45, "axis": "y", "origin": [8, 8, 8]},
			"faces": {
				"north": {"uv": [12.01563, 16, 16, 0], "texture": "#0"},
				"east": {"uv": [12.01563, 16, 16, 0], "texture": "#0"},
				"south": {"uv": [12.01563, 16, 16, 0], "texture": "#0"},
				"west": {"uv": [12.01563, 16, 16, 0], "texture": "#0"},
				"up": {"uv": [12.01563, 16, 16, 0], "rotation": 90, "texture": "#0"},
				"down": {"uv": [12.01563, 16, 16, 0], "rotation": 270, "texture": "#0"}
			}
		},
		{
			"name": "hexadecagon",
			"from": [5.36038, 7.736, 7.47494],
			"to": [6.02038, 8.231, 8.5252],
			"rotation": {"angle": 22.5, "axis": "y", "origin": [8, 8, 8]},
			"faces": {
				"north": {"uv": [12.01563, 16, 16, 0], "texture": "#0"},
				"east": {"uv": [12.01563, 16, 16, 0], "texture": "#0"},
				"south": {"uv": [12.01563, 16, 16, 0], "texture": "#0"},
				"west": {"uv": [12.01563, 16, 16, 0], "texture": "#0"},
				"up": {"uv": [12.01563, 16, 16, 0], "texture": "#0"},
				"down": {"uv": [12.01563, 16, 16, 0], "texture": "#0"}
			}
		},
		{
			"name": "hexadecagon",
			"from": [5.36, 7.736, 7.47488],
			"to": [6.02, 8.231, 8.52512],
			"faces": {
				"north": {"uv": [12.01563, 16, 16, 0], "texture": "#0"},
				"east": {"uv": [12.01563, 16, 16, 0], "texture": "#0"},
				"south": {"uv": [12.01563, 16, 16, 0], "texture": "#0"},
				"west": {"uv": [12.01563, 16, 16, 0], "texture": "#0"},
				"up": {"uv": [12.01563, 16, 16, 0], "texture": "#0"},
				"down": {"uv": [12.01563, 16, 16, 0], "texture": "#0"}
			}
		},
		{
			"name": "hexadecagon",
			"from": [5.35962, 7.736, 7.47494],
			"to": [6.01962, 8.231, 8.5252],
			"rotation": {"angle": -22.5, "axis": "y", "origin": [8, 8, 8]},
			"faces": {
				"north": {"uv": [12.01563, 16, 16, 0], "texture": "#0"},
				"east": {"uv": [12.01563, 16, 16, 0], "texture": "#0"},
				"south": {"uv": [12.01563, 16, 16, 0], "texture": "#0"},
				"west": {"uv": [12.01563, 16, 16, 0], "texture": "#0"},
				"up": {"uv": [12.01563, 16, 16, 0], "texture": "#0"},
				"down": {"uv": [12.01563, 16, 16, 0], "texture": "#0"}
			}
		},
		{
			"name": "hexadecagon",
			"from": [9.98038, 7.736, 7.47494],
			"to": [10.64038, 8.231, 8.5252],
			"rotation": {"angle": 22.5, "axis": "y", "origin": [8, 8, 8]},
			"faces": {
				"north": {"uv": [12.01563, 16, 16, 0], "texture": "#0"},
				"east": {"uv": [12.01563, 16, 16, 0], "texture": "#0"},
				"south": {"uv": [12.01563, 16, 16, 0], "texture": "#0"},
				"west": {"uv": [12.01563, 16, 16, 0], "texture": "#0"},
				"up": {"uv": [12.01563, 16, 16, 0], "texture": "#0"},
				"down": {"uv": [12.01563, 16, 16, 0], "texture": "#0"}
			}
		},
		{
			"name": "hexadecagon",
			"from": [9.98, 7.736, 7.47488],
			"to": [10.64, 8.231, 8.52512],
			"faces": {
				"north": {"uv": [12.01563, 16, 16, 0], "texture": "#0"},
				"east": {"uv": [12.01563, 16, 16, 0], "texture": "#0"},
				"south": {"uv": [12.01563, 16, 16, 0], "texture": "#0"},
				"west": {"uv": [12.01563, 16, 16, 0], "texture": "#0"},
				"up": {"uv": [12.01563, 16, 16, 0], "texture": "#0"},
				"down": {"uv": [12.01563, 16, 16, 0], "texture": "#0"}
			}
		},
		{
			"name": "hexadecagon",
			"from": [9.97962, 7.736, 7.47494],
			"to": [10.63962, 8.231, 8.5252],
			"rotation": {"angle": -22.5, "axis": "y", "origin": [8, 8, 8]},
			"faces": {
				"north": {"uv": [12.01563, 16, 16, 0], "texture": "#0"},
				"east": {"uv": [12.01563, 16, 16, 0], "texture": "#0"},
				"south": {"uv": [12.01563, 16, 16, 0], "texture": "#0"},
				"west": {"uv": [12.01563, 16, 16, 0], "texture": "#0"},
				"up": {"uv": [12.01563, 16, 16, 0], "texture": "#0"},
				"down": {"uv": [12.01563, 16, 16, 0], "texture": "#0"}
			}
		},
		{
			"name": "hexadecagon",
			"from": [7.3739, 7.472, 10.98256],
			"to": [8.68672, 8.495, 11.31256],
			"rotation": {"angle": 45, "axis": "y", "origin": [8, 8, 8]},
			"faces": {
				"north": {"uv": [0.5, 0, 0, 0.5], "texture": "#1"},
				"east": {"uv": [0.5, 0, 0, 0.5], "texture": "#1"},
				"south": {"uv": [0.5, 0, 0, 0.5], "texture": "#1"},
				"west": {"uv": [0.5, 0, 0, 0.5], "texture": "#1"},
				"up": {"uv": [12, 16, 16, 0], "texture": "#1"},
				"down": {"uv": [0, 0.5, 0.5, 0], "texture": "#1"}
			}
		},
		{
			"name": "hexadecagon",
			"from": [7.36, 7.472, 10.97326],
			"to": [8.67282, 8.495, 11.30326],
			"rotation": {"angle": 22.5, "axis": "y", "origin": [8, 8, 8]},
			"faces": {
				"north": {"uv": [0.5, 0, 0, 0.5], "texture": "#1"},
				"east": {"uv": [0.5, 0, 0, 0.5], "texture": "#1"},
				"south": {"uv": [0.5, 0, 0, 0.5], "texture": "#1"},
				"west": {"uv": [0.5, 0, 0, 0.5], "texture": "#1"},
				"up": {"uv": [12, 16, 16, 0], "texture": "#1"},
				"down": {"uv": [0, 0.5, 0.5, 0], "texture": "#1"}
			}
		},
		{
			"name": "hexadecagon",
			"from": [7.3436, 7.472, 10.97],
			"to": [8.6564, 8.495, 11.3],
			"faces": {
				"north": {"uv": [0.5, 0, 0, 0.5], "texture": "#1"},
				"east": {"uv": [0.5, 0, 0, 0.5], "texture": "#1"},
				"south": {"uv": [0.5, 0, 0, 0.5], "texture": "#1"},
				"west": {"uv": [0.5, 0, 0, 0.5], "texture": "#1"},
				"up": {"uv": [12, 16, 16, 0], "texture": "#1"},
				"down": {"uv": [0, 0.5, 0.5, 0], "texture": "#1"}
			}
		},
		{
			"name": "hexadecagon",
			"from": [7.32718, 7.472, 10.97326],
			"to": [8.64, 8.495, 11.30326],
			"rotation": {"angle": -22.5, "axis": "y", "origin": [8, 8, 8]},
			"faces": {
				"north": {"uv": [0.5, 0, 0, 0.5], "texture": "#1"},
				"east": {"uv": [0.5, 0, 0, 0.5], "texture": "#1"},
				"south": {"uv": [0.5, 0, 0, 0.5], "texture": "#1"},
				"west": {"uv": [0.5, 0, 0, 0.5], "texture": "#1"},
				"up": {"uv": [12, 16, 16, 0], "texture": "#1"},
				"down": {"uv": [0, 0.5, 0.5, 0], "texture": "#1"}
			}
		},
		{
			"name": "hexadecagon",
			"from": [4.7303, 7.472, 7.35614],
			"to": [5.0603, 8.495, 8.66896],
			"rotation": {"angle": 45, "axis": "y", "origin": [8, 8, 8]},
			"faces": {
				"north": {"uv": [0.5, 0, 0, 0.5], "texture": "#1"},
				"east": {"uv": [0.5, 0, 0, 0.5], "texture": "#1"},
				"south": {"uv": [0.5, 0, 0, 0.5], "texture": "#1"},
				"west": {"uv": [0.5, 0, 0, 0.5], "texture": "#1"},
				"up": {"uv": [12, 16, 16, 0], "rotation": 90, "texture": "#1"},
				"down": {"uv": [0, 0.5, 0.5, 0], "rotation": 270, "texture": "#1"}
			}
		},
		{
			"name": "hexadecagon",
			"from": [7.3739, 7.472, 4.71256],
			"to": [8.68672, 8.495, 5.04256],
			"rotation": {"angle": 45, "axis": "y", "origin": [8, 8, 8]},
			"faces": {
				"north": {"uv": [0.5, 0, 0, 0.5], "texture": "#1"},
				"east": {"uv": [0.5, 0, 0, 0.5], "texture": "#1"},
				"south": {"uv": [0.5, 0, 0, 0.5], "texture": "#1"},
				"west": {"uv": [0.5, 0, 0, 0.5], "texture": "#1"},
				"up": {"uv": [12, 16, 16, 0], "texture": "#1"},
				"down": {"uv": [0, 0.5, 0.5, 0], "texture": "#1"}
			}
		},
		{
			"name": "hexadecagon",
			"from": [7.36, 7.472, 4.70326],
			"to": [8.34282, 8.495, 5.03326],
			"rotation": {"angle": 22.5, "axis": "y", "origin": [8, 8, 8]},
			"faces": {
				"north": {"uv": [0.5, 0, 0, 0.5], "texture": "#1"},
				"east": {"uv": [0.5, 0, 0, 0.5], "texture": "#1"},
				"south": {"uv": [0.5, 0, 0, 0.5], "texture": "#1"},
				"west": {"uv": [0.5, 0, 0, 0.5], "texture": "#1"},
				"up": {"uv": [12, 16, 16, 0], "texture": "#1"},
				"down": {"uv": [0, 0.5, 0.5, 0], "texture": "#1"}
			}
		},
		{
			"name": "hexadecagon",
			"from": [7.65718, 7.472, 4.70326],
			"to": [8.64, 8.495, 5.03326],
			"rotation": {"angle": -22.5, "axis": "y", "origin": [8, 8, 8]},
			"faces": {
				"north": {"uv": [0.5, 0, 0, 0.5], "texture": "#1"},
				"east": {"uv": [0.5, 0, 0, 0.5], "texture": "#1"},
				"south": {"uv": [0.5, 0, 0, 0.5], "texture": "#1"},
				"west": {"uv": [0.5, 0, 0, 0.5], "texture": "#1"},
				"up": {"uv": [12, 16, 16, 0], "texture": "#1"},
				"down": {"uv": [0, 0.5, 0.5, 0], "texture": "#1"}
			}
		},
		{
			"name": "hexadecagon",
			"from": [11.0003, 7.472, 7.35614],
			"to": [11.3303, 8.495, 8.66896],
			"rotation": {"angle": 45, "axis": "y", "origin": [8, 8, 8]},
			"faces": {
				"north": {"uv": [0.5, 0, 0, 0.5], "texture": "#1"},
				"east": {"uv": [0.5, 0, 0, 0.5], "texture": "#1"},
				"south": {"uv": [0.5, 0, 0, 0.5], "texture": "#1"},
				"west": {"uv": [0.5, 0, 0, 0.5], "texture": "#1"},
				"up": {"uv": [12, 16, 16, 0], "rotation": 90, "texture": "#1"},
				"down": {"uv": [0, 0.5, 0.5, 0], "rotation": 270, "texture": "#1"}
			}
		},
		{
			"name": "hexadecagon",
			"from": [4.7164, 7.472, 7.34686],
			"to": [5.0464, 8.495, 8.65968],
			"rotation": {"angle": 22.5, "axis": "y", "origin": [8, 8, 8]},
			"faces": {
				"north": {"uv": [0.5, 0, 0, 0.5], "texture": "#1"},
				"east": {"uv": [0.5, 0, 0, 0.5], "texture": "#1"},
				"south": {"uv": [0.5, 0, 0, 0.5], "texture": "#1"},
				"west": {"uv": [0.5, 0, 0, 0.5], "texture": "#1"},
				"up": {"uv": [12, 16, 16, 0], "texture": "#1"},
				"down": {"uv": [0, 0.5, 0.5, 0], "texture": "#1"}
			}
		},
		{
			"name": "hexadecagon",
			"from": [4.7, 7.472, 7.3436],
			"to": [5.03, 8.495, 8.6564],
			"faces": {
				"north": {"uv": [0.5, 0, 0, 0.5], "texture": "#1"},
				"east": {"uv": [0.5, 0, 0, 0.5], "texture": "#1"},
				"south": {"uv": [0.5, 0, 0, 0.5], "texture": "#1"},
				"west": {"uv": [0.5, 0, 0, 0.5], "texture": "#1"},
				"up": {"uv": [12, 16, 16, 0], "texture": "#1"},
				"down": {"uv": [0, 0.5, 0.5, 0], "texture": "#1"}
			}
		},
		{
			"name": "hexadecagon",
			"from": [4.6836, 7.472, 7.34686],
			"to": [5.0136, 8.495, 8.65968],
			"rotation": {"angle": -22.5, "axis": "y", "origin": [8, 8, 8]},
			"faces": {
				"north": {"uv": [0.5, 0, 0, 0.5], "texture": "#1"},
				"east": {"uv": [0.5, 0, 0, 0.5], "texture": "#1"},
				"south": {"uv": [0.5, 0, 0, 0.5], "texture": "#1"},
				"west": {"uv": [0.5, 0, 0, 0.5], "texture": "#1"},
				"up": {"uv": [12, 16, 16, 0], "texture": "#1"},
				"down": {"uv": [0, 0.5, 0.5, 0], "texture": "#1"}
			}
		},
		{
			"name": "hexadecagon",
			"from": [10.9864, 7.472, 7.34686],
			"to": [11.3164, 8.495, 8.65968],
			"rotation": {"angle": 22.5, "axis": "y", "origin": [8, 8, 8]},
			"faces": {
				"north": {"uv": [0.5, 0, 0, 0.5], "texture": "#1"},
				"east": {"uv": [0.5, 0, 0, 0.5], "texture": "#1"},
				"south": {"uv": [0.5, 0, 0, 0.5], "texture": "#1"},
				"west": {"uv": [0.5, 0, 0, 0.5], "texture": "#1"},
				"up": {"uv": [12, 16, 16, 0], "texture": "#1"},
				"down": {"uv": [0, 0.5, 0.5, 0], "texture": "#1"}
			}
		},
		{
			"name": "hexadecagon",
			"from": [10.97, 7.472, 7.3436],
			"to": [11.3, 8.495, 8.6564],
			"faces": {
				"north": {"uv": [0.5, 0, 0, 0.5], "texture": "#1"},
				"east": {"uv": [0.5, 0, 0, 0.5], "texture": "#1"},
				"south": {"uv": [0.5, 0, 0, 0.5], "texture": "#1"},
				"west": {"uv": [0.5, 0, 0, 0.5], "texture": "#1"},
				"up": {"uv": [12, 16, 16, 0], "texture": "#1"},
				"down": {"uv": [0, 0.5, 0.5, 0], "texture": "#1"}
			}
		},
		{
			"name": "hexadecagon",
			"from": [10.9536, 7.472, 7.34686],
			"to": [11.2836, 8.495, 8.65968],
			"rotation": {"angle": -22.5, "axis": "y", "origin": [8, 8, 8]},
			"faces": {
				"north": {"uv": [0.5, 0, 0, 0.5], "texture": "#1"},
				"east": {"uv": [0.5, 0, 0, 0.5], "texture": "#1"},
				"south": {"uv": [0.5, 0, 0, 0.5], "texture": "#1"},
				"west": {"uv": [0.5, 0, 0, 0.5], "texture": "#1"},
				"up": {"uv": [12, 16, 16, 0], "texture": "#1"},
				"down": {"uv": [0, 0.5, 0.5, 0], "texture": "#1"}
			}
		},
		{
			"from": [10.1725, 7.571, 7.8686],
			"to": [10.4035, 8.396, 8.12686],
			"rotation": {"angle": 45, "axis": "y", "origin": [8, 8, 8]},
			"faces": {
				"north": {"uv": [16, 0, 12.07813, 16], "texture": "#0"},
				"east": {"uv": [16, 0, 12.07813, 16], "texture": "#0"},
				"south": {"uv": [16, 0, 12.07813, 16], "texture": "#0"},
				"west": {"uv": [16, 0, 12.07813, 16], "texture": "#0"},
				"up": {"uv": [16, 0, 12.07813, 16], "rotation": 90, "texture": "#0"},
				"down": {"uv": [16, 0, 12.07813, 16], "rotation": 270, "texture": "#0"}
			}
		},
		{
			"from": [7.86538, 7.571, 5.58872],
			"to": [8.12362, 8.396, 5.81972],
			"rotation": {"angle": 45, "axis": "y", "origin": [8, 8, 8]},
			"faces": {
				"north": {"uv": [16, 0, 12.07813, 16], "texture": "#0"},
				"east": {"uv": [16, 0, 12.07813, 16], "texture": "#0"},
				"south": {"uv": [16, 0, 12.07813, 16], "texture": "#0"},
				"west": {"uv": [16, 0, 12.07813, 16], "texture": "#0"},
				"up": {"uv": [16, 0, 12.07813, 16], "texture": "#0"},
				"down": {"uv": [16, 0, 12.07813, 16], "texture": "#0"}
			}
		},
		{
			"from": [5.6185, 7.571, 7.8686],
			"to": [5.8495, 8.396, 8.12686],
			"rotation": {"angle": 45, "axis": "y", "origin": [8, 8, 8]},
			"faces": {
				"north": {"uv": [16, 0, 12.07813, 16], "texture": "#0"},
				"east": {"uv": [16, 0, 12.07813, 16], "texture": "#0"},
				"south": {"uv": [16, 0, 12.07813, 16], "texture": "#0"},
				"west": {"uv": [16, 0, 12.07813, 16], "texture": "#0"},
				"up": {"uv": [16, 0, 12.07813, 16], "rotation": 90, "texture": "#0"},
				"down": {"uv": [16, 0, 12.07813, 16], "rotation": 270, "texture": "#0"}
			}
		},
		{
			"from": [7.86538, 7.571, 10.14272],
			"to": [8.12362, 8.396, 10.37372],
			"rotation": {"angle": 45, "axis": "y", "origin": [8, 8, 8]},
			"faces": {
				"north": {"uv": [16, 0, 12.07813, 16], "texture": "#0"},
				"east": {"uv": [16, 0, 12.07813, 16], "texture": "#0"},
				"south": {"uv": [16, 0, 12.07813, 16], "texture": "#0"},
				"west": {"uv": [16, 0, 12.07813, 16], "texture": "#0"},
				"up": {"uv": [16, 0, 12.07813, 16], "texture": "#0"},
				"down": {"uv": [16, 0, 12.07813, 16], "texture": "#0"}
			}
		},
		{
			"from": [10.2385, 7.538, 7.9346],
			"to": [10.3375, 8.429, 8.06086],
			"rotation": {"angle": 45, "axis": "y", "origin": [8, 8, 8]},
			"faces": {
				"north": {"uv": [16, 0.0625, 12.25, 16], "texture": "#1"},
				"east": {"uv": [16, 0.0625, 12.25, 16], "texture": "#1"},
				"south": {"uv": [16, 0.0625, 12.25, 16], "texture": "#1"},
				"west": {"uv": [16, 0.0625, 12.25, 16], "texture": "#1"},
				"up": {"uv": [16, 0.0625, 12.25, 16], "rotation": 90, "texture": "#1"},
				"down": {"uv": [16, 0.0625, 12.25, 16], "rotation": 270, "texture": "#1"}
			}
		},
		{
			"from": [7.93138, 7.538, 5.65472],
			"to": [8.05762, 8.429, 5.75372],
			"rotation": {"angle": 45, "axis": "y", "origin": [8, 8, 8]},
			"faces": {
				"north": {"uv": [16, 0.0625, 12.25, 16], "texture": "#1"},
				"east": {"uv": [16, 0.0625, 12.25, 16], "texture": "#1"},
				"south": {"uv": [16, 0.0625, 12.25, 16], "texture": "#1"},
				"west": {"uv": [16, 0.0625, 12.25, 16], "texture": "#1"},
				"up": {"uv": [16, 0.0625, 12.25, 16], "texture": "#1"},
				"down": {"uv": [16, 0.0625, 12.25, 16], "texture": "#1"}
			}
		},
		{
			"from": [5.6845, 7.538, 7.9346],
			"to": [5.7835, 8.429, 8.06086],
			"rotation": {"angle": 45, "axis": "y", "origin": [8, 8, 8]},
			"faces": {
				"north": {"uv": [16, 0.0625, 12.25, 16], "texture": "#1"},
				"east": {"uv": [16, 0.0625, 12.25, 16], "texture": "#1"},
				"south": {"uv": [16, 0.0625, 12.25, 16], "texture": "#1"},
				"west": {"uv": [16, 0.0625, 12.25, 16], "texture": "#1"},
				"up": {"uv": [16, 0.0625, 12.25, 16], "rotation": 90, "texture": "#1"},
				"down": {"uv": [16, 0.0625, 12.25, 16], "rotation": 270, "texture": "#1"}
			}
		},
		{
			"from": [7.93138, 7.538, 10.20872],
			"to": [8.05762, 8.429, 10.30772],
			"rotation": {"angle": 45, "axis": "y", "origin": [8, 8, 8]},
			"faces": {
				"north": {"uv": [16, 0.0625, 12.25, 16], "texture": "#1"},
				"east": {"uv": [16, 0.0625, 12.25, 16], "texture": "#1"},
				"south": {"uv": [16, 0.0625, 12.25, 16], "texture": "#1"},
				"west": {"uv": [16, 0.0625, 12.25, 16], "texture": "#1"},
				"up": {"uv": [16, 0.0625, 12.25, 16], "texture": "#1"},
				"down": {"uv": [16, 0.0625, 12.25, 16], "texture": "#1"}
			}
		},
		{
			"name": "hexadecagon",
			"from": [5.76194, 7.703, 3.8189],
			"to": [5.98288, 8.264, 4.4459],
			"faces": {
				"north": {"uv": [9.92188, 0, 16, 15.98438], "texture": "#1"},
				"east": {"uv": [9.92188, 0, 16, 15.98438], "texture": "#1"},
				"south": {"uv": [9.92188, 0, 16, 15.98438], "texture": "#1"},
				"west": {"uv": [9.92188, 0, 16, 15.98438], "texture": "#1"},
				"up": {"uv": [9.92188, 0, 16, 15.98438], "texture": "#1"},
				"down": {"uv": [9.92188, 0, 16, 15.98438], "texture": "#1"}
			}
		},
		{
			"name": "hexadecagon",
			"from": [10.01712, 7.703, 3.8189],
			"to": [10.23806, 8.264, 4.4459],
			"faces": {
				"north": {"uv": [9.92188, 0, 16, 15.98438], "texture": "#1"},
				"east": {"uv": [9.92188, 0, 16, 15.98438], "texture": "#1"},
				"south": {"uv": [9.92188, 0, 16, 15.98438], "texture": "#1"},
				"west": {"uv": [9.92188, 0, 16, 15.98438], "texture": "#1"},
				"up": {"uv": [9.92188, 0, 16, 15.98438], "texture": "#1"},
				"down": {"uv": [9.92188, 0, 16, 15.98438], "texture": "#1"}
			}
		},
		{
			"name": "hexadecagon",
			"from": [10.01712, 7.703, 11.5541],
			"to": [10.23806, 8.264, 12.1811],
			"faces": {
				"north": {"uv": [9.92188, 0, 16, 15.98438], "texture": "#1"},
				"east": {"uv": [9.92188, 0, 16, 15.98438], "texture": "#1"},
				"south": {"uv": [9.92188, 0, 16, 15.98438], "texture": "#1"},
				"west": {"uv": [9.92188, 0, 16, 15.98438], "texture": "#1"},
				"up": {"uv": [9.92188, 0, 16, 15.98438], "texture": "#1"},
				"down": {"uv": [9.92188, 0, 16, 15.98438], "texture": "#1"}
			}
		},
		{
			"name": "hexadecagon",
			"from": [5.76194, 7.703, 11.5541],
			"to": [5.98288, 8.264, 12.1811],
			"faces": {
				"north": {"uv": [9.92188, 0, 16, 15.98438], "texture": "#1"},
				"east": {"uv": [9.92188, 0, 16, 15.98438], "texture": "#1"},
				"south": {"uv": [9.92188, 0, 16, 15.98438], "texture": "#1"},
				"west": {"uv": [9.92188, 0, 16, 15.98438], "texture": "#1"},
				"up": {"uv": [9.92188, 0, 16, 15.98438], "texture": "#1"},
				"down": {"uv": [9.92188, 0, 16, 15.98438], "texture": "#1"}
			}
		}
	],
	"display": {
		"thirdperson_righthand": {
			"rotation": [-180, 0, 90],
			"translation": [0, -2, -1.25],
			"scale": [0.56, 0.56, 0.56]
		},
		"thirdperson_lefthand": {
			"rotation": [-180, 0, 90],
			"translation": [0, -2, -1.25],
			"scale": [0.56, 0.56, 0.56]
		},
		"firstperson_righthand": {
			"rotation": [0, 0, -109],
			"translation": [0, 2.5, 0]
		},
		"firstperson_lefthand": {
			"rotation": [0, 0, -109],
			"translation": [0, 2.5, 0]
		},
		"ground": {
			"rotation": [90, 0, 0],
			"translation": [0, 1.25, 0],
			"scale": [0.56, 0.56, 0.56]
		},
		"gui": {
			"rotation": [90, 0, 0],
			"translation": [0, 1.75, 0]
		},
		"head": {
			"rotation": [90, 0, 0],
			"translation": [0, -11, 4.75],
			"scale": [1.5, 1.5, 1.5]
		},
		"fixed": {
			"rotation": [90, 0, 0],
			"translation": [0, 2, -0.75]
		}
	},
	"groups": [
		{
			"name": "Pack",
			"origin": [8, 8, 8],
			"children": [
				{
					"name": "Accent",
					"origin": [8, 8, 8],
					"children": [0, 1, 2, 3, 4, 5, 6, 7, 8, 9, 10, 11, 12, 13, 14, 15]
				},
				{
					"name": "Body",
					"origin": [8, 8, 8],
					"children": [16, 17, 18, 19, 20, 21, 22, 23, 24, 25, 26, 27, 28, 29, 30, 31]
				},
				{
					"name": "disc_back",
					"origin": [8, 8, 8],
					"children": [
						{
							"name": "hexadecagon",
							"origin": [8, 8, 8],
							"children": [32, 33, 34, 35, 36, 37, 38, 39, 40, 41, 42, 43, 44, 45, 46, 47]
						},
						{
							"name": "hexadecagon",
							"origin": [8, 8, 8],
							"children": [48, 49, 50, 51, 52, 53, 54, 55, 56, 57, 58, 59, 60, 61, 62, 63]
						},
						{
							"name": "hexadecagon",
							"origin": [8, 8, 8],
							"children": [64, 65, 66, 67, 68, 69, 70, 71, 72, 73, 74, 75, 76, 77, 78, 79]
						},
						{
							"name": "hexadecagon",
							"origin": [8, 8, 8],
							"children": [80, 81, 82, 83, 84, 85, 86, 87, 88, 89, 90, 91, 92, 93, 94]
						},
						{
							"name": "group",
							"origin": [8, 8.5, 8],
							"children": [
								{
									"name": "group",
									"origin": [8, 8.5, 8],
									"children": [95, 96, 97, 98]
								},
								{
									"name": "group",
									"origin": [8, 8.5, 8],
									"children": [99, 100, 101, 102]
								}
							]
						},
						{
							"name": "group",
							"origin": [8, 8.25, 8],
							"children": [103, 104, 105, 106]
						}
					]
				}
			]
		}
	]
}